mtllib material.mtl
usemtl white_high_gloss_plastic
v 0.02955800 0.00312200 0.02871400
v 0.02953000 0.00340400 0.02871400
v 0.02893900 0.00334200 0.02570200
v 0.02915600 0.00591900 0.02871400
v 0.02904300 0.00647300 0.02871400
v 0.02846300 0.00635000 0.02570200
v 0.02849000 0.00866500 0.02871400
v 0.02823900 0.00947500 0.02871400
v 0.02767400 0.00929200 0.02570200
v 0.02756500 0.01133600 0.02871400
v 0.02712500 0.01237700 0.02871400
v 0.02658300 0.01213500 0.02570200
v 0.02639200 0.01390600 0.02871400
v 0.02571400 0.01514600 0.02871400
v 0.02520000 0.01484900 0.02570200
v 0.02497900 0.01635300 0.02871400
v 0.02402200 0.01775300 0.02871400
v 0.02354100 0.01740400 0.02570200
v 0.02334000 0.01865500 0.02871400
v 0.02206600 0.02016800 0.02871400
v 0.02162500 0.01977100 0.02570200
v 0.02148900 0.02079000 0.02871400
v 0.01986800 0.02236600 0.02871400
v 0.01947100 0.02192500 0.02570200
v 0.01944400 0.02274000 0.02871400
v 0.01745300 0.02432200 0.02871400
v 0.01710400 0.02384100 0.02570200
v 0.01722300 0.02448700 0.02871400
v 0.01484600 0.02601400 0.02871400
v 0.01454900 0.02550000 0.02570200
v 0.01233500 0.02730900 0.02871400
v 0.01207700 0.02742500 0.02871400
v 0.01183500 0.02688300 0.02570200
v 0.00971100 0.02835900 0.02871400
v 0.00917500 0.02853900 0.02871400
v 0.00899200 0.02797400 0.02570200
v 0.00700000 0.02915500 0.02871400
v 0.00617300 0.02934300 0.02871400
v 0.00605000 0.02876300 0.02570200
v -0.00422600 0.02969000 0.02871400
v -0.00617300 0.02934300 0.02871400
v -0.00605000 0.02876300 0.02570200
v -0.00700000 0.02915500 0.02871400
v -0.00917500 0.02853900 0.02871400
v -0.00899200 0.02797400 0.02570200
v -0.00971100 0.02835900 0.02871400
v -0.01207700 0.02742500 0.02871400
v -0.01183500 0.02688300 0.02570200
v -0.01233500 0.02730900 0.02871400
v -0.01484600 0.02601400 0.02871400
v -0.01454900 0.02550000 0.02570200
v -0.01722300 0.02448700 0.02871400
v -0.01745300 0.02432200 0.02871400
v -0.01710400 0.02384100 0.02570200
v -0.01944400 0.02274000 0.02871400
v -0.01986800 0.02236600 0.02871400
v -0.01947100 0.02192500 0.02570200
v -0.02148900 0.02079000 0.02871400
v -0.02206600 0.02016800 0.02871400
v -0.02162500 0.01977100 0.02570200
v -0.02334000 0.01865500 0.02871400
v -0.02402200 0.01775300 0.02871400
v -0.02354100 0.01740400 0.02570200
v -0.00988600 0.01430500 0.00838000
v -0.00788700 0.01552100 0.00838000
v -0.00978500 0.01724800 0.01026200
v -0.00796000 0.01817800 0.01026200
v -0.00886300 0.02020800 0.01238100
v -0.01698300 0.00263400 0.00838000
v -0.01650700 0.00492500 0.00838000
v -0.01914200 0.00436900 0.01026200
v -0.01714300 0.00030000 0.00838000
v -0.01698300 0.00263400 0.00838000
v -0.01946200 0.00234600 0.01026200
v 0.01887200 0.01119600 0.01238100
v 0.01583200 0.01180300 0.01026200
v 0.01694800 0.01008500 0.01026200
v 0.01329800 0.01111900 0.00838000
v 0.01464700 0.00920700 0.00838000
v -0.01170100 0.01282900 0.00838000
v -0.00988600 0.01430500 0.00838000
v -0.01150300 0.01613200 0.01026200
v -0.00978500 0.01724800 0.01026200
v -0.01089600 0.01917200 0.01238100
v -0.00886300 0.02020800 0.01238100
v -0.00967400 0.02202900 0.01471700
v 0.02172900 0.00997400 0.01471700
v 0.01887200 0.01119600 0.01238100
v 0.01990800 0.00916300 0.01238100
v 0.01694800 0.01008500 0.01026200
v 0.01787800 0.00826000 0.01026200
v 0.01464700 0.00920700 0.00838000
v 0.01572400 0.00713000 0.00838000
v -0.01329800 0.01111900 0.00838000
v -0.01170100 0.01282900 0.00838000
v -0.01309500 0.01484300 0.01026200
v -0.01150300 0.01613200 0.01026200
v -0.01280900 0.01793000 0.01238100
v -0.01089600 0.01917200 0.01238100
v -0.01189300 0.02089800 0.01471700
v -0.00967400 0.02202900 0.01471700
v -0.01038400 0.02362200 0.01724400
v 0.02428000 0.00818900 0.01724400
v 0.02172900 0.00997400 0.01471700
v 0.02262100 0.00765000 0.01471700
v 0.01990800 0.00916300 0.01238100
v 0.02072500 0.00703400 0.01238100
v 0.01787800 0.00826000 0.01026200
v 0.01861200 0.00634700 0.01026200
v 0.01572400 0.00713000 0.00838000
v 0.01650700 0.00492500 0.00838000
v -0.00834500 0.02598400 0.01993600
v -0.01038400 0.02362200 0.01724400
v -0.00788900 0.02458000 0.01724400
v -0.00967400 0.02202900 0.01471700
v -0.00735000 0.02292100 0.01471700
v -0.00886300 0.02020800 0.01238100
v -0.00673400 0.02102500 0.01238100
v -0.00796000 0.01817800 0.01026200
v -0.00604700 0.01891200 0.01026200
v -0.00788700 0.01552100 0.00838000
v -0.00574100 0.01645300 0.00838000
v 0.02641600 0.00591500 0.01993600
v 0.02428000 0.00818900 0.01724400
v 0.02497200 0.00560800 0.01724400
v 0.02262100 0.00765000 0.01471700
v 0.02326500 0.00524500 0.01471700
v 0.02072500 0.00703400 0.01238100
v 0.02131500 0.00483100 0.01238100
v 0.01861200 0.00634700 0.01026200
v 0.01914200 0.00436900 0.01026200
v 0.01650700 0.00492500 0.00838000
v -0.00586300 0.02788400 0.02276500
v -0.00834500 0.02598400 0.01993600
v -0.00561500 0.02671600 0.01993600
v -0.00788900 0.02458000 0.01724400
v -0.00530800 0.02527200 0.01724400
v -0.00735000 0.02292100 0.01471700
v -0.00494500 0.02356500 0.01471700
v -0.00673400 0.02102500 0.01238100
v -0.00453100 0.02161500 0.01238100
v -0.00604700 0.01891200 0.01026200
v -0.00406900 0.01944200 0.01026200
v -0.00574100 0.01645300 0.00838000
v -0.00348800 0.01708400 0.00838000
v 0.02804600 0.00324800 0.02276500
v 0.02641600 0.00591500 0.01993600
v 0.02685800 0.00312300 0.01993600
v 0.02497200 0.00560800 0.01724400
v 0.02539000 0.00296900 0.01724400
v 0.02326500 0.00524500 0.01471700
v 0.02365500 0.00278600 0.01471700
v 0.02131500 0.00483100 0.01238100
v 0.02167200 0.00257800 0.01238100
v 0.01914200 0.00436900 0.01026200
v 0.01946200 0.00234600 0.01026200
v 0.01650700 0.00492500 0.00838000
v 0.01698300 0.00263400 0.00838000
v -0.00304200 0.02923900 0.02570200
v -0.00586300 0.02788400 0.02276500
v -0.00294800 0.02834600 0.02276500
v -0.00561500 0.02671600 0.01993600
v -0.00282300 0.02715800 0.01993600
v -0.00530800 0.02527200 0.01724400
v -0.00266900 0.02569000 0.01724400
v -0.00494500 0.02356500 0.01471700
v -0.00248600 0.02395500 0.01471700
v -0.00453100 0.02161500 0.01238100
v -0.00227800 0.02197200 0.01238100
v -0.00406900 0.01944200 0.01026200
v -0.00204600 0.01976300 0.01026200
v -0.00348800 0.01708400 0.00838000
v -0.00117000 0.01740300 0.00838000
v 0.02909900 0.00030000 0.02570200
v 0.02804600 0.00324800 0.02276500
v 0.02820000 0.00030000 0.02276500
v 0.02685800 0.00312300 0.01993600
v 0.02700600 0.00030000 0.01993600
v 0.02539000 0.00296900 0.01724400
v 0.02552900 0.00030000 0.01724400
v 0.02365500 0.00278600 0.01471700
v 0.02378500 0.00030000 0.01471700
v 0.02167200 0.00257800 0.01238100
v 0.02179200 0.00030000 0.01238100
v 0.01946200 0.00234600 0.01026200
v 0.01957000 0.00030000 0.01026200
v 0.01698300 0.00263400 0.00838000
v 0.01714300 0.00030000 0.00838000
v -0.02520000 0.01484900 0.02570200
v -0.02658300 0.01213500 0.02570200
v -0.02576200 0.01177000 0.02276500
v 0.00304200 0.02923900 0.02570200
v 0.00000000 0.02939900 0.02570200
v 0.00000000 0.02850000 0.02276500
v -0.02893900 0.00334200 0.02570200
v -0.02953000 0.00340400 0.02871400
v -0.02955800 0.00312200 0.02871400
v -0.01714300 0.00030000 0.00838000
v -0.01946200 0.00234600 0.01026200
v -0.01957000 0.00030000 0.01026200
v -0.02167200 0.00257800 0.01238100
v -0.02179200 0.00030000 0.01238100
v -0.02365500 0.00278600 0.01471700
v -0.02378500 0.00030000 0.01471700
v -0.02539000 0.00296900 0.01724400
v -0.02552900 0.00030000 0.01724400
v -0.02685800 0.00312300 0.01993600
v -0.02700600 0.00030000 0.01993600
v -0.02804600 0.00324800 0.02276500
v -0.02820000 0.00030000 0.02276500
v -0.02893900 0.00334200 0.02570200
v -0.02909900 0.00030000 0.02570200
v -0.02955800 0.00312200 0.02871400
v -0.02969200 0.00030000 0.02871400
v -0.02846300 0.00635000 0.02570200
v -0.02904300 0.00647300 0.02871400
v -0.02915600 0.00591900 0.02871400
v -0.01698300 0.00263400 0.00838000
v -0.01914200 0.00436900 0.01026200
v -0.01946200 0.00234600 0.01026200
v -0.02131500 0.00483100 0.01238100
v -0.02167200 0.00257800 0.01238100
v -0.02326500 0.00524500 0.01471700
v -0.02365500 0.00278600 0.01471700
v -0.02497200 0.00560800 0.01724400
v -0.02539000 0.00296900 0.01724400
v -0.02641600 0.00591500 0.01993600
v -0.02685800 0.00312300 0.01993600
v -0.02758400 0.00616300 0.02276500
v -0.02804600 0.00324800 0.02276500
v -0.02846300 0.00635000 0.02570200
v -0.02893900 0.00334200 0.02570200
v -0.02915600 0.00591900 0.02871400
v -0.02953000 0.00340400 0.02871400
v -0.02767400 0.00929200 0.02570200
v -0.02823900 0.00947500 0.02871400
v -0.02849000 0.00866500 0.02871400
v -0.02568400 0.00864500 0.01993600
v -0.02576200 0.01177000 0.02276500
v -0.02682000 0.00901400 0.02276500
v -0.02658300 0.01213500 0.02570200
v -0.02767400 0.00929200 0.02570200
v -0.02756500 0.01133600 0.02871400
v -0.02823900 0.00947500 0.02871400
v -0.02497900 0.01635300 0.02871400
v -0.02571400 0.01514600 0.02871400
v -0.02520000 0.01484900 0.02570200
v -0.02639200 0.01390600 0.02871400
v -0.02658300 0.01213500 0.02570200
v -0.02712500 0.01237700 0.02871400
v -0.02756500 0.01133600 0.02871400
v -0.02402200 0.01775300 0.02871400
v -0.02497900 0.01635300 0.02871400
v -0.02354100 0.01740400 0.02570200
v -0.02520000 0.01484900 0.02570200
v -0.02442200 0.01440000 0.02276500
v -0.02576200 0.01177000 0.02276500
v -0.02467100 0.01128400 0.01993600
v -0.02568400 0.00864500 0.01993600
v -0.02428000 0.00818900 0.01724400
v -0.02206600 0.02016800 0.02871400
v -0.02334000 0.01865500 0.02871400
v -0.02162500 0.01977100 0.02570200
v -0.02354100 0.01740400 0.02570200
v -0.02281400 0.01687600 0.02276500
v -0.02442200 0.01440000 0.02276500
v -0.02338800 0.01380300 0.01993600
v -0.02467100 0.01128400 0.01993600
v -0.02332200 0.01068400 0.01724400
v -0.02428000 0.00818900 0.01724400
v -0.02262100 0.00765000 0.01471700
v -0.01986800 0.02236600 0.02871400
v -0.02148900 0.02079000 0.02871400
v -0.01947100 0.02192500 0.02570200
v -0.02162500 0.01977100 0.02570200
v -0.02095700 0.01917000 0.02276500
v -0.02281400 0.01687600 0.02276500
v -0.02184900 0.01617400 0.01993600
v -0.02338800 0.01380300 0.01993600
v -0.02210900 0.01306500 0.01724400
v -0.02332200 0.01068400 0.01724400
v -0.02172900 0.00997400 0.01471700
v -0.02262100 0.00765000 0.01471700
v -0.02072500 0.00703400 0.01238100
v -0.01745300 0.02432200 0.02871400
v -0.01944400 0.02274000 0.02871400
v -0.01710400 0.02384100 0.02570200
v -0.01947100 0.02192500 0.02570200
v -0.01887000 0.02125700 0.02276500
v -0.02095700 0.01917000 0.02276500
v -0.02007000 0.01837100 0.01993600
v -0.02184900 0.01617400 0.01993600
v -0.02065400 0.01530600 0.01724400
v -0.02210900 0.01306500 0.01724400
v -0.02059800 0.01219300 0.01471700
v -0.02172900 0.00997400 0.01471700
v -0.01990800 0.00916300 0.01238100
v -0.02072500 0.00703400 0.01238100
v -0.01861200 0.00634700 0.01026200
v -0.01484600 0.02601400 0.02871400
v -0.01722300 0.02448700 0.02871400
v -0.01454900 0.02550000 0.02570200
v -0.01710400 0.02384100 0.02570200
v -0.01657600 0.02311400 0.02276500
v -0.01887000 0.02125700 0.02276500
v -0.01807100 0.02037000 0.01993600
v -0.02007000 0.01837100 0.01993600
v -0.01897200 0.01738200 0.01724400
v -0.02065400 0.01530600 0.01724400
v -0.01924300 0.01428000 0.01471700
v -0.02059800 0.01219300 0.01471700
v -0.01887200 0.01119600 0.01238100
v -0.01990800 0.00916300 0.01238100
v -0.01787800 0.00826000 0.01026200
v -0.01861200 0.00634700 0.01026200
v -0.01207700 0.02742500 0.02871400
v -0.01233500 0.02730900 0.02871400
v -0.01183500 0.02688300 0.02570200
v -0.01454900 0.02550000 0.02570200
v -0.01410000 0.02472200 0.02276500
v -0.01657600 0.02311400 0.02276500
v -0.01587400 0.02214900 0.01993600
v -0.01807100 0.02037000 0.01993600
v -0.01708200 0.01927200 0.01724400
v -0.01897200 0.01738200 0.01724400
v -0.01767600 0.01621500 0.01471700
v -0.01924300 0.01428000 0.01471700
v -0.01763000 0.01310900 0.01238100
v -0.01887200 0.01119600 0.01238100
v -0.01694800 0.01008500 0.01026200
v -0.01787800 0.00826000 0.01026200
v -0.00917500 0.02853900 0.02871400
v -0.00971100 0.02835900 0.02871400
v -0.00899200 0.02797400 0.02570200
v -0.01183500 0.02688300 0.02570200
v -0.01147000 0.02606200 0.02276500
v -0.01410000 0.02472200 0.02276500
v -0.01350300 0.02368800 0.01993600
v -0.01587400 0.02214900 0.01993600
v -0.01500600 0.02095400 0.01724400
v -0.01708200 0.01927200 0.01724400
v -0.01591500 0.01797600 0.01471700
v -0.01767600 0.01621500 0.01471700
v -0.01619400 0.01488100 0.01238100
v -0.01763000 0.01310900 0.01238100
v -0.01583200 0.01180300 0.01026200
v -0.01694800 0.01008500 0.01026200
v -0.00617300 0.02934300 0.02871400
v -0.00700000 0.02915500 0.02871400
v -0.00605000 0.02876300 0.02570200
v -0.00899200 0.02797400 0.02570200
v -0.00871400 0.02712000 0.02276500
v -0.01147000 0.02606200 0.02276500
v -0.01098400 0.02497100 0.01993600
v -0.01350300 0.02368800 0.01993600
v -0.01276500 0.02240900 0.01724400
v -0.01500600 0.02095400 0.01724400
v -0.01398100 0.01954300 0.01471700
v -0.01591500 0.01797600 0.01471700
v -0.01458100 0.01649400 0.01238100
v -0.01619400 0.01488100 0.01238100
v -0.01454300 0.01339500 0.01026200
v -0.01583200 0.01180300 0.01026200
v -0.00310400 0.02983000 0.02871400
v -0.00422600 0.02969000 0.02871400
v -0.00304200 0.02923900 0.02570200
v -0.00605000 0.02876300 0.02570200
v -0.00586300 0.02788400 0.02276500
v -0.00871400 0.02712000 0.02276500
v -0.00834500 0.02598400 0.01993600
v -0.01098400 0.02497100 0.01993600
v -0.01038400 0.02362200 0.01724400
v -0.01276500 0.02240900 0.01724400
v -0.01189300 0.02089800 0.01471700
v -0.01398100 0.01954300 0.01471700
v -0.01280900 0.01793000 0.01238100
v -0.01458100 0.01649400 0.01238100
v -0.01309500 0.01484300 0.01026200
v -0.01454300 0.01339500 0.01026200
v -0.01329800 0.01111900 0.00838000
v -0.01583200 0.01180300 0.01026200
v -0.01464700 0.00920700 0.00838000
v -0.01694800 0.01008500 0.01026200
v -0.01572400 0.00713000 0.00838000
v -0.01787800 0.00826000 0.01026200
v -0.01650700 0.00492500 0.00838000
v -0.01861200 0.00634700 0.01026200
v -0.01914200 0.00436900 0.01026200
v -0.02072500 0.00703400 0.01238100
v -0.02131500 0.00483100 0.01238100
v -0.02262100 0.00765000 0.01471700
v -0.02326500 0.00524500 0.01471700
v -0.02428000 0.00818900 0.01724400
v -0.02497200 0.00560800 0.01724400
v -0.02568400 0.00864500 0.01993600
v -0.02641600 0.00591500 0.01993600
v -0.02682000 0.00901400 0.02276500
v -0.02758400 0.00616300 0.02276500
v -0.02767400 0.00929200 0.02570200
v -0.02846300 0.00635000 0.02570200
v -0.02849000 0.00866500 0.02871400
v -0.02904300 0.00647300 0.02871400
v 0.00422600 0.02969000 0.02871400
v 0.00310400 0.02983000 0.02871400
v 0.00304200 0.02923900 0.02570200
v 0.00141300 0.02995900 0.02871400
v 0.00000000 0.02939900 0.02570200
v 0.00000000 0.02999200 0.02871400
v -0.00141300 0.02995900 0.02871400
v 0.00617300 0.02934300 0.02871400
v 0.00422600 0.02969000 0.02871400
v 0.00605000 0.02876300 0.02570200
v 0.00304200 0.02923900 0.02570200
v 0.00294800 0.02834600 0.02276500
v 0.00000000 0.02850000 0.02276500
v 0.00000000 0.02730600 0.01993600
v 0.00917500 0.02853900 0.02871400
v 0.00700000 0.02915500 0.02871400
v 0.00899200 0.02797400 0.02570200
v 0.00605000 0.02876300 0.02570200
v 0.00586300 0.02788400 0.02276500
v 0.00294800 0.02834600 0.02276500
v 0.00282300 0.02715800 0.01993600
v 0.00000000 0.02730600 0.01993600
v 0.00000000 0.02582900 0.01724400
v 0.01207700 0.02742500 0.02871400
v 0.00971100 0.02835900 0.02871400
v 0.01183500 0.02688300 0.02570200
v 0.00899200 0.02797400 0.02570200
v 0.00871400 0.02712000 0.02276500
v 0.00586300 0.02788400 0.02276500
v 0.00561500 0.02671600 0.01993600
v 0.00282300 0.02715800 0.01993600
v 0.00266900 0.02569000 0.01724400
v 0.00000000 0.02582900 0.01724400
v 0.00000000 0.02408500 0.01471700
v 0.01484600 0.02601400 0.02871400
v 0.01233500 0.02730900 0.02871400
v 0.01454900 0.02550000 0.02570200
v 0.01183500 0.02688300 0.02570200
v 0.01147000 0.02606200 0.02276500
v 0.00871400 0.02712000 0.02276500
v 0.00834500 0.02598400 0.01993600
v 0.00561500 0.02671600 0.01993600
v 0.00530800 0.02527200 0.01724400
v 0.00266900 0.02569000 0.01724400
v 0.00248600 0.02395500 0.01471700
v 0.00000000 0.02408500 0.01471700
v 0.00000000 0.02209200 0.01238100
v 0.01745300 0.02432200 0.02871400
v 0.01722300 0.02448700 0.02871400
v 0.01710400 0.02384100 0.02570200
v 0.01454900 0.02550000 0.02570200
v 0.01410000 0.02472200 0.02276500
v 0.01147000 0.02606200 0.02276500
v 0.01098400 0.02497100 0.01993600
v 0.00834500 0.02598400 0.01993600
v 0.00788900 0.02458000 0.01724400
v 0.00530800 0.02527200 0.01724400
v 0.00494500 0.02356500 0.01471700
v 0.00248600 0.02395500 0.01471700
v 0.00227800 0.02197200 0.01238100
v 0.00000000 0.02209200 0.01238100
v 0.00000000 0.01987000 0.01026200
v 0.01986800 0.02236600 0.02871400
v 0.01944400 0.02274000 0.02871400
v 0.01947100 0.02192500 0.02570200
v 0.01710400 0.02384100 0.02570200
v 0.01657600 0.02311400 0.02276500
v 0.01410000 0.02472200 0.02276500
v 0.01350300 0.02368800 0.01993600
v 0.01098400 0.02497100 0.01993600
v 0.01038400 0.02362200 0.01724400
v 0.00788900 0.02458000 0.01724400
v 0.00735000 0.02292100 0.01471700
v 0.00494500 0.02356500 0.01471700
v 0.00453100 0.02161500 0.01238100
v 0.00227800 0.02197200 0.01238100
v 0.00204600 0.01976300 0.01026200
v 0.00000000 0.01987000 0.01026200
v 0.02206600 0.02016800 0.02871400
v 0.02148900 0.02079000 0.02871400
v 0.02162500 0.01977100 0.02570200
v 0.01947100 0.02192500 0.02570200
v 0.01887000 0.02125700 0.02276500
v 0.01657600 0.02311400 0.02276500
v 0.01587400 0.02214900 0.01993600
v 0.01350300 0.02368800 0.01993600
v 0.01276500 0.02240900 0.01724400
v 0.01038400 0.02362200 0.01724400
v 0.00967400 0.02202900 0.01471700
v 0.00735000 0.02292100 0.01471700
v 0.00673400 0.02102500 0.01238100
v 0.00453100 0.02161500 0.01238100
v 0.00406900 0.01944200 0.01026200
v 0.00204600 0.01976300 0.01026200
v 0.02402200 0.01775300 0.02871400
v 0.02334000 0.01865500 0.02871400
v 0.02354100 0.01740400 0.02570200
v 0.02162500 0.01977100 0.02570200
v 0.02095700 0.01917000 0.02276500
v 0.01887000 0.02125700 0.02276500
v 0.01807100 0.02037000 0.01993600
v 0.01587400 0.02214900 0.01993600
v 0.01500600 0.02095400 0.01724400
v 0.01276500 0.02240900 0.01724400
v 0.01189300 0.02089800 0.01471700
v 0.00967400 0.02202900 0.01471700
v 0.00886300 0.02020800 0.01238100
v 0.00673400 0.02102500 0.01238100
v 0.00604700 0.01891200 0.01026200
v 0.00406900 0.01944200 0.01026200
v 0.02571400 0.01514600 0.02871400
v 0.02497900 0.01635300 0.02871400
v 0.02520000 0.01484900 0.02570200
v 0.02354100 0.01740400 0.02570200
v 0.02281400 0.01687600 0.02276500
v 0.02095700 0.01917000 0.02276500
v 0.02007000 0.01837100 0.01993600
v 0.01807100 0.02037000 0.01993600
v 0.01708200 0.01927200 0.01724400
v 0.01500600 0.02095400 0.01724400
v 0.01398100 0.01954300 0.01471700
v 0.01189300 0.02089800 0.01471700
v 0.01089600 0.01917200 0.01238100
v 0.00886300 0.02020800 0.01238100
v 0.00796000 0.01817800 0.01026200
v 0.00604700 0.01891200 0.01026200
v 0.02712500 0.01237700 0.02871400
v 0.02639200 0.01390600 0.02871400
v 0.02658300 0.01213500 0.02570200
v 0.02520000 0.01484900 0.02570200
v 0.02442200 0.01440000 0.02276500
v 0.02281400 0.01687600 0.02276500
v 0.02184900 0.01617400 0.01993600
v 0.02007000 0.01837100 0.01993600
v 0.01897200 0.01738200 0.01724400
v 0.01708200 0.01927200 0.01724400
v 0.01591500 0.01797600 0.01471700
v 0.01398100 0.01954300 0.01471700
v 0.01280900 0.01793000 0.01238100
v 0.01089600 0.01917200 0.01238100
v 0.00978500 0.01724800 0.01026200
v 0.00796000 0.01817800 0.01026200
v 0.02823900 0.00947500 0.02871400
v 0.02756500 0.01133600 0.02871400
v 0.02767400 0.00929200 0.02570200
v 0.02658300 0.01213500 0.02570200
v 0.02576200 0.01177000 0.02276500
v 0.02442200 0.01440000 0.02276500
v 0.02338800 0.01380300 0.01993600
v 0.02184900 0.01617400 0.01993600
v 0.02065400 0.01530600 0.01724400
v 0.01897200 0.01738200 0.01724400
v 0.01767600 0.01621500 0.01471700
v 0.01591500 0.01797600 0.01471700
v 0.01458100 0.01649400 0.01238100
v 0.01280900 0.01793000 0.01238100
v 0.01150300 0.01613200 0.01026200
v 0.00978500 0.01724800 0.01026200
v 0.00788700 0.01552100 0.00838000
v 0.00796000 0.01817800 0.01026200
v 0.00574100 0.01645300 0.00838000
v 0.00604700 0.01891200 0.01026200
v 0.00348800 0.01708400 0.00838000
v 0.00406900 0.01944200 0.01026200
v 0.00117000 0.01740300 0.00838000
v 0.00204600 0.01976300 0.01026200
v -0.00117000 0.01740300 0.00838000
v 0.00000000 0.01987000 0.01026200
v -0.00204600 0.01976300 0.01026200
v 0.00000000 0.02209200 0.01238100
v -0.00227800 0.02197200 0.01238100
v 0.00000000 0.02408500 0.01471700
v -0.00248600 0.02395500 0.01471700
v 0.00000000 0.02582900 0.01724400
v -0.00266900 0.02569000 0.01724400
v 0.00000000 0.02730600 0.01993600
v -0.00282300 0.02715800 0.01993600
v 0.00000000 0.02850000 0.02276500
v -0.00294800 0.02834600 0.02276500
v 0.00000000 0.02939900 0.02570200
v -0.00304200 0.02923900 0.02570200
v -0.00141300 0.02995900 0.02871400
v -0.00310400 0.02983000 0.02871400
v 0.02904300 0.00647300 0.02871400
v 0.02849000 0.00866500 0.02871400
v 0.02846300 0.00635000 0.02570200
v 0.02767400 0.00929200 0.02570200
v 0.02682000 0.00901400 0.02276500
v 0.02576200 0.01177000 0.02276500
v 0.02467100 0.01128400 0.01993600
v 0.02338800 0.01380300 0.01993600
v 0.02210900 0.01306500 0.01724400
v 0.02065400 0.01530600 0.01724400
v 0.01924300 0.01428000 0.01471700
v 0.01767600 0.01621500 0.01471700
v 0.01619400 0.01488100 0.01238100
v 0.01458100 0.01649400 0.01238100
v 0.01309500 0.01484300 0.01026200
v 0.01150300 0.01613200 0.01026200
v 0.00988600 0.01430500 0.00838000
v 0.00788700 0.01552100 0.00838000
v 0.02953000 0.00340400 0.02871400
v 0.02915600 0.00591900 0.02871400
v 0.02893900 0.00334200 0.02570200
v 0.02846300 0.00635000 0.02570200
v 0.02758400 0.00616300 0.02276500
v 0.02682000 0.00901400 0.02276500
v 0.02568400 0.00864500 0.01993600
v 0.02467100 0.01128400 0.01993600
v 0.02332200 0.01068400 0.01724400
v 0.02210900 0.01306500 0.01724400
v 0.02059800 0.01219300 0.01471700
v 0.01924300 0.01428000 0.01471700
v 0.01763000 0.01310900 0.01238100
v 0.01619400 0.01488100 0.01238100
v 0.01454300 0.01339500 0.01026200
v 0.01309500 0.01484300 0.01026200
v 0.01170100 0.01282900 0.00838000
v 0.00988600 0.01430500 0.00838000
v 0.02969200 0.00030000 0.02871400
v 0.02955800 0.00312200 0.02871400
v 0.02909900 0.00030000 0.02570200
v 0.02893900 0.00334200 0.02570200
v 0.02804600 0.00324800 0.02276500
v 0.02758400 0.00616300 0.02276500
v 0.02641600 0.00591500 0.01993600
v 0.02568400 0.00864500 0.01993600
v 0.02428000 0.00818900 0.01724400
v 0.02332200 0.01068400 0.01724400
v 0.02172900 0.00997400 0.01471700
v 0.02059800 0.01219300 0.01471700
v 0.01887200 0.01119600 0.01238100
v 0.01763000 0.01310900 0.01238100
v 0.01583200 0.01180300 0.01026200
v 0.01454300 0.01339500 0.01026200
v 0.01329800 0.01111900 0.00838000
v 0.01170100 0.01282900 0.00838000
v -0.02955800 -0.00252200 0.02871400
v -0.02953000 -0.00280400 0.02871400
v -0.02893900 -0.00274200 0.02570200
v -0.02915600 -0.00531900 0.02871400
v -0.02904300 -0.00587300 0.02871400
v -0.02846300 -0.00575000 0.02570200
v -0.02849000 -0.00806500 0.02871400
v -0.02823900 -0.00887500 0.02871400
v -0.02767400 -0.00869200 0.02570200
v -0.02756500 -0.01073600 0.02871400
v -0.02712500 -0.01177700 0.02871400
v -0.02658300 -0.01153500 0.02570200
v -0.02639200 -0.01330600 0.02871400
v -0.02571400 -0.01454600 0.02871400
v -0.02520000 -0.01424900 0.02570200
v -0.02497900 -0.01575300 0.02871400
v -0.02402200 -0.01715300 0.02871400
v -0.02354100 -0.01680400 0.02570200
v -0.02334000 -0.01805500 0.02871400
v -0.02206600 -0.01956800 0.02871400
v -0.02162500 -0.01917100 0.02570200
v -0.02148900 -0.02019000 0.02871400
v -0.01986800 -0.02176600 0.02871400
v -0.01947100 -0.02132500 0.02570200
v -0.01944400 -0.02214000 0.02871400
v -0.01745300 -0.02372200 0.02871400
v -0.01710400 -0.02324100 0.02570200
v -0.01722300 -0.02388700 0.02871400
v -0.01484600 -0.02541400 0.02871400
v -0.01454900 -0.02490000 0.02570200
v -0.01233500 -0.02670900 0.02871400
v -0.01207700 -0.02682500 0.02871400
v -0.01183500 -0.02628300 0.02570200
v -0.00971100 -0.02775900 0.02871400
v -0.00917500 -0.02793900 0.02871400
v -0.00899200 -0.02737400 0.02570200
v 0.00422600 -0.02909000 0.02871400
v 0.00617300 -0.02874300 0.02871400
v 0.00605000 -0.02816300 0.02570200
v 0.00700000 -0.02855500 0.02871400
v 0.00917500 -0.02793900 0.02871400
v 0.00899200 -0.02737400 0.02570200
v 0.00971100 -0.02775900 0.02871400
v 0.01207700 -0.02682500 0.02871400
v 0.01183500 -0.02628300 0.02570200
v 0.01233500 -0.02670900 0.02871400
v 0.01484600 -0.02541400 0.02871400
v 0.01454900 -0.02490000 0.02570200
v 0.01722300 -0.02388700 0.02871400
v 0.01745300 -0.02372200 0.02871400
v 0.01710400 -0.02324100 0.02570200
v 0.01944400 -0.02214000 0.02871400
v 0.01986800 -0.02176600 0.02871400
v 0.01947100 -0.02132500 0.02570200
v 0.02148900 -0.02019000 0.02871400
v 0.02206600 -0.01956800 0.02871400
v 0.02162500 -0.01917100 0.02570200
v 0.02334000 -0.01805500 0.02871400
v 0.02402200 -0.01715300 0.02871400
v 0.02354100 -0.01680400 0.02570200
v 0.00117000 -0.01680300 0.00838000
v -0.00117000 -0.01680300 0.00838000
v -0.00000000 -0.01927000 0.01026200
v 0.00988600 -0.01370500 0.00838000
v 0.00788700 -0.01492100 0.00838000
v 0.00978500 -0.01664800 0.01026200
v 0.00796000 -0.01757800 0.01026200
v 0.00886300 -0.01960800 0.01238100
v 0.01698300 -0.00203400 0.00838000
v 0.01650700 -0.00432500 0.00838000
v 0.01914200 -0.00376900 0.01026200
v 0.01714300 0.00030000 0.00838000
v 0.01698300 -0.00203400 0.00838000
v 0.01946200 -0.00174600 0.01026200
v -0.01887200 -0.01059600 0.01238100
v -0.01583200 -0.01120300 0.01026200
v -0.01694800 -0.00948500 0.01026200
v -0.01329800 -0.01051900 0.00838000
v -0.01464700 -0.00860700 0.00838000
v 0.01170100 -0.01222900 0.00838000
v 0.00988600 -0.01370500 0.00838000
v 0.01150300 -0.01553200 0.01026200
v 0.00978500 -0.01664800 0.01026200
v 0.01089600 -0.01857200 0.01238100
v 0.00886300 -0.01960800 0.01238100
v 0.00967400 -0.02142900 0.01471700
v -0.02172900 -0.00937400 0.01471700
v -0.01887200 -0.01059600 0.01238100
v -0.01990800 -0.00856300 0.01238100
v -0.01694800 -0.00948500 0.01026200
v -0.01787800 -0.00766000 0.01026200
v -0.01464700 -0.00860700 0.00838000
v -0.01572400 -0.00653000 0.00838000
v 0.01329800 -0.01051900 0.00838000
v 0.01170100 -0.01222900 0.00838000
v 0.01309500 -0.01424300 0.01026200
v 0.01150300 -0.01553200 0.01026200
v 0.01280900 -0.01733000 0.01238100
v 0.01089600 -0.01857200 0.01238100
v 0.01189300 -0.02029800 0.01471700
v 0.00967400 -0.02142900 0.01471700
v 0.01038400 -0.02302200 0.01724400
v -0.02428000 -0.00758900 0.01724400
v -0.02172900 -0.00937400 0.01471700
v -0.02262100 -0.00705000 0.01471700
v -0.01990800 -0.00856300 0.01238100
v -0.02072500 -0.00643400 0.01238100
v -0.01787800 -0.00766000 0.01026200
v -0.01861200 -0.00574700 0.01026200
v -0.01572400 -0.00653000 0.00838000
v -0.01650700 -0.00432500 0.00838000
v 0.00834500 -0.02538400 0.01993600
v 0.01038400 -0.02302200 0.01724400
v 0.00788900 -0.02398000 0.01724400
v 0.00967400 -0.02142900 0.01471700
v 0.00735000 -0.02232100 0.01471700
v 0.00886300 -0.01960800 0.01238100
v 0.00673400 -0.02042500 0.01238100
v 0.00796000 -0.01757800 0.01026200
v 0.00604700 -0.01831200 0.01026200
v 0.00788700 -0.01492100 0.00838000
v 0.00574100 -0.01585300 0.00838000
v -0.02641600 -0.00531500 0.01993600
v -0.02428000 -0.00758900 0.01724400
v -0.02497200 -0.00500800 0.01724400
v -0.02262100 -0.00705000 0.01471700
v -0.02326500 -0.00464500 0.01471700
v -0.02072500 -0.00643400 0.01238100
v -0.02131500 -0.00423100 0.01238100
v -0.01861200 -0.00574700 0.01026200
v -0.01914200 -0.00376900 0.01026200
v -0.01650700 -0.00432500 0.00838000
v 0.00586300 -0.02728400 0.02276500
v 0.00834500 -0.02538400 0.01993600
v 0.00561500 -0.02611600 0.01993600
v 0.00788900 -0.02398000 0.01724400
v 0.00530800 -0.02467200 0.01724400
v 0.00735000 -0.02232100 0.01471700
v 0.00494500 -0.02296500 0.01471700
v 0.00673400 -0.02042500 0.01238100
v 0.00453100 -0.02101500 0.01238100
v 0.00604700 -0.01831200 0.01026200
v 0.00406900 -0.01884200 0.01026200
v 0.00574100 -0.01585300 0.00838000
v 0.00348800 -0.01648400 0.00838000
v -0.02804600 -0.00264800 0.02276500
v -0.02641600 -0.00531500 0.01993600
v -0.02685800 -0.00252300 0.01993600
v -0.02497200 -0.00500800 0.01724400
v -0.02539000 -0.00236900 0.01724400
v -0.02326500 -0.00464500 0.01471700
v -0.02365500 -0.00218600 0.01471700
v -0.02131500 -0.00423100 0.01238100
v -0.02167200 -0.00197800 0.01238100
v -0.01914200 -0.00376900 0.01026200
v -0.01946200 -0.00174600 0.01026200
v -0.01650700 -0.00432500 0.00838000
v -0.01698300 -0.00203400 0.00838000
v 0.00304200 -0.02863900 0.02570200
v 0.00586300 -0.02728400 0.02276500
v 0.00294800 -0.02774600 0.02276500
v 0.00561500 -0.02611600 0.01993600
v 0.00282300 -0.02655800 0.01993600
v 0.00530800 -0.02467200 0.01724400
v 0.00266900 -0.02509000 0.01724400
v 0.00494500 -0.02296500 0.01471700
v 0.00248600 -0.02335500 0.01471700
v 0.00453100 -0.02101500 0.01238100
v 0.00227800 -0.02137200 0.01238100
v 0.00406900 -0.01884200 0.01026200
v 0.00204600 -0.01916300 0.01026200
v 0.00348800 -0.01648400 0.00838000
v 0.00117000 -0.01680300 0.00838000
v -0.02909900 0.00030000 0.02570200
v -0.02804600 -0.00264800 0.02276500
v -0.02820000 0.00030000 0.02276500
v -0.02685800 -0.00252300 0.01993600
v -0.02700600 0.00030000 0.01993600
v -0.02539000 -0.00236900 0.01724400
v -0.02552900 0.00030000 0.01724400
v -0.02365500 -0.00218600 0.01471700
v -0.02378500 0.00030000 0.01471700
v -0.02167200 -0.00197800 0.01238100
v -0.02179200 0.00030000 0.01238100
v -0.01946200 -0.00174600 0.01026200
v -0.01957000 0.00030000 0.01026200
v -0.01698300 -0.00203400 0.00838000
v -0.01714300 0.00030000 0.00838000
v 0.02520000 -0.01424900 0.02570200
v 0.02658300 -0.01153500 0.02570200
v 0.02576200 -0.01117000 0.02276500
v -0.00605000 -0.02816300 0.02570200
v -0.00304200 -0.02863900 0.02570200
v -0.00294800 -0.02774600 0.02276500
v 0.02893900 -0.00274200 0.02570200
v 0.02953000 -0.00280400 0.02871400
v 0.02955800 -0.00252200 0.02871400
v 0.01714300 0.00030000 0.00838000
v 0.01946200 -0.00174600 0.01026200
v 0.01957000 0.00030000 0.01026200
v 0.02167200 -0.00197800 0.01238100
v 0.02179200 0.00030000 0.01238100
v 0.02365500 -0.00218600 0.01471700
v 0.02378500 0.00030000 0.01471700
v 0.02539000 -0.00236900 0.01724400
v 0.02552900 0.00030000 0.01724400
v 0.02685800 -0.00252300 0.01993600
v 0.02700600 0.00030000 0.01993600
v 0.02804600 -0.00264800 0.02276500
v 0.02820000 0.00030000 0.02276500
v 0.02893900 -0.00274200 0.02570200
v 0.02909900 0.00030000 0.02570200
v 0.02955800 -0.00252200 0.02871400
v 0.02969200 0.00030000 0.02871400
v 0.02846300 -0.00575000 0.02570200
v 0.02904300 -0.00587300 0.02871400
v 0.02915600 -0.00531900 0.02871400
v 0.01698300 -0.00203400 0.00838000
v 0.01914200 -0.00376900 0.01026200
v 0.01946200 -0.00174600 0.01026200
v 0.02131500 -0.00423100 0.01238100
v 0.02167200 -0.00197800 0.01238100
v 0.02326500 -0.00464500 0.01471700
v 0.02365500 -0.00218600 0.01471700
v 0.02497200 -0.00500800 0.01724400
v 0.02539000 -0.00236900 0.01724400
v 0.02641600 -0.00531500 0.01993600
v 0.02685800 -0.00252300 0.01993600
v 0.02758400 -0.00556300 0.02276500
v 0.02804600 -0.00264800 0.02276500
v 0.02846300 -0.00575000 0.02570200
v 0.02893900 -0.00274200 0.02570200
v 0.02915600 -0.00531900 0.02871400
v 0.02953000 -0.00280400 0.02871400
v 0.02767400 -0.00869200 0.02570200
v 0.02823900 -0.00887500 0.02871400
v 0.02849000 -0.00806500 0.02871400
v 0.02568400 -0.00804500 0.01993600
v 0.02576200 -0.01117000 0.02276500
v 0.02682000 -0.00841400 0.02276500
v 0.02658300 -0.01153500 0.02570200
v 0.02767400 -0.00869200 0.02570200
v 0.02756500 -0.01073600 0.02871400
v 0.02823900 -0.00887500 0.02871400
v 0.02497900 -0.01575300 0.02871400
v 0.02571400 -0.01454600 0.02871400
v 0.02520000 -0.01424900 0.02570200
v 0.02639200 -0.01330600 0.02871400
v 0.02658300 -0.01153500 0.02570200
v 0.02712500 -0.01177700 0.02871400
v 0.02756500 -0.01073600 0.02871400
v 0.02402200 -0.01715300 0.02871400
v 0.02497900 -0.01575300 0.02871400
v 0.02354100 -0.01680400 0.02570200
v 0.02520000 -0.01424900 0.02570200
v 0.02442200 -0.01380000 0.02276500
v 0.02576200 -0.01117000 0.02276500
v 0.02467100 -0.01068400 0.01993600
v 0.02568400 -0.00804500 0.01993600
v 0.02428000 -0.00758900 0.01724400
v 0.02206600 -0.01956800 0.02871400
v 0.02334000 -0.01805500 0.02871400
v 0.02162500 -0.01917100 0.02570200
v 0.02354100 -0.01680400 0.02570200
v 0.02281400 -0.01627600 0.02276500
v 0.02442200 -0.01380000 0.02276500
v 0.02338800 -0.01320300 0.01993600
v 0.02467100 -0.01068400 0.01993600
v 0.02332200 -0.01008400 0.01724400
v 0.02428000 -0.00758900 0.01724400
v 0.02262100 -0.00705000 0.01471700
v 0.01986800 -0.02176600 0.02871400
v 0.02148900 -0.02019000 0.02871400
v 0.01947100 -0.02132500 0.02570200
v 0.02162500 -0.01917100 0.02570200
v 0.02095700 -0.01857000 0.02276500
v 0.02281400 -0.01627600 0.02276500
v 0.02184900 -0.01557400 0.01993600
v 0.02338800 -0.01320300 0.01993600
v 0.02210900 -0.01246500 0.01724400
v 0.02332200 -0.01008400 0.01724400
v 0.02172900 -0.00937400 0.01471700
v 0.02262100 -0.00705000 0.01471700
v 0.02072500 -0.00643400 0.01238100
v 0.01745300 -0.02372200 0.02871400
v 0.01944400 -0.02214000 0.02871400
v 0.01710400 -0.02324100 0.02570200
v 0.01947100 -0.02132500 0.02570200
v 0.01887000 -0.02065700 0.02276500
v 0.02095700 -0.01857000 0.02276500
v 0.02007000 -0.01777100 0.01993600
v 0.02184900 -0.01557400 0.01993600
v 0.02065400 -0.01470600 0.01724400
v 0.02210900 -0.01246500 0.01724400
v 0.02059800 -0.01159300 0.01471700
v 0.02172900 -0.00937400 0.01471700
v 0.01990800 -0.00856300 0.01238100
v 0.02072500 -0.00643400 0.01238100
v 0.01861200 -0.00574700 0.01026200
v 0.01484600 -0.02541400 0.02871400
v 0.01722300 -0.02388700 0.02871400
v 0.01454900 -0.02490000 0.02570200
v 0.01710400 -0.02324100 0.02570200
v 0.01657600 -0.02251400 0.02276500
v 0.01887000 -0.02065700 0.02276500
v 0.01807100 -0.01977000 0.01993600
v 0.02007000 -0.01777100 0.01993600
v 0.01897200 -0.01678200 0.01724400
v 0.02065400 -0.01470600 0.01724400
v 0.01924300 -0.01368100 0.01471700
v 0.02059800 -0.01159300 0.01471700
v 0.01887200 -0.01059600 0.01238100
v 0.01990800 -0.00856300 0.01238100
v 0.01787800 -0.00766000 0.01026200
v 0.01861200 -0.00574700 0.01026200
v 0.01207700 -0.02682500 0.02871400
v 0.01233500 -0.02670900 0.02871400
v 0.01183500 -0.02628300 0.02570200
v 0.01454900 -0.02490000 0.02570200
v 0.01410000 -0.02412200 0.02276500
v 0.01657600 -0.02251400 0.02276500
v 0.01587400 -0.02154900 0.01993600
v 0.01807100 -0.01977000 0.01993600
v 0.01708200 -0.01867200 0.01724400
v 0.01897200 -0.01678200 0.01724400
v 0.01767600 -0.01561500 0.01471700
v 0.01924300 -0.01368100 0.01471700
v 0.01763000 -0.01250900 0.01238100
v 0.01887200 -0.01059600 0.01238100
v 0.01694800 -0.00948500 0.01026200
v 0.01787800 -0.00766000 0.01026200
v 0.00917500 -0.02793900 0.02871400
v 0.00971100 -0.02775900 0.02871400
v 0.00899200 -0.02737400 0.02570200
v 0.01183500 -0.02628300 0.02570200
v 0.01147000 -0.02546200 0.02276500
v 0.01410000 -0.02412200 0.02276500
v 0.01350300 -0.02308800 0.01993600
v 0.01587400 -0.02154900 0.01993600
v 0.01500600 -0.02035400 0.01724400
v 0.01708200 -0.01867200 0.01724400
v 0.01591500 -0.01737600 0.01471700
v 0.01767600 -0.01561500 0.01471700
v 0.01619400 -0.01428100 0.01238100
v 0.01763000 -0.01250900 0.01238100
v 0.01583200 -0.01120300 0.01026200
v 0.01694800 -0.00948500 0.01026200
v 0.00617300 -0.02874300 0.02871400
v 0.00700000 -0.02855500 0.02871400
v 0.00605000 -0.02816300 0.02570200
v 0.00899200 -0.02737400 0.02570200
v 0.00871400 -0.02652000 0.02276500
v 0.01147000 -0.02546200 0.02276500
v 0.01098400 -0.02437100 0.01993600
v 0.01350300 -0.02308800 0.01993600
v 0.01276500 -0.02180900 0.01724400
v 0.01500600 -0.02035400 0.01724400
v 0.01398100 -0.01894300 0.01471700
v 0.01591500 -0.01737600 0.01471700
v 0.01458100 -0.01589400 0.01238100
v 0.01619400 -0.01428100 0.01238100
v 0.01454300 -0.01279500 0.01026200
v 0.01583200 -0.01120300 0.01026200
v 0.00310400 -0.02923000 0.02871400
v 0.00422600 -0.02909000 0.02871400
v 0.00304200 -0.02863900 0.02570200
v 0.00605000 -0.02816300 0.02570200
v 0.00586300 -0.02728400 0.02276500
v 0.00871400 -0.02652000 0.02276500
v 0.00834500 -0.02538400 0.01993600
v 0.01098400 -0.02437100 0.01993600
v 0.01038400 -0.02302200 0.01724400
v 0.01276500 -0.02180900 0.01724400
v 0.01189300 -0.02029800 0.01471700
v 0.01398100 -0.01894300 0.01471700
v 0.01280900 -0.01733000 0.01238100
v 0.01458100 -0.01589400 0.01238100
v 0.01309500 -0.01424300 0.01026200
v 0.01454300 -0.01279500 0.01026200
v 0.01329800 -0.01051900 0.00838000
v 0.01583200 -0.01120300 0.01026200
v 0.01464700 -0.00860700 0.00838000
v 0.01694800 -0.00948500 0.01026200
v 0.01572400 -0.00653000 0.00838000
v 0.01787800 -0.00766000 0.01026200
v 0.01650700 -0.00432500 0.00838000
v 0.01861200 -0.00574700 0.01026200
v 0.01914200 -0.00376900 0.01026200
v 0.02072500 -0.00643400 0.01238100
v 0.02131500 -0.00423100 0.01238100
v 0.02262100 -0.00705000 0.01471700
v 0.02326500 -0.00464500 0.01471700
v 0.02428000 -0.00758900 0.01724400
v 0.02497200 -0.00500800 0.01724400
v 0.02568400 -0.00804500 0.01993600
v 0.02641600 -0.00531500 0.01993600
v 0.02682000 -0.00841400 0.02276500
v 0.02758400 -0.00556300 0.02276500
v 0.02767400 -0.00869200 0.02570200
v 0.02846300 -0.00575000 0.02570200
v 0.02849000 -0.00806500 0.02871400
v 0.02904300 -0.00587300 0.02871400
v -0.00000000 -0.02879900 0.02570200
v -0.00000000 -0.02939200 0.02871400
v 0.00141300 -0.02935900 0.02871400
v 0.00117000 -0.01680300 0.00838000
v -0.00000000 -0.01927000 0.01026200
v 0.00204600 -0.01916300 0.01026200
v -0.00000000 -0.02149200 0.01238100
v 0.00227800 -0.02137200 0.01238100
v -0.00000000 -0.02348500 0.01471700
v 0.00248600 -0.02335500 0.01471700
v -0.00000000 -0.02522900 0.01724400
v 0.00266900 -0.02509000 0.01724400
v -0.00000000 -0.02670600 0.01993600
v 0.00282300 -0.02655800 0.01993600
v -0.00000000 -0.02790000 0.02276500
v 0.00294800 -0.02774600 0.02276500
v -0.00000000 -0.02879900 0.02570200
v 0.00304200 -0.02863900 0.02570200
v 0.00141300 -0.02935900 0.02871400
v 0.00310400 -0.02923000 0.02871400
v -0.00700000 -0.02855500 0.02871400
v -0.00617300 -0.02874300 0.02871400
v -0.00605000 -0.02816300 0.02570200
v -0.00422600 -0.02909000 0.02871400
v -0.00304200 -0.02863900 0.02570200
v -0.00310400 -0.02923000 0.02871400
v -0.00141300 -0.02935900 0.02871400
v -0.00917500 -0.02793900 0.02871400
v -0.00700000 -0.02855500 0.02871400
v -0.00899200 -0.02737400 0.02570200
v -0.00605000 -0.02816300 0.02570200
v -0.00586300 -0.02728400 0.02276500
v -0.00294800 -0.02774600 0.02276500
v -0.00282300 -0.02655800 0.01993600
v -0.01207700 -0.02682500 0.02871400
v -0.00971100 -0.02775900 0.02871400
v -0.01183500 -0.02628300 0.02570200
v -0.00899200 -0.02737400 0.02570200
v -0.00871400 -0.02652000 0.02276500
v -0.00586300 -0.02728400 0.02276500
v -0.00561500 -0.02611600 0.01993600
v -0.00282300 -0.02655800 0.01993600
v -0.00266900 -0.02509000 0.01724400
v -0.01484600 -0.02541400 0.02871400
v -0.01233500 -0.02670900 0.02871400
v -0.01454900 -0.02490000 0.02570200
v -0.01183500 -0.02628300 0.02570200
v -0.01147000 -0.02546200 0.02276500
v -0.00871400 -0.02652000 0.02276500
v -0.00834500 -0.02538400 0.01993600
v -0.00561500 -0.02611600 0.01993600
v -0.00530800 -0.02467200 0.01724400
v -0.00266900 -0.02509000 0.01724400
v -0.00248600 -0.02335500 0.01471700
v -0.01745300 -0.02372200 0.02871400
v -0.01722300 -0.02388700 0.02871400
v -0.01710400 -0.02324100 0.02570200
v -0.01454900 -0.02490000 0.02570200
v -0.01410000 -0.02412200 0.02276500
v -0.01147000 -0.02546200 0.02276500
v -0.01098400 -0.02437100 0.01993600
v -0.00834500 -0.02538400 0.01993600
v -0.00788900 -0.02398000 0.01724400
v -0.00530800 -0.02467200 0.01724400
v -0.00494500 -0.02296500 0.01471700
v -0.00248600 -0.02335500 0.01471700
v -0.00227800 -0.02137200 0.01238100
v -0.01986800 -0.02176600 0.02871400
v -0.01944400 -0.02214000 0.02871400
v -0.01947100 -0.02132500 0.02570200
v -0.01710400 -0.02324100 0.02570200
v -0.01657600 -0.02251400 0.02276500
v -0.01410000 -0.02412200 0.02276500
v -0.01350300 -0.02308800 0.01993600
v -0.01098400 -0.02437100 0.01993600
v -0.01038400 -0.02302200 0.01724400
v -0.00788900 -0.02398000 0.01724400
v -0.00735000 -0.02232100 0.01471700
v -0.00494500 -0.02296500 0.01471700
v -0.00453100 -0.02101500 0.01238100
v -0.00227800 -0.02137200 0.01238100
v -0.00204600 -0.01916300 0.01026200
v -0.02206600 -0.01956800 0.02871400
v -0.02148900 -0.02019000 0.02871400
v -0.02162500 -0.01917100 0.02570200
v -0.01947100 -0.02132500 0.02570200
v -0.01887000 -0.02065700 0.02276500
v -0.01657600 -0.02251400 0.02276500
v -0.01587400 -0.02154900 0.01993600
v -0.01350300 -0.02308800 0.01993600
v -0.01276500 -0.02180900 0.01724400
v -0.01038400 -0.02302200 0.01724400
v -0.00967400 -0.02142900 0.01471700
v -0.00735000 -0.02232100 0.01471700
v -0.00673400 -0.02042500 0.01238100
v -0.00453100 -0.02101500 0.01238100
v -0.00406900 -0.01884200 0.01026200
v -0.00204600 -0.01916300 0.01026200
v -0.02402200 -0.01715300 0.02871400
v -0.02334000 -0.01805500 0.02871400
v -0.02354100 -0.01680400 0.02570200
v -0.02162500 -0.01917100 0.02570200
v -0.02095700 -0.01857000 0.02276500
v -0.01887000 -0.02065700 0.02276500
v -0.01807100 -0.01977000 0.01993600
v -0.01587400 -0.02154900 0.01993600
v -0.01500600 -0.02035400 0.01724400
v -0.01276500 -0.02180900 0.01724400
v -0.01189300 -0.02029800 0.01471700
v -0.00967400 -0.02142900 0.01471700
v -0.00886300 -0.01960800 0.01238100
v -0.00673400 -0.02042500 0.01238100
v -0.00604700 -0.01831200 0.01026200
v -0.00406900 -0.01884200 0.01026200
v -0.02571400 -0.01454600 0.02871400
v -0.02497900 -0.01575300 0.02871400
v -0.02520000 -0.01424900 0.02570200
v -0.02354100 -0.01680400 0.02570200
v -0.02281400 -0.01627600 0.02276500
v -0.02095700 -0.01857000 0.02276500
v -0.02007000 -0.01777100 0.01993600
v -0.01807100 -0.01977000 0.01993600
v -0.01708200 -0.01867200 0.01724400
v -0.01500600 -0.02035400 0.01724400
v -0.01398100 -0.01894300 0.01471700
v -0.01189300 -0.02029800 0.01471700
v -0.01089600 -0.01857200 0.01238100
v -0.00886300 -0.01960800 0.01238100
v -0.00796000 -0.01757800 0.01026200
v -0.00604700 -0.01831200 0.01026200
v -0.02712500 -0.01177700 0.02871400
v -0.02639200 -0.01330600 0.02871400
v -0.02658300 -0.01153500 0.02570200
v -0.02520000 -0.01424900 0.02570200
v -0.02442200 -0.01380000 0.02276500
v -0.02281400 -0.01627600 0.02276500
v -0.02184900 -0.01557400 0.01993600
v -0.02007000 -0.01777100 0.01993600
v -0.01897200 -0.01678200 0.01724400
v -0.01708200 -0.01867200 0.01724400
v -0.01591500 -0.01737600 0.01471700
v -0.01398100 -0.01894300 0.01471700
v -0.01280900 -0.01733000 0.01238100
v -0.01089600 -0.01857200 0.01238100
v -0.00978500 -0.01664800 0.01026200
v -0.00796000 -0.01757800 0.01026200
v -0.02823900 -0.00887500 0.02871400
v -0.02756500 -0.01073600 0.02871400
v -0.02767400 -0.00869200 0.02570200
v -0.02658300 -0.01153500 0.02570200
v -0.02576200 -0.01117000 0.02276500
v -0.02442200 -0.01380000 0.02276500
v -0.02338800 -0.01320300 0.01993600
v -0.02184900 -0.01557400 0.01993600
v -0.02065400 -0.01470600 0.01724400
v -0.01897200 -0.01678200 0.01724400
v -0.01767600 -0.01561500 0.01471700
v -0.01591500 -0.01737600 0.01471700
v -0.01458100 -0.01589400 0.01238100
v -0.01280900 -0.01733000 0.01238100
v -0.01150300 -0.01553200 0.01026200
v -0.00978500 -0.01664800 0.01026200
v -0.00788700 -0.01492100 0.00838000
v -0.00796000 -0.01757800 0.01026200
v -0.00574100 -0.01585300 0.00838000
v -0.00604700 -0.01831200 0.01026200
v -0.00348800 -0.01648400 0.00838000
v -0.00406900 -0.01884200 0.01026200
v -0.00117000 -0.01680300 0.00838000
v -0.00204600 -0.01916300 0.01026200
v -0.00000000 -0.01927000 0.01026200
v -0.00227800 -0.02137200 0.01238100
v -0.00000000 -0.02149200 0.01238100
v -0.00248600 -0.02335500 0.01471700
v -0.00000000 -0.02348500 0.01471700
v -0.00266900 -0.02509000 0.01724400
v -0.00000000 -0.02522900 0.01724400
v -0.00282300 -0.02655800 0.01993600
v -0.00000000 -0.02670600 0.01993600
v -0.00294800 -0.02774600 0.02276500
v -0.00000000 -0.02790000 0.02276500
v -0.00304200 -0.02863900 0.02570200
v -0.00000000 -0.02879900 0.02570200
v -0.00141300 -0.02935900 0.02871400
v -0.00000000 -0.02939200 0.02871400
v -0.02904300 -0.00587300 0.02871400
v -0.02849000 -0.00806500 0.02871400
v -0.02846300 -0.00575000 0.02570200
v -0.02767400 -0.00869200 0.02570200
v -0.02682000 -0.00841400 0.02276500
v -0.02576200 -0.01117000 0.02276500
v -0.02467100 -0.01068400 0.01993600
v -0.02338800 -0.01320300 0.01993600
v -0.02210900 -0.01246500 0.01724400
v -0.02065400 -0.01470600 0.01724400
v -0.01924300 -0.01368100 0.01471700
v -0.01767600 -0.01561500 0.01471700
v -0.01619400 -0.01428100 0.01238100
v -0.01458100 -0.01589400 0.01238100
v -0.01309500 -0.01424300 0.01026200
v -0.01150300 -0.01553200 0.01026200
v -0.00988600 -0.01370500 0.00838000
v -0.00788700 -0.01492100 0.00838000
v -0.02953000 -0.00280400 0.02871400
v -0.02915600 -0.00531900 0.02871400
v -0.02893900 -0.00274200 0.02570200
v -0.02846300 -0.00575000 0.02570200
v -0.02758400 -0.00556300 0.02276500
v -0.02682000 -0.00841400 0.02276500
v -0.02568400 -0.00804500 0.01993600
v -0.02467100 -0.01068400 0.01993600
v -0.02332200 -0.01008400 0.01724400
v -0.02210900 -0.01246500 0.01724400
v -0.02059800 -0.01159300 0.01471700
v -0.01924300 -0.01368100 0.01471700
v -0.01763000 -0.01250900 0.01238100
v -0.01619400 -0.01428100 0.01238100
v -0.01454300 -0.01279500 0.01026200
v -0.01309500 -0.01424300 0.01026200
v -0.01170100 -0.01222900 0.00838000
v -0.00988600 -0.01370500 0.00838000
v -0.02969200 0.00030000 0.02871400
v -0.02955800 -0.00252200 0.02871400
v -0.02909900 0.00030000 0.02570200
v -0.02893900 -0.00274200 0.02570200
v -0.02804600 -0.00264800 0.02276500
v -0.02758400 -0.00556300 0.02276500
v -0.02641600 -0.00531500 0.01993600
v -0.02568400 -0.00804500 0.01993600
v -0.02428000 -0.00758900 0.01724400
v -0.02332200 -0.01008400 0.01724400
v -0.02172900 -0.00937400 0.01471700
v -0.02059800 -0.01159300 0.01471700
v -0.01887200 -0.01059600 0.01238100
v -0.01763000 -0.01250900 0.01238100
v -0.01583200 -0.01120300 0.01026200
v -0.01454300 -0.01279500 0.01026200
v -0.01329800 -0.01051900 0.00838000
v -0.01170100 -0.01222900 0.00838000
v 0.04500000 -0.02055800 0.02800000
v 0.04500000 -0.02055800 0.00000000
v 0.04500000 0.00030000 0.02800000
v 0.04500000 0.00030000 0.00000000
v -0.04500000 0.00030000 0.02800000
v -0.04500000 0.00030000 0.00000000
v -0.04500000 -0.02055800 0.02800000
v -0.04500000 -0.02055800 0.00000000
v -0.04423900 -0.02438500 0.00000000
v -0.04480800 -0.02250900 0.00000000
v -0.01370300 -0.00580100 0.00000000
v -0.04500000 -0.02055800 0.00000000
v -0.01467200 -0.00281900 0.00000000
v -0.04500000 0.00030000 0.00000000
v -0.01500000 0.00030000 0.00000000
v -0.02280900 -0.04450800 0.00000000
v -0.00750000 -0.01269000 0.00000000
v -0.00463500 -0.01396600 0.00000000
v -0.02280900 -0.04450800 0.00000000
v -0.00463500 -0.01396600 0.00000000
v -0.02085800 -0.04470000 0.00000000
v -0.00156800 -0.01461800 0.00000000
v 0.02085800 -0.04470000 0.00000000
v 0.02641400 -0.04301500 0.00000000
v 0.00750000 -0.01269000 0.00000000
v 0.01003700 -0.01084700 0.00000000
v 0.04423900 -0.02438500 0.00000000
v 0.01213500 -0.00851700 0.00000000
v 0.04480800 -0.02250900 0.00000000
v 0.01370300 -0.00580100 0.00000000
v 0.04500000 -0.02055800 0.00000000
v 0.04423900 -0.02438500 0.00000000
v 0.04331500 -0.02611400 0.00000000
v 0.01213500 -0.00851700 0.00000000
v 0.04207100 -0.02762900 0.00000000
v 0.01003700 -0.01084700 0.00000000
v 0.02792900 -0.04177100 0.00000000
v 0.02641400 -0.04301500 0.00000000
v 0.04500000 -0.02055800 0.00000000
v 0.01370300 -0.00580100 0.00000000
v 0.04500000 0.00030000 0.00000000
v 0.01467200 -0.00281900 0.00000000
v 0.01500000 0.00030000 0.00000000
v -0.02280900 -0.04450800 0.00000000
v -0.02468500 -0.04393900 0.00000000
v -0.00750000 -0.01269000 0.00000000
v -0.02641400 -0.04301500 0.00000000
v -0.01003700 -0.01084700 0.00000000
v -0.02792900 -0.04177100 0.00000000
v -0.01213500 -0.00851700 0.00000000
v -0.04207100 -0.02762900 0.00000000
v -0.01370300 -0.00580100 0.00000000
v -0.04331500 -0.02611400 0.00000000
v -0.04423900 -0.02438500 0.00000000
v -0.00156800 -0.01461800 0.00000000
v 0.00156800 -0.01461800 0.00000000
v 0.02085800 -0.04470000 0.00000000
v 0.00463500 -0.01396600 0.00000000
v 0.02280900 -0.04450800 0.00000000
v 0.00750000 -0.01269000 0.00000000
v 0.02468500 -0.04393900 0.00000000
v 0.02641400 -0.04301500 0.00000000
v 0.04500000 0.00030000 0.02800000
v 0.04500000 0.00030000 0.00000000
v 0.04500000 0.02115800 0.02800000
v 0.04500000 0.02115800 0.00000000
v 0.02085800 0.04530000 0.02800000
v 0.02085800 0.04530000 0.00000000
v -0.02085800 0.04530000 0.02800000
v -0.02085800 0.04530000 0.00000000
v -0.04500000 0.02115800 0.02800000
v -0.04500000 0.02115800 0.00000000
v -0.04500000 0.00030000 0.02800000
v -0.04500000 0.00030000 0.00000000
v -0.02085800 -0.04470000 0.02800000
v -0.02085800 -0.04470000 0.00000000
v 0.02085800 -0.04470000 0.02800000
v 0.02085800 -0.04470000 0.00000000
v -0.01467200 0.00341900 0.00000000
v -0.01500000 0.00030000 0.00000000
v -0.04500000 0.00030000 0.00000000
v -0.01467200 0.00341900 0.00000000
v -0.04500000 0.00030000 0.00000000
v -0.01370300 0.00640100 0.00000000
v -0.02085800 0.04530000 0.00000000
v 0.02085800 0.04530000 0.00000000
v 0.00156800 0.01521800 0.00000000
v 0.04331500 0.02671400 0.00000000
v 0.04423900 0.02498500 0.00000000
v 0.01213500 0.00911700 0.00000000
v 0.04480800 0.02310900 0.00000000
v 0.01370300 0.00640100 0.00000000
v 0.04500000 0.02115800 0.00000000
v 0.01467200 0.00341900 0.00000000
v 0.04500000 0.00030000 0.00000000
v 0.01500000 0.00030000 0.00000000
v 0.00156800 0.01521800 0.00000000
v 0.02085800 0.04530000 0.00000000
v 0.00463500 0.01456600 0.00000000
v 0.02280900 0.04510800 0.00000000
v 0.00750000 0.01329000 0.00000000
v 0.00156800 0.01521800 0.00000000
v -0.00156800 0.01521800 0.00000000
v -0.02085800 0.04530000 0.00000000
v -0.00463500 0.01456600 0.00000000
v -0.02280900 0.04510800 0.00000000
v -0.00750000 0.01329000 0.00000000
v -0.01003700 0.01144700 0.00000000
v -0.02641400 0.04361500 0.00000000
v -0.00750000 0.01329000 0.00000000
v -0.02468500 0.04453900 0.00000000
v -0.02280900 0.04510800 0.00000000
v 0.02280900 0.04510800 0.00000000
v 0.02468500 0.04453900 0.00000000
v 0.00750000 0.01329000 0.00000000
v 0.02641400 0.04361500 0.00000000
v 0.01003700 0.01144700 0.00000000
v 0.02792900 0.04237100 0.00000000
v 0.01213500 0.00911700 0.00000000
v 0.04207100 0.02822900 0.00000000
v 0.04331500 0.02671400 0.00000000
v -0.04423900 0.02498500 0.00000000
v -0.01213500 0.00911700 0.00000000
v -0.04480800 0.02310900 0.00000000
v -0.01370300 0.00640100 0.00000000
v -0.04500000 0.02115800 0.00000000
v -0.04500000 0.00030000 0.00000000
v -0.04423900 0.02498500 0.00000000
v -0.04331500 0.02671400 0.00000000
v -0.01213500 0.00911700 0.00000000
v -0.04207100 0.02822900 0.00000000
v -0.01003700 0.01144700 0.00000000
v -0.02792900 0.04237100 0.00000000
v -0.02641400 0.04361500 0.00000000
v -0.04000000 0.00030000 0.03300000
v -0.03464100 0.00030000 0.03300000
v -0.03448400 0.00359300 0.03300000
v 0.04000000 0.00030000 0.03300000
v 0.03464100 0.00030000 0.03300000
v 0.03448400 -0.00299300 0.03300000
v 0.01439000 -0.03121100 0.03300000
v 0.01133000 -0.03243600 0.03300000
v 0.02085800 -0.03970000 0.03300000
v 0.00816700 -0.03336500 0.03300000
v 0.00493000 -0.03398800 0.03300000
v -0.04000000 0.00030000 0.03300000
v -0.03448400 0.00359300 0.03300000
v -0.04000000 0.02115800 0.03300000
v -0.03401500 0.00685600 0.03300000
v -0.03323800 0.01006000 0.03300000
v -0.01439000 0.03181100 0.03300000
v -0.01133000 0.03303600 0.03300000
v -0.02085800 0.04030000 0.03300000
v -0.00816700 0.03396500 0.03300000
v -0.00493000 0.03458800 0.03300000
v 0.04000000 0.00030000 0.03300000
v 0.03448400 -0.00299300 0.03300000
v 0.04000000 -0.02055800 0.03300000
v 0.03401500 -0.00625600 0.03300000
v 0.03323800 -0.00946000 0.03300000
v -0.03216000 -0.01257500 0.03300000
v -0.03323800 -0.00946000 0.03300000
v -0.04000000 -0.02055800 0.03300000
v -0.03401500 -0.00625600 0.03300000
v -0.04000000 0.00030000 0.03300000
v -0.03448400 -0.00299300 0.03300000
v -0.03464100 0.00030000 0.03300000
v -0.02240300 0.04005500 0.03300000
v -0.02312800 0.03975500 0.03300000
v -0.01732100 0.03030000 0.03300000
v -0.02379700 0.03934500 0.03300000
v -0.02009400 0.02851800 0.03300000
v -0.02439300 0.03883600 0.03300000
v -0.02268500 0.02648000 0.03300000
v -0.01439000 0.03181100 0.03300000
v -0.02085800 0.04030000 0.03300000
v -0.01732100 0.03030000 0.03300000
v -0.02164000 0.04023800 0.03300000
v -0.02240300 0.04005500 0.03300000
v 0.02312800 0.03975500 0.03300000
v 0.01732100 0.03030000 0.03300000
v 0.02379700 0.03934500 0.03300000
v 0.02009400 0.02851800 0.03300000
v 0.02439300 0.03883600 0.03300000
v 0.02268500 0.02648000 0.03300000
v 0.03853600 0.02469300 0.03300000
v 0.02507100 0.02420500 0.03300000
v 0.00493000 -0.03398800 0.03300000
v 0.00164800 -0.03430200 0.03300000
v 0.02085800 -0.03970000 0.03300000
v -0.00164800 -0.03430200 0.03300000
v -0.02085800 -0.03970000 0.03300000
v -0.00493000 -0.03398800 0.03300000
v -0.00816700 -0.03336500 0.03300000
v -0.02268500 0.02648000 0.03300000
v -0.02439300 0.03883600 0.03300000
v -0.02507100 0.02420500 0.03300000
v -0.03853600 0.02469300 0.03300000
v -0.02723000 0.02171400 0.03300000
v -0.00493000 0.03458800 0.03300000
v -0.00164800 0.03490200 0.03300000
v -0.02085800 0.04030000 0.03300000
v 0.00164800 0.03490200 0.03300000
v 0.02085800 0.04030000 0.03300000
v 0.00493000 0.03458800 0.03300000
v 0.00816700 0.03396500 0.03300000
v 0.03216000 0.01317500 0.03300000
v 0.03323800 0.01006000 0.03300000
v 0.04000000 0.02115800 0.03300000
v 0.03401500 0.00685600 0.03300000
v 0.04000000 0.00030000 0.03300000
v 0.03448400 0.00359300 0.03300000
v 0.03464100 0.00030000 0.03300000
v 0.03853600 -0.02409300 0.03300000
v 0.02723000 -0.02111400 0.03300000
v 0.02507100 -0.02360500 0.03300000
v -0.00816700 -0.03336500 0.03300000
v -0.01133000 -0.03243600 0.03300000
v -0.02085800 -0.03970000 0.03300000
v -0.01439000 -0.03121100 0.03300000
v -0.02164000 -0.03963800 0.03300000
v -0.01732100 -0.02970000 0.03300000
v -0.02240300 -0.03945500 0.03300000
v -0.02507100 -0.02360500 0.03300000
v -0.03853600 -0.02409300 0.03300000
v -0.02268500 -0.02588000 0.03300000
v -0.02439300 -0.03823600 0.03300000
v -0.02009400 -0.02791800 0.03300000
v -0.02379700 -0.03874500 0.03300000
v -0.01732100 -0.02970000 0.03300000
v -0.02312800 -0.03915500 0.03300000
v -0.02240300 -0.03945500 0.03300000
v -0.03216000 -0.01257500 0.03300000
v -0.04000000 -0.02055800 0.03300000
v -0.03079000 -0.01557300 0.03300000
v -0.03993800 -0.02134000 0.03300000
v -0.02914200 -0.01842800 0.03300000
v -0.03975500 -0.02210300 0.03300000
v -0.03945500 -0.02282800 0.03300000
v 0.00816700 0.03396500 0.03300000
v 0.01133000 0.03303600 0.03300000
v 0.02085800 0.04030000 0.03300000
v 0.01439000 0.03181100 0.03300000
v 0.02164000 0.04023800 0.03300000
v 0.01732100 0.03030000 0.03300000
v 0.02240300 0.04005500 0.03300000
v 0.02312800 0.03975500 0.03300000
v 0.03853600 -0.02409300 0.03300000
v 0.02507100 -0.02360500 0.03300000
v 0.02439300 -0.03823600 0.03300000
v 0.02507100 -0.02360500 0.03300000
v 0.02268500 -0.02588000 0.03300000
v 0.02439300 -0.03823600 0.03300000
v 0.02009400 -0.02791800 0.03300000
v 0.02379700 -0.03874500 0.03300000
v 0.01732100 -0.02970000 0.03300000
v 0.02312800 -0.03915500 0.03300000
v 0.02240300 -0.03945500 0.03300000
v 0.01439000 -0.03121100 0.03300000
v 0.02085800 -0.03970000 0.03300000
v 0.01732100 -0.02970000 0.03300000
v 0.02164000 -0.03963800 0.03300000
v 0.02240300 -0.03945500 0.03300000
v -0.02507100 -0.02360500 0.03300000
v -0.02723000 -0.02111400 0.03300000
v -0.03853600 -0.02409300 0.03300000
v -0.02914200 -0.01842800 0.03300000
v -0.03904500 -0.02349700 0.03300000
v -0.03945500 -0.02282800 0.03300000
v -0.02723000 0.02171400 0.03300000
v -0.03853600 0.02469300 0.03300000
v -0.02914200 0.01902800 0.03300000
v -0.03904500 0.02409700 0.03300000
v -0.03945500 0.02342800 0.03300000
v -0.03323800 0.01006000 0.03300000
v -0.03216000 0.01317500 0.03300000
v -0.04000000 0.02115800 0.03300000
v -0.03079000 0.01617300 0.03300000
v -0.03993800 0.02194000 0.03300000
v -0.02914200 0.01902800 0.03300000
v -0.03975500 0.02270300 0.03300000
v -0.03945500 0.02342800 0.03300000
v 0.03216000 0.01317500 0.03300000
v 0.04000000 0.02115800 0.03300000
v 0.03079000 0.01617300 0.03300000
v 0.03993800 0.02194000 0.03300000
v 0.03975500 0.02270300 0.03300000
v 0.02507100 0.02420500 0.03300000
v 0.02723000 0.02171400 0.03300000
v 0.03853600 0.02469300 0.03300000
v 0.02914200 0.01902800 0.03300000
v 0.03904500 0.02409700 0.03300000
v 0.03079000 0.01617300 0.03300000
v 0.03945500 0.02342800 0.03300000
v 0.03975500 0.02270300 0.03300000
v 0.02723000 -0.02111400 0.03300000
v 0.03853600 -0.02409300 0.03300000
v 0.02914200 -0.01842800 0.03300000
v 0.03904500 -0.02349700 0.03300000
v 0.03945500 -0.02282800 0.03300000
v 0.03323800 -0.00946000 0.03300000
v 0.03216000 -0.01257500 0.03300000
v 0.04000000 -0.02055800 0.03300000
v 0.03079000 -0.01557300 0.03300000
v 0.03993800 -0.02134000 0.03300000
v 0.02914200 -0.01842800 0.03300000
v 0.03975500 -0.02210300 0.03300000
v 0.03945500 -0.02282800 0.03300000
v -0.01500000 0.00030000 0.00000000
v -0.01467200 0.00341900 0.00000000
v -0.01486000 0.00234200 0.00427700
v -0.01370300 0.00640100 0.00427700
v -0.01375800 0.00627600 0.00427700
v -0.01370300 0.00640100 0.00000000
v -0.01444400 0.00434700 0.00427700
v -0.01467200 0.00341900 0.00000000
v -0.01467200 0.00341900 0.00427700
v -0.01486000 0.00234200 0.00427700
v -0.01370300 0.00640100 0.00427700
v -0.01370300 0.00640100 0.00000000
v -0.01281600 0.00809400 0.00427700
v -0.01213500 0.00911700 0.00000000
v -0.01213500 0.00911700 0.00427700
v -0.01213500 0.00911700 0.00427700
v -0.01213500 0.00911700 0.00000000
v -0.01163600 0.00976600 0.00427700
v -0.01003700 0.01144700 0.00000000
v -0.01023800 0.01126300 0.00427700
v -0.00750000 0.01329000 0.00000000
v -0.00865000 0.01255500 0.00427700
v -0.01003700 0.01144700 0.00000000
v -0.01003700 0.01144700 0.00427700
v -0.01023800 0.01126300 0.00427700
v -0.00463500 0.01456600 0.00427700
v -0.00502300 0.01443400 0.00427700
v -0.00463500 0.01456600 0.00000000
v -0.00690100 0.01361800 0.00427700
v -0.00750000 0.01329000 0.00000000
v -0.00750000 0.01329000 0.00427700
v -0.00865000 0.01255500 0.00427700
v -0.00463500 0.01456600 0.00427700
v -0.00463500 0.01456600 0.00000000
v -0.00305200 0.01498600 0.00427700
v -0.00156800 0.01521800 0.00000000
v -0.00156800 0.01521800 0.00427700
v -0.00156800 0.01521800 0.00427700
v -0.00156800 0.01521800 0.00000000
v -0.00102400 0.01526500 0.00427700
v 0.00156800 0.01521800 0.00000000
v 0.00102400 0.01526500 0.00427700
v 0.00463500 0.01456600 0.00000000
v 0.00305200 0.01498600 0.00427700
v 0.00156800 0.01521800 0.00000000
v 0.00156800 0.01521800 0.00427700
v 0.00102400 0.01526500 0.00427700
v 0.00750000 0.01329000 0.00427700
v 0.00690100 0.01361800 0.00427700
v 0.00750000 0.01329000 0.00000000
v 0.00502300 0.01443400 0.00427700
v 0.00463500 0.01456600 0.00000000
v 0.00463500 0.01456600 0.00427700
v 0.00305200 0.01498600 0.00427700
v 0.00750000 0.01329000 0.00427700
v 0.00750000 0.01329000 0.00000000
v 0.00865000 0.01255500 0.00427700
v 0.01003700 0.01144700 0.00000000
v 0.01003700 0.01144700 0.00427700
v 0.01003700 0.01144700 0.00427700
v 0.01003700 0.01144700 0.00000000
v 0.01023800 0.01126300 0.00427700
v 0.01213500 0.00911700 0.00000000
v 0.01163600 0.00976600 0.00427700
v 0.01370300 0.00640100 0.00000000
v 0.01281600 0.00809400 0.00427700
v 0.01213500 0.00911700 0.00000000
v 0.01213500 0.00911700 0.00427700
v 0.01163600 0.00976600 0.00427700
v 0.01467200 0.00341900 0.00427700
v 0.01444400 0.00434700 0.00427700
v 0.01467200 0.00341900 0.00000000
v 0.01375800 0.00627600 0.00427700
v 0.01370300 0.00640100 0.00000000
v 0.01370300 0.00640100 0.00427700
v 0.01281600 0.00809400 0.00427700
v 0.01467200 0.00341900 0.00427700
v 0.01467200 0.00341900 0.00000000
v 0.01486000 0.00234200 0.00427700
v 0.01500000 0.00030000 0.00000000
v 0.01500000 0.00030000 0.00427700
v 0.01500000 0.00030000 0.00427700
v 0.01500000 0.00030000 0.00000000
v 0.01486000 -0.00174300 0.00427700
v 0.01467200 -0.00281900 0.00000000
v 0.01467200 -0.00281900 0.00427700
v 0.01467200 -0.00281900 0.00427700
v 0.01467200 -0.00281900 0.00000000
v 0.01444400 -0.00374700 0.00427700
v 0.01370300 -0.00580100 0.00000000
v 0.01375800 -0.00567600 0.00427700
v 0.01213500 -0.00851700 0.00000000
v 0.01281600 -0.00749400 0.00427700
v 0.01370300 -0.00580100 0.00000000
v 0.01370300 -0.00580100 0.00427700
v 0.01375800 -0.00567600 0.00427700
v 0.01003700 -0.01084700 0.00427700
v 0.01023800 -0.01066300 0.00427700
v 0.01003700 -0.01084700 0.00000000
v 0.01163600 -0.00916600 0.00427700
v 0.01213500 -0.00851700 0.00000000
v 0.01213500 -0.00851700 0.00427700
v 0.01281600 -0.00749400 0.00427700
v 0.01003700 -0.01084700 0.00427700
v 0.01003700 -0.01084700 0.00000000
v 0.00865000 -0.01195500 0.00427700
v 0.00750000 -0.01269000 0.00000000
v 0.00750000 -0.01269000 0.00427700
v 0.00750000 -0.01269000 0.00427700
v 0.00750000 -0.01269000 0.00000000
v 0.00690100 -0.01301800 0.00427700
v 0.00463500 -0.01396600 0.00000000
v 0.00502300 -0.01383400 0.00427700
v 0.00156800 -0.01461800 0.00000000
v 0.00305200 -0.01438600 0.00427700
v 0.00463500 -0.01396600 0.00000000
v 0.00463500 -0.01396600 0.00427700
v 0.00502300 -0.01383400 0.00427700
v -0.00156800 -0.01461800 0.00427700
v -0.00102400 -0.01466500 0.00427700
v -0.00156800 -0.01461800 0.00000000
v 0.00102400 -0.01466500 0.00427700
v 0.00156800 -0.01461800 0.00000000
v 0.00156800 -0.01461800 0.00427700
v 0.00305200 -0.01438600 0.00427700
v -0.00156800 -0.01461800 0.00427700
v -0.00156800 -0.01461800 0.00000000
v -0.00305200 -0.01438600 0.00427700
v -0.00463500 -0.01396600 0.00000000
v -0.00463500 -0.01396600 0.00427700
v -0.00463500 -0.01396600 0.00427700
v -0.00463500 -0.01396600 0.00000000
v -0.00502300 -0.01383400 0.00427700
v -0.00750000 -0.01269000 0.00000000
v -0.00690100 -0.01301800 0.00427700
v -0.01003700 -0.01084700 0.00000000
v -0.00865000 -0.01195500 0.00427700
v -0.00750000 -0.01269000 0.00000000
v -0.00750000 -0.01269000 0.00427700
v -0.00690100 -0.01301800 0.00427700
v -0.01213500 -0.00851700 0.00427700
v -0.01163600 -0.00916600 0.00427700
v -0.01213500 -0.00851700 0.00000000
v -0.01023800 -0.01066300 0.00427700
v -0.01003700 -0.01084700 0.00000000
v -0.01003700 -0.01084700 0.00427700
v -0.00865000 -0.01195500 0.00427700
v -0.01213500 -0.00851700 0.00427700
v -0.01213500 -0.00851700 0.00000000
v -0.01281600 -0.00749400 0.00427700
v -0.01370300 -0.00580100 0.00000000
v -0.01370300 -0.00580100 0.00427700
v -0.01370300 -0.00580100 0.00427700
v -0.01370300 -0.00580100 0.00000000
v -0.01375800 -0.00567600 0.00427700
v -0.01467200 -0.00281900 0.00000000
v -0.01444400 -0.00374700 0.00427700
v -0.01486000 0.00234200 0.00427700
v -0.01500000 0.00030000 0.00427700
v -0.01500000 0.00030000 0.00000000
v -0.01486000 -0.00174300 0.00427700
v -0.01467200 -0.00281900 0.00000000
v -0.01467200 -0.00281900 0.00427700
v -0.01444400 -0.00374700 0.00427700
v -0.02792900 0.04237100 0.02800000
v -0.02792900 0.04237100 0.00000000
v -0.04207100 0.02822900 0.02800000
v -0.04207100 0.02822900 0.00000000
v 0.04207100 0.02822900 0.02800000
v 0.04207100 0.02822900 0.00000000
v 0.02792900 0.04237100 0.02800000
v 0.02792900 0.04237100 0.00000000
v 0.02792900 -0.04177100 0.02800000
v 0.02792900 -0.04177100 0.00000000
v 0.04207100 -0.02762900 0.02800000
v 0.04207100 -0.02762900 0.00000000
v -0.04207100 -0.02762900 0.02800000
v -0.04207100 -0.02762900 0.00000000
v -0.02792900 -0.04177100 0.02800000
v -0.02792900 -0.04177100 0.00000000
v -0.01714300 0.00030000 0.00838000
v -0.01624700 0.00030000 0.00758100
v -0.01609600 0.00251200 0.00758100
v -0.01624700 0.00030000 0.00758100
v -0.01556800 0.00030000 0.00659200
v -0.01542300 0.00242000 0.00659200
v -0.01514400 0.00030000 0.00546900
v -0.01500000 0.00030000 0.00427700
v -0.01486000 0.00234200 0.00427700
v -0.01556800 0.00030000 0.00659200
v -0.01514400 0.00030000 0.00546900
v -0.01500300 0.00236200 0.00546900
v -0.01486000 0.00234200 0.00427700
v -0.01458200 0.00438600 0.00546900
v -0.01467200 0.00341900 0.00427700
v -0.01467200 0.00341900 0.00427700
v -0.01444400 0.00434700 0.00427700
v -0.01458200 0.00438600 0.00546900
v -0.01375800 0.00627600 0.00427700
v -0.01389000 0.00633300 0.00546900
v -0.01370300 0.00640100 0.00427700
v -0.01293900 0.00816900 0.00546900
v -0.01281600 0.00809400 0.00427700
v -0.01174700 0.00985700 0.00546900
v -0.01213500 0.00911700 0.00427700
v -0.01213500 0.00911700 0.00427700
v -0.01163600 0.00976600 0.00427700
v -0.01174700 0.00985700 0.00546900
v -0.01023800 0.01126300 0.00427700
v -0.01033700 0.01136800 0.00546900
v -0.01003700 0.01144700 0.00427700
v -0.00873300 0.01267200 0.00546900
v -0.00865000 0.01255500 0.00427700
v -0.00696700 0.01374600 0.00546900
v -0.00750000 0.01329000 0.00427700
v -0.00750000 0.01329000 0.00427700
v -0.00690100 0.01361800 0.00427700
v -0.00696700 0.01374600 0.00546900
v -0.00502300 0.01443400 0.00427700
v -0.00507100 0.01457000 0.00546900
v -0.00463500 0.01456600 0.00427700
v -0.00308100 0.01512700 0.00546900
v -0.00305200 0.01498600 0.00427700
v -0.00103300 0.01540900 0.00546900
v -0.00156800 0.01521800 0.00427700
v -0.00156800 0.01521800 0.00427700
v -0.00102400 0.01526500 0.00427700
v -0.00103300 0.01540900 0.00546900
v 0.00102400 0.01526500 0.00427700
v 0.00103300 0.01540900 0.00546900
v 0.00156800 0.01521800 0.00427700
v 0.00308100 0.01512700 0.00546900
v 0.00305200 0.01498600 0.00427700
v 0.00507100 0.01457000 0.00546900
v 0.00463500 0.01456600 0.00427700
v 0.00463500 0.01456600 0.00427700
v 0.00502300 0.01443400 0.00427700
v 0.00507100 0.01457000 0.00546900
v 0.00690100 0.01361800 0.00427700
v 0.00696700 0.01374600 0.00546900
v 0.00750000 0.01329000 0.00427700
v 0.00873300 0.01267200 0.00546900
v 0.00865000 0.01255500 0.00427700
v 0.01033700 0.01136800 0.00546900
v 0.01003700 0.01144700 0.00427700
v 0.01003700 0.01144700 0.00427700
v 0.01023800 0.01126300 0.00427700
v 0.01033700 0.01136800 0.00546900
v 0.01163600 0.00976600 0.00427700
v 0.01174700 0.00985700 0.00546900
v 0.01213500 0.00911700 0.00427700
v 0.01293900 0.00816900 0.00546900
v 0.01281600 0.00809400 0.00427700
v 0.01389000 0.00633300 0.00546900
v 0.01370300 0.00640100 0.00427700
v 0.01370300 0.00640100 0.00427700
v 0.01375800 0.00627600 0.00427700
v 0.01389000 0.00633300 0.00546900
v 0.01444400 0.00434700 0.00427700
v 0.01458200 0.00438600 0.00546900
v 0.01467200 0.00341900 0.00427700
v 0.01500300 0.00236200 0.00546900
v 0.01467200 0.00341900 0.00427700
v 0.01486000 0.00234200 0.00427700
v 0.01500300 0.00236200 0.00546900
v 0.01500000 0.00030000 0.00427700
v 0.01514400 0.00030000 0.00546900
v -0.01556800 0.00030000 0.00659200
v -0.01500300 0.00236200 0.00546900
v -0.01542300 0.00242000 0.00659200
v -0.01458200 0.00438600 0.00546900
v -0.01499100 0.00450000 0.00659200
v -0.01389000 0.00633300 0.00546900
v -0.01427900 0.00650200 0.00659200
v -0.01293900 0.00816900 0.00546900
v -0.01330200 0.00838900 0.00659200
v -0.01174700 0.00985700 0.00546900
v -0.01207600 0.01012500 0.00659200
v -0.01033700 0.01136800 0.00546900
v -0.01062600 0.01167800 0.00659200
v -0.00873300 0.01267200 0.00546900
v -0.00897800 0.01301900 0.00659200
v -0.00696700 0.01374600 0.00546900
v -0.00716200 0.01412300 0.00659200
v -0.00507100 0.01457000 0.00546900
v -0.00521300 0.01496900 0.00659200
v -0.00308100 0.01512700 0.00546900
v -0.00316700 0.01554200 0.00659200
v -0.00103300 0.01540900 0.00546900
v -0.00106200 0.01583200 0.00659200
v 0.00103300 0.01540900 0.00546900
v 0.00106200 0.01583200 0.00659200
v 0.00308100 0.01512700 0.00546900
v 0.00316700 0.01554200 0.00659200
v 0.00507100 0.01457000 0.00546900
v 0.00521300 0.01496900 0.00659200
v 0.00696700 0.01374600 0.00546900
v 0.00716200 0.01412300 0.00659200
v 0.00873300 0.01267200 0.00546900
v 0.00897800 0.01301900 0.00659200
v 0.01033700 0.01136800 0.00546900
v 0.01062600 0.01167800 0.00659200
v 0.01174700 0.00985700 0.00546900
v 0.01207600 0.01012500 0.00659200
v 0.01293900 0.00816900 0.00546900
v 0.01330200 0.00838900 0.00659200
v 0.01389000 0.00633300 0.00546900
v 0.01427900 0.00650200 0.00659200
v 0.01458200 0.00438600 0.00546900
v 0.01499100 0.00450000 0.00659200
v 0.01500300 0.00236200 0.00546900
v 0.01542300 0.00242000 0.00659200
v 0.01514400 0.00030000 0.00546900
v 0.01556800 0.00030000 0.00659200
v -0.01624700 0.00030000 0.00758100
v -0.01542300 0.00242000 0.00659200
v -0.01609600 0.00251200 0.00758100
v -0.01499100 0.00450000 0.00659200
v -0.01564500 0.00468300 0.00758100
v -0.01427900 0.00650200 0.00659200
v -0.01490200 0.00677300 0.00758100
v -0.01330200 0.00838900 0.00659200
v -0.01388200 0.00874200 0.00758100
v -0.01207600 0.01012500 0.00659200
v -0.01260300 0.01055300 0.00758100
v -0.01062600 0.01167800 0.00659200
v -0.01109000 0.01217400 0.00758100
v -0.00897800 0.01301900 0.00659200
v -0.00936900 0.01357400 0.00758100
v -0.00716200 0.01412300 0.00659200
v -0.00747500 0.01472600 0.00758100
v -0.00521300 0.01496900 0.00659200
v -0.00544100 0.01560900 0.00758100
v -0.00316700 0.01554200 0.00659200
v -0.00330600 0.01620700 0.00758100
v -0.00106200 0.01583200 0.00659200
v -0.00110900 0.01650900 0.00758100
v 0.00106200 0.01583200 0.00659200
v 0.00110900 0.01650900 0.00758100
v 0.00316700 0.01554200 0.00659200
v 0.00330600 0.01620700 0.00758100
v 0.00521300 0.01496900 0.00659200
v 0.00544100 0.01560900 0.00758100
v 0.00716200 0.01412300 0.00659200
v 0.00747500 0.01472600 0.00758100
v 0.00897800 0.01301900 0.00659200
v 0.00936900 0.01357400 0.00758100
v 0.01062600 0.01167800 0.00659200
v 0.01109000 0.01217400 0.00758100
v 0.01207600 0.01012500 0.00659200
v 0.01260300 0.01055300 0.00758100
v 0.01330200 0.00838900 0.00659200
v 0.01388200 0.00874200 0.00758100
v 0.01427900 0.00650200 0.00659200
v 0.01490200 0.00677300 0.00758100
v 0.01499100 0.00450000 0.00659200
v 0.01564500 0.00468300 0.00758100
v 0.01542300 0.00242000 0.00659200
v 0.01609600 0.00251200 0.00758100
v 0.01556800 0.00030000 0.00659200
v 0.01624700 0.00030000 0.00758100
v -0.01714300 0.00030000 0.00838000
v -0.01609600 0.00251200 0.00758100
v -0.01698300 0.00263400 0.00838000
v -0.01564500 0.00468300 0.00758100
v -0.01650700 0.00492500 0.00838000
v -0.01490200 0.00677300 0.00758100
v -0.01572400 0.00713000 0.00838000
v -0.01388200 0.00874200 0.00758100
v -0.01464700 0.00920700 0.00838000
v -0.01260300 0.01055300 0.00758100
v -0.01329800 0.01111900 0.00838000
v -0.01109000 0.01217400 0.00758100
v -0.01170100 0.01282900 0.00838000
v -0.00936900 0.01357400 0.00758100
v -0.00988600 0.01430500 0.00838000
v -0.00747500 0.01472600 0.00758100
v -0.00788700 0.01552100 0.00838000
v -0.00544100 0.01560900 0.00758100
v -0.00574100 0.01645300 0.00838000
v -0.00330600 0.01620700 0.00758100
v -0.00348800 0.01708400 0.00838000
v -0.00110900 0.01650900 0.00758100
v -0.00117000 0.01740300 0.00838000
v 0.00110900 0.01650900 0.00758100
v 0.00117000 0.01740300 0.00838000
v 0.00330600 0.01620700 0.00758100
v 0.00348800 0.01708400 0.00838000
v 0.00544100 0.01560900 0.00758100
v 0.00574100 0.01645300 0.00838000
v 0.00747500 0.01472600 0.00758100
v 0.00788700 0.01552100 0.00838000
v 0.00936900 0.01357400 0.00758100
v 0.00988600 0.01430500 0.00838000
v 0.01109000 0.01217400 0.00758100
v 0.01170100 0.01282900 0.00838000
v 0.01260300 0.01055300 0.00758100
v 0.01329800 0.01111900 0.00838000
v 0.01388200 0.00874200 0.00758100
v 0.01464700 0.00920700 0.00838000
v 0.01490200 0.00677300 0.00758100
v 0.01572400 0.00713000 0.00838000
v 0.01564500 0.00468300 0.00758100
v 0.01650700 0.00492500 0.00838000
v 0.01609600 0.00251200 0.00758100
v 0.01698300 0.00263400 0.00838000
v 0.01624700 0.00030000 0.00758100
v 0.01714300 0.00030000 0.00838000
v 0.01714300 0.00030000 0.00838000
v 0.01624700 0.00030000 0.00758100
v 0.01609600 -0.00191200 0.00758100
v 0.01624700 0.00030000 0.00758100
v 0.01556800 0.00030000 0.00659200
v 0.01542300 -0.00182000 0.00659200
v 0.01514400 0.00030000 0.00546900
v 0.01500000 0.00030000 0.00427700
v 0.01486000 -0.00174300 0.00427700
v 0.01556800 0.00030000 0.00659200
v 0.01514400 0.00030000 0.00546900
v 0.01500300 -0.00176200 0.00546900
v 0.01486000 -0.00174300 0.00427700
v 0.01458200 -0.00378600 0.00546900
v 0.01467200 -0.00281900 0.00427700
v 0.01467200 -0.00281900 0.00427700
v 0.01444400 -0.00374700 0.00427700
v 0.01458200 -0.00378600 0.00546900
v 0.01375800 -0.00567600 0.00427700
v 0.01389000 -0.00573300 0.00546900
v 0.01370300 -0.00580100 0.00427700
v 0.01293900 -0.00756900 0.00546900
v 0.01281600 -0.00749400 0.00427700
v 0.01174700 -0.00925700 0.00546900
v 0.01213500 -0.00851700 0.00427700
v 0.01213500 -0.00851700 0.00427700
v 0.01163600 -0.00916600 0.00427700
v 0.01174700 -0.00925700 0.00546900
v 0.01023800 -0.01066300 0.00427700
v 0.01033700 -0.01076800 0.00546900
v 0.01003700 -0.01084700 0.00427700
v 0.00873300 -0.01207200 0.00546900
v 0.00865000 -0.01195500 0.00427700
v 0.00696700 -0.01314600 0.00546900
v 0.00750000 -0.01269000 0.00427700
v 0.00750000 -0.01269000 0.00427700
v 0.00690100 -0.01301800 0.00427700
v 0.00696700 -0.01314600 0.00546900
v 0.00502300 -0.01383400 0.00427700
v 0.00507100 -0.01397000 0.00546900
v 0.00463500 -0.01396600 0.00427700
v 0.00308100 -0.01452700 0.00546900
v 0.00305200 -0.01438600 0.00427700
v 0.00103300 -0.01480900 0.00546900
v 0.00156800 -0.01461800 0.00427700
v 0.00156800 -0.01461800 0.00427700
v 0.00102400 -0.01466500 0.00427700
v 0.00103300 -0.01480900 0.00546900
v -0.00102400 -0.01466500 0.00427700
v -0.00103300 -0.01480900 0.00546900
v -0.00156800 -0.01461800 0.00427700
v -0.00308100 -0.01452700 0.00546900
v -0.00305200 -0.01438600 0.00427700
v -0.00507100 -0.01397000 0.00546900
v -0.00463500 -0.01396600 0.00427700
v -0.00463500 -0.01396600 0.00427700
v -0.00502300 -0.01383400 0.00427700
v -0.00507100 -0.01397000 0.00546900
v -0.00690100 -0.01301800 0.00427700
v -0.00696700 -0.01314600 0.00546900
v -0.00750000 -0.01269000 0.00427700
v -0.00873300 -0.01207200 0.00546900
v -0.00865000 -0.01195500 0.00427700
v -0.01033700 -0.01076800 0.00546900
v -0.01003700 -0.01084700 0.00427700
v -0.01003700 -0.01084700 0.00427700
v -0.01023800 -0.01066300 0.00427700
v -0.01033700 -0.01076800 0.00546900
v -0.01163600 -0.00916600 0.00427700
v -0.01174700 -0.00925700 0.00546900
v -0.01213500 -0.00851700 0.00427700
v -0.01293900 -0.00756900 0.00546900
v -0.01281600 -0.00749400 0.00427700
v -0.01389000 -0.00573300 0.00546900
v -0.01370300 -0.00580100 0.00427700
v -0.01370300 -0.00580100 0.00427700
v -0.01375800 -0.00567600 0.00427700
v -0.01389000 -0.00573300 0.00546900
v -0.01444400 -0.00374700 0.00427700
v -0.01458200 -0.00378600 0.00546900
v -0.01467200 -0.00281900 0.00427700
v -0.01500300 -0.00176200 0.00546900
v -0.01467200 -0.00281900 0.00427700
v -0.01486000 -0.00174300 0.00427700
v -0.01500300 -0.00176200 0.00546900
v -0.01500000 0.00030000 0.00427700
v -0.01514400 0.00030000 0.00546900
v 0.01556800 0.00030000 0.00659200
v 0.01500300 -0.00176200 0.00546900
v 0.01542300 -0.00182000 0.00659200
v 0.01458200 -0.00378600 0.00546900
v 0.01499100 -0.00390000 0.00659200
v 0.01389000 -0.00573300 0.00546900
v 0.01427900 -0.00590200 0.00659200
v 0.01293900 -0.00756900 0.00546900
v 0.01330200 -0.00778900 0.00659200
v 0.01174700 -0.00925700 0.00546900
v 0.01207600 -0.00952500 0.00659200
v 0.01033700 -0.01076800 0.00546900
v 0.01062600 -0.01107800 0.00659200
v 0.00873300 -0.01207200 0.00546900
v 0.00897800 -0.01241900 0.00659200
v 0.00696700 -0.01314600 0.00546900
v 0.00716200 -0.01352300 0.00659200
v 0.00507100 -0.01397000 0.00546900
v 0.00521300 -0.01436900 0.00659200
v 0.00308100 -0.01452700 0.00546900
v 0.00316700 -0.01494200 0.00659200
v 0.00103300 -0.01480900 0.00546900
v 0.00106200 -0.01523200 0.00659200
v -0.00103300 -0.01480900 0.00546900
v -0.00106200 -0.01523200 0.00659200
v -0.00308100 -0.01452700 0.00546900
v -0.00316700 -0.01494200 0.00659200
v -0.00507100 -0.01397000 0.00546900
v -0.00521300 -0.01436900 0.00659200
v -0.00696700 -0.01314600 0.00546900
v -0.00716200 -0.01352300 0.00659200
v -0.00873300 -0.01207200 0.00546900
v -0.00897800 -0.01241900 0.00659200
v -0.01033700 -0.01076800 0.00546900
v -0.01062600 -0.01107800 0.00659200
v -0.01174700 -0.00925700 0.00546900
v -0.01207600 -0.00952500 0.00659200
v -0.01293900 -0.00756900 0.00546900
v -0.01330200 -0.00778900 0.00659200
v -0.01389000 -0.00573300 0.00546900
v -0.01427900 -0.00590200 0.00659200
v -0.01458200 -0.00378600 0.00546900
v -0.01499100 -0.00390000 0.00659200
v -0.01500300 -0.00176200 0.00546900
v -0.01542300 -0.00182000 0.00659200
v -0.01514400 0.00030000 0.00546900
v -0.01556800 0.00030000 0.00659200
v 0.01624700 0.00030000 0.00758100
v 0.01542300 -0.00182000 0.00659200
v 0.01609600 -0.00191200 0.00758100
v 0.01499100 -0.00390000 0.00659200
v 0.01564500 -0.00408300 0.00758100
v 0.01427900 -0.00590200 0.00659200
v 0.01490200 -0.00617300 0.00758100
v 0.01330200 -0.00778900 0.00659200
v 0.01388200 -0.00814200 0.00758100
v 0.01207600 -0.00952500 0.00659200
v 0.01260300 -0.00995300 0.00758100
v 0.01062600 -0.01107800 0.00659200
v 0.01109000 -0.01157400 0.00758100
v 0.00897800 -0.01241900 0.00659200
v 0.00936900 -0.01297400 0.00758100
v 0.00716200 -0.01352300 0.00659200
v 0.00747500 -0.01412600 0.00758100
v 0.00521300 -0.01436900 0.00659200
v 0.00544100 -0.01500900 0.00758100
v 0.00316700 -0.01494200 0.00659200
v 0.00330600 -0.01560700 0.00758100
v 0.00106200 -0.01523200 0.00659200
v 0.00110900 -0.01590900 0.00758100
v -0.00106200 -0.01523200 0.00659200
v -0.00110900 -0.01590900 0.00758100
v -0.00316700 -0.01494200 0.00659200
v -0.00330600 -0.01560700 0.00758100
v -0.00521300 -0.01436900 0.00659200
v -0.00544100 -0.01500900 0.00758100
v -0.00716200 -0.01352300 0.00659200
v -0.00747500 -0.01412600 0.00758100
v -0.00897800 -0.01241900 0.00659200
v -0.00936900 -0.01297400 0.00758100
v -0.01062600 -0.01107800 0.00659200
v -0.01109000 -0.01157400 0.00758100
v -0.01207600 -0.00952500 0.00659200
v -0.01260300 -0.00995300 0.00758100
v -0.01330200 -0.00778900 0.00659200
v -0.01388200 -0.00814200 0.00758100
v -0.01427900 -0.00590200 0.00659200
v -0.01490200 -0.00617300 0.00758100
v -0.01499100 -0.00390000 0.00659200
v -0.01564500 -0.00408300 0.00758100
v -0.01542300 -0.00182000 0.00659200
v -0.01609600 -0.00191200 0.00758100
v -0.01556800 0.00030000 0.00659200
v -0.01624700 0.00030000 0.00758100
v 0.01714300 0.00030000 0.00838000
v 0.01609600 -0.00191200 0.00758100
v 0.01698300 -0.00203400 0.00838000
v 0.01564500 -0.00408300 0.00758100
v 0.01650700 -0.00432500 0.00838000
v 0.01490200 -0.00617300 0.00758100
v 0.01572400 -0.00653000 0.00838000
v 0.01388200 -0.00814200 0.00758100
v 0.01464700 -0.00860700 0.00838000
v 0.01260300 -0.00995300 0.00758100
v 0.01329800 -0.01051900 0.00838000
v 0.01109000 -0.01157400 0.00758100
v 0.01170100 -0.01222900 0.00838000
v 0.00936900 -0.01297400 0.00758100
v 0.00988600 -0.01370500 0.00838000
v 0.00747500 -0.01412600 0.00758100
v 0.00788700 -0.01492100 0.00838000
v 0.00544100 -0.01500900 0.00758100
v 0.00574100 -0.01585300 0.00838000
v 0.00330600 -0.01560700 0.00758100
v 0.00348800 -0.01648400 0.00838000
v 0.00110900 -0.01590900 0.00758100
v 0.00117000 -0.01680300 0.00838000
v -0.00110900 -0.01590900 0.00758100
v -0.00117000 -0.01680300 0.00838000
v -0.00330600 -0.01560700 0.00758100
v -0.00348800 -0.01648400 0.00838000
v -0.00544100 -0.01500900 0.00758100
v -0.00574100 -0.01585300 0.00838000
v -0.00747500 -0.01412600 0.00758100
v -0.00788700 -0.01492100 0.00838000
v -0.00936900 -0.01297400 0.00758100
v -0.00988600 -0.01370500 0.00838000
v -0.01109000 -0.01157400 0.00758100
v -0.01170100 -0.01222900 0.00838000
v -0.01260300 -0.00995300 0.00758100
v -0.01329800 -0.01051900 0.00838000
v -0.01388200 -0.00814200 0.00758100
v -0.01464700 -0.00860700 0.00838000
v -0.01490200 -0.00617300 0.00758100
v -0.01572400 -0.00653000 0.00838000
v -0.01564500 -0.00408300 0.00758100
v -0.01650700 -0.00432500 0.00838000
v -0.01609600 -0.00191200 0.00758100
v -0.01698300 -0.00203400 0.00838000
v -0.01624700 0.00030000 0.00758100
v -0.01714300 0.00030000 0.00838000
v -0.02953000 0.00340400 0.02871400
v -0.02915600 0.00591900 0.02871400
v -0.02945800 0.00597800 0.02986000
v -0.02904300 0.00647300 0.02871400
v -0.02849000 0.00866500 0.02871400
v -0.02878500 0.00875200 0.02986000
v -0.02823900 0.00947500 0.02871400
v -0.02756500 0.01133600 0.02871400
v -0.02785100 0.01145000 0.02986000
v -0.02206600 0.02016800 0.02871400
v -0.02148900 0.02079000 0.02871400
v -0.02171200 0.02100200 0.02986000
v -0.01986800 0.02236600 0.02871400
v -0.01944400 0.02274000 0.02871400
v -0.01964600 0.02297300 0.02986000
v -0.01745300 0.02432200 0.02871400
v -0.01722300 0.02448700 0.02871400
v -0.01740200 0.02473700 0.02986000
v -0.01207700 0.02742500 0.02871400
v -0.00971100 0.02835900 0.02871400
v -0.00981200 0.02865000 0.02986000
v -0.00917500 0.02853900 0.02871400
v -0.00700000 0.02915500 0.02871400
v -0.00707300 0.02945400 0.02986000
v -0.00617300 0.02934300 0.02871400
v -0.00422600 0.02969000 0.02871400
v -0.00426900 0.02999500 0.02986000
v 0.00617300 0.02934300 0.02871400
v 0.00700000 0.02915500 0.02871400
v 0.00707300 0.02945400 0.02986000
v 0.00917500 0.02853900 0.02871400
v 0.00971100 0.02835900 0.02871400
v 0.00981200 0.02865000 0.02986000
v 0.01207700 0.02742500 0.02871400
v 0.01233500 0.02730900 0.02871400
v 0.01246200 0.02758900 0.02986000
v 0.01745300 0.02432200 0.02871400
v 0.01944400 0.02274000 0.02871400
v 0.01964600 0.02297300 0.02986000
v 0.01986800 0.02236600 0.02871400
v 0.02148900 0.02079000 0.02871400
v 0.02171200 0.02100200 0.02986000
v 0.02206600 0.02016800 0.02871400
v 0.02334000 0.01865500 0.02871400
v 0.02358200 0.01884500 0.02986000
v 0.02823900 0.00947500 0.02871400
v 0.02849000 0.00866500 0.02871400
v 0.02878500 0.00875200 0.02986000
v 0.02904300 0.00647300 0.02871400
v 0.02915600 0.00591900 0.02871400
v 0.02945800 0.00597800 0.02986000
v 0.02953000 0.00340400 0.02871400
v 0.02955800 0.00312200 0.02871400
v 0.02986400 0.00315200 0.02986000
v 0.03216000 0.01317500 0.03300000
v 0.03079000 0.01617300 0.03300000
v 0.03106600 0.01273700 0.03285900
v 0.02974300 0.01563300 0.03285900
v 0.03003300 0.01232400 0.03244500
v 0.00493000 0.03458800 0.03300000
v 0.00164800 0.03490200 0.03300000
v 0.00476200 0.03342200 0.03285900
v 0.00159200 0.03372500 0.03285900
v 0.00460400 0.03232100 0.03244500
v -0.02723000 0.02171400 0.03300000
v -0.02914200 0.01902800 0.03300000
v -0.02630300 0.02098500 0.03285900
v -0.02815100 0.01839100 0.03285900
v -0.02542900 0.02029800 0.03244500
v 0.03323800 0.01006000 0.03300000
v 0.03216000 0.01317500 0.03300000
v 0.03210700 0.00972800 0.03285900
v 0.03106600 0.01273700 0.03285900
v 0.03104000 0.00941400 0.03244500
v 0.03003300 0.01232400 0.03244500
v 0.03009700 0.00913700 0.03178000
v 0.00816700 0.03396500 0.03300000
v 0.00493000 0.03458800 0.03300000
v 0.00788900 0.03281900 0.03285900
v 0.00476200 0.03342200 0.03285900
v 0.00762700 0.03173900 0.03244500
v 0.00460400 0.03232100 0.03244500
v 0.00739500 0.03078400 0.03178000
v -0.02507100 0.02420500 0.03300000
v -0.02723000 0.02171400 0.03300000
v -0.02421800 0.02339200 0.03285900
v -0.02630300 0.02098500 0.03285900
v -0.02341300 0.02262500 0.03244500
v -0.02542900 0.02029800 0.03244500
v -0.02270200 0.02194600 0.03178000
v 0.03401500 0.00685600 0.03300000
v 0.03323800 0.01006000 0.03300000
v 0.03285800 0.00663300 0.03285900
v 0.03210700 0.00972800 0.03285900
v 0.03176600 0.00642200 0.03244500
v 0.03104000 0.00941400 0.03244500
v 0.03080100 0.00623600 0.03178000
v 0.03009700 0.00913700 0.03178000
v 0.03001700 0.00608500 0.03090200
v 0.01133000 0.03303600 0.03300000
v 0.00816700 0.03396500 0.03300000
v 0.01094500 0.03192200 0.03285900
v 0.00788900 0.03281900 0.03285900
v 0.01058100 0.03087100 0.03244500
v 0.00762700 0.03173900 0.03244500
v 0.01025900 0.02994300 0.03178000
v 0.00739500 0.03078400 0.03178000
v 0.00999800 0.02918800 0.03090200
v -0.02268500 0.02648000 0.03300000
v -0.02507100 0.02420500 0.03300000
v -0.02191300 0.02558900 0.03285900
v -0.02421800 0.02339200 0.03285900
v -0.02118500 0.02474900 0.03244500
v -0.02341300 0.02262500 0.03244500
v -0.02054200 0.02400600 0.03178000
v -0.02270200 0.02194600 0.03178000
v -0.02001900 0.02340300 0.03090200
v 0.03448400 0.00359300 0.03300000
v 0.03401500 0.00685600 0.03300000
v 0.03331100 0.00348100 0.03285900
v 0.03285800 0.00663300 0.03285900
v 0.03220400 0.00337500 0.03244500
v 0.03176600 0.00642200 0.03244500
v 0.03122600 0.00328200 0.03178000
v 0.03080100 0.00623600 0.03178000
v 0.03043100 0.00320600 0.03090200
v 0.03001700 0.00608500 0.03090200
v 0.02986400 0.00315200 0.02986000
v 0.01439000 0.03181100 0.03300000
v 0.01133000 0.03303600 0.03300000
v 0.01390100 0.03073900 0.03285900
v 0.01094500 0.03192200 0.03285900
v 0.01343900 0.02972700 0.03244500
v 0.01058100 0.03087100 0.03244500
v 0.01303100 0.02883300 0.03178000
v 0.01025900 0.02994300 0.03178000
v 0.01269900 0.02810700 0.03090200
v 0.00999800 0.02918800 0.03090200
v 0.01246200 0.02758900 0.02986000
v -0.02009400 0.02851800 0.03300000
v -0.02268500 0.02648000 0.03300000
v -0.01941000 0.02755800 0.03285900
v -0.02191300 0.02558900 0.03285900
v -0.01876500 0.02665200 0.03244500
v -0.02118500 0.02474900 0.03244500
v -0.01819500 0.02585100 0.03178000
v -0.02054200 0.02400600 0.03178000
v -0.01773200 0.02520100 0.03090200
v -0.02001900 0.02340300 0.03090200
v -0.01740200 0.02473700 0.02986000
v 0.02717100 0.01430800 0.03090200
v 0.02666500 0.01404700 0.02986000
v 0.02785100 0.01145000 0.02986000
v 0.00145500 0.03083500 0.03090200
v 0.00142700 0.03026600 0.02986000
v 0.00426900 0.02999500 0.02986000
v -0.02571600 0.01682700 0.03090200
v -0.02523800 0.01651900 0.02986000
v -0.02358200 0.01884500 0.02986000
v 0.03464100 0.00030000 0.03300000
v 0.03448400 0.00359300 0.03300000
v 0.03346300 0.00030000 0.03285900
v 0.03331100 0.00348100 0.03285900
v 0.03235100 0.00030000 0.03244500
v 0.03220400 0.00337500 0.03244500
v 0.03136800 0.00030000 0.03178000
v 0.03122600 0.00328200 0.03178000
v 0.03056900 0.00030000 0.03090200
v 0.03043100 0.00320600 0.03090200
v 0.03000000 0.00030000 0.02986000
v 0.02986400 0.00315200 0.02986000
v 0.02969200 0.00030000 0.02871400
v 0.02955800 0.00312200 0.02871400
v 0.02974300 0.01563300 0.03285900
v 0.02875400 0.01512400 0.03244500
v 0.03003300 0.01232400 0.03244500
v 0.02912100 0.01195800 0.03178000
v 0.03009700 0.00913700 0.03178000
v 0.02933100 0.00891200 0.03090200
v 0.03001700 0.00608500 0.03090200
v 0.02945800 0.00597800 0.02986000
v 0.02986400 0.00315200 0.02986000
v 0.02915600 0.00591900 0.02871400
v 0.02953000 0.00340400 0.02871400
v 0.02875400 0.01512400 0.03244500
v 0.02788100 0.01467400 0.03178000
v 0.02912100 0.01195800 0.03178000
v 0.02837900 0.01166100 0.03090200
v 0.02933100 0.00891200 0.03090200
v 0.02878500 0.00875200 0.02986000
v 0.02945800 0.00597800 0.02986000
v 0.02849000 0.00866500 0.02871400
v 0.02904300 0.00647300 0.02871400
v 0.02788100 0.01467400 0.03178000
v 0.02717100 0.01430800 0.03090200
v 0.02837900 0.01166100 0.03090200
v 0.02785100 0.01145000 0.02986000
v 0.02878500 0.00875200 0.02986000
v 0.02756500 0.01133600 0.02871400
v 0.02823900 0.00947500 0.02871400
v 0.02402200 0.01775300 0.02871400
v 0.02497900 0.01635300 0.02871400
v 0.02523800 0.01651900 0.02986000
v 0.02666500 0.01404700 0.02986000
v 0.02571600 0.01682700 0.03090200
v 0.02717100 0.01430800 0.03090200
v 0.02638800 0.01725900 0.03178000
v 0.02788100 0.01467400 0.03178000
v 0.02721500 0.01779000 0.03244500
v 0.02875400 0.01512400 0.03244500
v 0.02815100 0.01839100 0.03285900
v 0.02974300 0.01563300 0.03285900
v 0.02914200 0.01902800 0.03300000
v 0.03079000 0.01617300 0.03300000
v 0.02497900 0.01635300 0.02871400
v 0.02571400 0.01514600 0.02871400
v 0.02666500 0.01404700 0.02986000
v 0.02639200 0.01390600 0.02871400
v 0.02785100 0.01145000 0.02986000
v 0.02712500 0.01237700 0.02871400
v 0.02756500 0.01133600 0.02871400
v 0.02334000 0.01865500 0.02871400
v 0.02402200 0.01775300 0.02871400
v 0.02358200 0.01884500 0.02986000
v 0.02523800 0.01651900 0.02986000
v 0.02402900 0.01919700 0.03090200
v 0.02571600 0.01682700 0.03090200
v 0.02465700 0.01969000 0.03178000
v 0.02638800 0.01725900 0.03178000
v 0.02542900 0.02029800 0.03244500
v 0.02721500 0.01779000 0.03244500
v 0.02630300 0.02098500 0.03285900
v 0.02815100 0.01839100 0.03285900
v 0.02723000 0.02171400 0.03300000
v 0.02914200 0.01902800 0.03300000
v 0.02148900 0.02079000 0.02871400
v 0.02206600 0.02016800 0.02871400
v 0.02171200 0.02100200 0.02986000
v 0.02358200 0.01884500 0.02986000
v 0.02212400 0.02139500 0.03090200
v 0.02402900 0.01919700 0.03090200
v 0.02270200 0.02194600 0.03178000
v 0.02465700 0.01969000 0.03178000
v 0.02341300 0.02262500 0.03244500
v 0.02542900 0.02029800 0.03244500
v 0.02421800 0.02339200 0.03285900
v 0.02630300 0.02098500 0.03285900
v 0.02507100 0.02420500 0.03300000
v 0.02723000 0.02171400 0.03300000
v 0.01944400 0.02274000 0.02871400
v 0.01986800 0.02236600 0.02871400
v 0.01964600 0.02297300 0.02986000
v 0.02171200 0.02100200 0.02986000
v 0.02001900 0.02340300 0.03090200
v 0.02212400 0.02139500 0.03090200
v 0.02054200 0.02400600 0.03178000
v 0.02270200 0.02194600 0.03178000
v 0.02118500 0.02474900 0.03244500
v 0.02341300 0.02262500 0.03244500
v 0.02191300 0.02558900 0.03285900
v 0.02421800 0.02339200 0.03285900
v 0.02268500 0.02648000 0.03300000
v 0.02507100 0.02420500 0.03300000
v 0.01722300 0.02448700 0.02871400
v 0.01745300 0.02432200 0.02871400
v 0.01740200 0.02473700 0.02986000
v 0.01964600 0.02297300 0.02986000
v 0.01773200 0.02520100 0.03090200
v 0.02001900 0.02340300 0.03090200
v 0.01819500 0.02585100 0.03178000
v 0.02054200 0.02400600 0.03178000
v 0.01876500 0.02665200 0.03244500
v 0.02118500 0.02474900 0.03244500
v 0.01941000 0.02755800 0.03285900
v 0.02191300 0.02558900 0.03285900
v 0.02009400 0.02851800 0.03300000
v 0.02268500 0.02648000 0.03300000
v 0.02009400 0.02851800 0.03300000
v 0.01732100 0.03030000 0.03300000
v 0.01941000 0.02755800 0.03285900
v 0.01673100 0.02928000 0.03285900
v 0.01876500 0.02665200 0.03244500
v 0.01617500 0.02831700 0.03244500
v 0.01819500 0.02585100 0.03178000
v 0.01568400 0.02746500 0.03178000
v 0.01773200 0.02520100 0.03090200
v 0.01528500 0.02677400 0.03090200
v 0.01740200 0.02473700 0.02986000
v 0.01500000 0.02628100 0.02986000
v 0.01722300 0.02448700 0.02871400
v 0.01484600 0.02601400 0.02871400
v 0.01732100 0.03030000 0.03300000
v 0.01439000 0.03181100 0.03300000
v 0.01673100 0.02928000 0.03285900
v 0.01390100 0.03073900 0.03285900
v 0.01617500 0.02831700 0.03244500
v 0.01343900 0.02972700 0.03244500
v 0.01568400 0.02746500 0.03178000
v 0.01303100 0.02883300 0.03178000
v 0.01528500 0.02677400 0.03090200
v 0.01269900 0.02810700 0.03090200
v 0.01500000 0.02628100 0.02986000
v 0.01246200 0.02758900 0.02986000
v 0.01484600 0.02601400 0.02871400
v 0.01233500 0.02730900 0.02871400
v 0.00159200 0.03372500 0.03285900
v 0.00153900 0.03261400 0.03244500
v 0.00460400 0.03232100 0.03244500
v 0.00446400 0.03134800 0.03178000
v 0.00739500 0.03078400 0.03178000
v 0.00720700 0.03000700 0.03090200
v 0.00999800 0.02918800 0.03090200
v 0.00981200 0.02865000 0.02986000
v 0.01246200 0.02758900 0.02986000
v 0.00971100 0.02835900 0.02871400
v 0.01207700 0.02742500 0.02871400
v 0.00153900 0.03261400 0.03244500
v 0.00149300 0.03163200 0.03178000
v 0.00446400 0.03134800 0.03178000
v 0.00435000 0.03055800 0.03090200
v 0.00720700 0.03000700 0.03090200
v 0.00707300 0.02945400 0.02986000
v 0.00981200 0.02865000 0.02986000
v 0.00700000 0.02915500 0.02871400
v 0.00917500 0.02853900 0.02871400
v 0.00149300 0.03163200 0.03178000
v 0.00145500 0.03083500 0.03090200
v 0.00435000 0.03055800 0.03090200
v 0.00426900 0.02999500 0.02986000
v 0.00707300 0.02945400 0.02986000
v 0.00422600 0.02969000 0.02871400
v 0.00617300 0.02934300 0.02871400
v -0.00310400 0.02983000 0.02871400
v -0.00141300 0.02995900 0.02871400
v -0.00142700 0.03026600 0.02986000
v 0.00142700 0.03026600 0.02986000
v -0.00145500 0.03083500 0.03090200
v 0.00145500 0.03083500 0.03090200
v -0.00149300 0.03163200 0.03178000
v 0.00149300 0.03163200 0.03178000
v -0.00153900 0.03261400 0.03244500
v 0.00153900 0.03261400 0.03244500
v -0.00159200 0.03372500 0.03285900
v 0.00159200 0.03372500 0.03285900
v -0.00164800 0.03490200 0.03300000
v 0.00164800 0.03490200 0.03300000
v -0.00141300 0.02995900 0.02871400
v 0.00000000 0.02999200 0.02871400
v 0.00142700 0.03026600 0.02986000
v 0.00141300 0.02995900 0.02871400
v 0.00426900 0.02999500 0.02986000
v 0.00310400 0.02983000 0.02871400
v 0.00422600 0.02969000 0.02871400
v -0.00422600 0.02969000 0.02871400
v -0.00310400 0.02983000 0.02871400
v -0.00426900 0.02999500 0.02986000
v -0.00142700 0.03026600 0.02986000
v -0.00435000 0.03055800 0.03090200
v -0.00145500 0.03083500 0.03090200
v -0.00446400 0.03134800 0.03178000
v -0.00149300 0.03163200 0.03178000
v -0.00460400 0.03232100 0.03244500
v -0.00153900 0.03261400 0.03244500
v -0.00476200 0.03342200 0.03285900
v -0.00159200 0.03372500 0.03285900
v -0.00493000 0.03458800 0.03300000
v -0.00164800 0.03490200 0.03300000
v -0.00700000 0.02915500 0.02871400
v -0.00617300 0.02934300 0.02871400
v -0.00707300 0.02945400 0.02986000
v -0.00426900 0.02999500 0.02986000
v -0.00720700 0.03000700 0.03090200
v -0.00435000 0.03055800 0.03090200
v -0.00739500 0.03078400 0.03178000
v -0.00446400 0.03134800 0.03178000
v -0.00762700 0.03173900 0.03244500
v -0.00460400 0.03232100 0.03244500
v -0.00788900 0.03281900 0.03285900
v -0.00476200 0.03342200 0.03285900
v -0.00816700 0.03396500 0.03300000
v -0.00493000 0.03458800 0.03300000
v -0.00971100 0.02835900 0.02871400
v -0.00917500 0.02853900 0.02871400
v -0.00981200 0.02865000 0.02986000
v -0.00707300 0.02945400 0.02986000
v -0.00999800 0.02918800 0.03090200
v -0.00720700 0.03000700 0.03090200
v -0.01025900 0.02994300 0.03178000
v -0.00739500 0.03078400 0.03178000
v -0.01058100 0.03087100 0.03244500
v -0.00762700 0.03173900 0.03244500
v -0.01094500 0.03192200 0.03285900
v -0.00788900 0.03281900 0.03285900
v -0.01133000 0.03303600 0.03300000
v -0.00816700 0.03396500 0.03300000
v -0.01233500 0.02730900 0.02871400
v -0.01207700 0.02742500 0.02871400
v -0.01246200 0.02758900 0.02986000
v -0.00981200 0.02865000 0.02986000
v -0.01269900 0.02810700 0.03090200
v -0.00999800 0.02918800 0.03090200
v -0.01303100 0.02883300 0.03178000
v -0.01025900 0.02994300 0.03178000
v -0.01343900 0.02972700 0.03244500
v -0.01058100 0.03087100 0.03244500
v -0.01390100 0.03073900 0.03285900
v -0.01094500 0.03192200 0.03285900
v -0.01439000 0.03181100 0.03300000
v -0.01133000 0.03303600 0.03300000
v -0.01439000 0.03181100 0.03300000
v -0.01732100 0.03030000 0.03300000
v -0.01390100 0.03073900 0.03285900
v -0.01673100 0.02928000 0.03285900
v -0.01343900 0.02972700 0.03244500
v -0.01617500 0.02831700 0.03244500
v -0.01303100 0.02883300 0.03178000
v -0.01568400 0.02746500 0.03178000
v -0.01269900 0.02810700 0.03090200
v -0.01528500 0.02677400 0.03090200
v -0.01246200 0.02758900 0.02986000
v -0.01500000 0.02628100 0.02986000
v -0.01233500 0.02730900 0.02871400
v -0.01484600 0.02601400 0.02871400
v -0.01732100 0.03030000 0.03300000
v -0.02009400 0.02851800 0.03300000
v -0.01673100 0.02928000 0.03285900
v -0.01941000 0.02755800 0.03285900
v -0.01617500 0.02831700 0.03244500
v -0.01876500 0.02665200 0.03244500
v -0.01568400 0.02746500 0.03178000
v -0.01819500 0.02585100 0.03178000
v -0.01528500 0.02677400 0.03090200
v -0.01773200 0.02520100 0.03090200
v -0.01500000 0.02628100 0.02986000
v -0.01740200 0.02473700 0.02986000
v -0.01484600 0.02601400 0.02871400
v -0.01722300 0.02448700 0.02871400
v -0.02815100 0.01839100 0.03285900
v -0.02721500 0.01779000 0.03244500
v -0.02542900 0.02029800 0.03244500
v -0.02465700 0.01969000 0.03178000
v -0.02270200 0.02194600 0.03178000
v -0.02212400 0.02139500 0.03090200
v -0.02001900 0.02340300 0.03090200
v -0.01964600 0.02297300 0.02986000
v -0.01740200 0.02473700 0.02986000
v -0.01944400 0.02274000 0.02871400
v -0.01745300 0.02432200 0.02871400
v -0.02721500 0.01779000 0.03244500
v -0.02638800 0.01725900 0.03178000
v -0.02465700 0.01969000 0.03178000
v -0.02402900 0.01919700 0.03090200
v -0.02212400 0.02139500 0.03090200
v -0.02171200 0.02100200 0.02986000
v -0.01964600 0.02297300 0.02986000
v -0.02148900 0.02079000 0.02871400
v -0.01986800 0.02236600 0.02871400
v -0.02638800 0.01725900 0.03178000
v -0.02571600 0.01682700 0.03090200
v -0.02402900 0.01919700 0.03090200
v -0.02358200 0.01884500 0.02986000
v -0.02171200 0.02100200 0.02986000
v -0.02334000 0.01865500 0.02871400
v -0.02206600 0.02016800 0.02871400
v -0.02712500 0.01237700 0.02871400
v -0.02639200 0.01390600 0.02871400
v -0.02666500 0.01404700 0.02986000
v -0.02523800 0.01651900 0.02986000
v -0.02717100 0.01430800 0.03090200
v -0.02571600 0.01682700 0.03090200
v -0.02788100 0.01467400 0.03178000
v -0.02638800 0.01725900 0.03178000
v -0.02875400 0.01512400 0.03244500
v -0.02721500 0.01779000 0.03244500
v -0.02974300 0.01563300 0.03285900
v -0.02815100 0.01839100 0.03285900
v -0.03079000 0.01617300 0.03300000
v -0.02914200 0.01902800 0.03300000
v -0.02639200 0.01390600 0.02871400
v -0.02571400 0.01514600 0.02871400
v -0.02523800 0.01651900 0.02986000
v -0.02497900 0.01635300 0.02871400
v -0.02358200 0.01884500 0.02986000
v -0.02402200 0.01775300 0.02871400
v -0.02334000 0.01865500 0.02871400
v -0.02756500 0.01133600 0.02871400
v -0.02712500 0.01237700 0.02871400
v -0.02785100 0.01145000 0.02986000
v -0.02666500 0.01404700 0.02986000
v -0.02837900 0.01166100 0.03090200
v -0.02717100 0.01430800 0.03090200
v -0.02912100 0.01195800 0.03178000
v -0.02788100 0.01467400 0.03178000
v -0.03003300 0.01232400 0.03244500
v -0.02875400 0.01512400 0.03244500
v -0.03106600 0.01273700 0.03285900
v -0.02974300 0.01563300 0.03285900
v -0.03216000 0.01317500 0.03300000
v -0.03079000 0.01617300 0.03300000
v -0.02849000 0.00866500 0.02871400
v -0.02823900 0.00947500 0.02871400
v -0.02878500 0.00875200 0.02986000
v -0.02785100 0.01145000 0.02986000
v -0.02933100 0.00891200 0.03090200
v -0.02837900 0.01166100 0.03090200
v -0.03009700 0.00913700 0.03178000
v -0.02912100 0.01195800 0.03178000
v -0.03104000 0.00941400 0.03244500
v -0.03003300 0.01232400 0.03244500
v -0.03210700 0.00972800 0.03285900
v -0.03106600 0.01273700 0.03285900
v -0.03323800 0.01006000 0.03300000
v -0.03216000 0.01317500 0.03300000
v -0.02915600 0.00591900 0.02871400
v -0.02904300 0.00647300 0.02871400
v -0.02945800 0.00597800 0.02986000
v -0.02878500 0.00875200 0.02986000
v -0.03001700 0.00608500 0.03090200
v -0.02933100 0.00891200 0.03090200
v -0.03080100 0.00623600 0.03178000
v -0.03009700 0.00913700 0.03178000
v -0.03176600 0.00642200 0.03244500
v -0.03104000 0.00941400 0.03244500
v -0.03285800 0.00663300 0.03285900
v -0.03210700 0.00972800 0.03285900
v -0.03401500 0.00685600 0.03300000
v -0.03323800 0.01006000 0.03300000
v -0.02955800 0.00312200 0.02871400
v -0.02953000 0.00340400 0.02871400
v -0.02986400 0.00315200 0.02986000
v -0.02945800 0.00597800 0.02986000
v -0.03043100 0.00320600 0.03090200
v -0.03001700 0.00608500 0.03090200
v -0.03122600 0.00328200 0.03178000
v -0.03080100 0.00623600 0.03178000
v -0.03220400 0.00337500 0.03244500
v -0.03176600 0.00642200 0.03244500
v -0.03331100 0.00348100 0.03285900
v -0.03285800 0.00663300 0.03285900
v -0.03448400 0.00359300 0.03300000
v -0.03401500 0.00685600 0.03300000
v -0.03448400 0.00359300 0.03300000
v -0.03464100 0.00030000 0.03300000
v -0.03331100 0.00348100 0.03285900
v -0.03346300 0.00030000 0.03285900
v -0.03220400 0.00337500 0.03244500
v -0.03235100 0.00030000 0.03244500
v -0.03122600 0.00328200 0.03178000
v -0.03136800 0.00030000 0.03178000
v -0.03043100 0.00320600 0.03090200
v -0.03056900 0.00030000 0.03090200
v -0.02986400 0.00315200 0.02986000
v -0.03000000 0.00030000 0.02986000
v -0.02955800 0.00312200 0.02871400
v -0.02969200 0.00030000 0.02871400
v 0.02953000 -0.00280400 0.02871400
v 0.02915600 -0.00531900 0.02871400
v 0.02945800 -0.00537800 0.02986000
v 0.02904300 -0.00587300 0.02871400
v 0.02849000 -0.00806500 0.02871400
v 0.02878500 -0.00815200 0.02986000
v 0.02823900 -0.00887500 0.02871400
v 0.02756500 -0.01073600 0.02871400
v 0.02785100 -0.01085000 0.02986000
v 0.02206600 -0.01956800 0.02871400
v 0.02148900 -0.02019000 0.02871400
v 0.02171200 -0.02040200 0.02986000
v 0.01986800 -0.02176600 0.02871400
v 0.01944400 -0.02214000 0.02871400
v 0.01964600 -0.02237300 0.02986000
v 0.01745300 -0.02372200 0.02871400
v 0.01722300 -0.02388700 0.02871400
v 0.01740200 -0.02413700 0.02986000
v 0.01207700 -0.02682500 0.02871400
v 0.00971100 -0.02775900 0.02871400
v 0.00981200 -0.02805000 0.02986000
v 0.00917500 -0.02793900 0.02871400
v 0.00700000 -0.02855500 0.02871400
v 0.00707300 -0.02885400 0.02986000
v 0.00617300 -0.02874300 0.02871400
v 0.00422600 -0.02909000 0.02871400
v 0.00426900 -0.02939500 0.02986000
v -0.00617300 -0.02874300 0.02871400
v -0.00700000 -0.02855500 0.02871400
v -0.00707300 -0.02885400 0.02986000
v -0.00917500 -0.02793900 0.02871400
v -0.00971100 -0.02775900 0.02871400
v -0.00981200 -0.02805000 0.02986000
v -0.01207700 -0.02682500 0.02871400
v -0.01233500 -0.02670900 0.02871400
v -0.01246200 -0.02698900 0.02986000
v -0.01745300 -0.02372200 0.02871400
v -0.01944400 -0.02214000 0.02871400
v -0.01964600 -0.02237300 0.02986000
v -0.01986800 -0.02176600 0.02871400
v -0.02148900 -0.02019000 0.02871400
v -0.02171200 -0.02040200 0.02986000
v -0.02206600 -0.01956800 0.02871400
v -0.02334000 -0.01805500 0.02871400
v -0.02358200 -0.01824500 0.02986000
v -0.02823900 -0.00887500 0.02871400
v -0.02849000 -0.00806500 0.02871400
v -0.02878500 -0.00815200 0.02986000
v -0.02904300 -0.00587300 0.02871400
v -0.02915600 -0.00531900 0.02871400
v -0.02945800 -0.00537800 0.02986000
v -0.02953000 -0.00280400 0.02871400
v -0.02955800 -0.00252200 0.02871400
v -0.02986400 -0.00255200 0.02986000
v -0.03216000 -0.01257500 0.03300000
v -0.03079000 -0.01557300 0.03300000
v -0.03106600 -0.01213700 0.03285900
v -0.02974300 -0.01503300 0.03285900
v -0.03003300 -0.01172400 0.03244500
v -0.00493000 -0.03398800 0.03300000
v -0.00164800 -0.03430200 0.03300000
v -0.00476200 -0.03282200 0.03285900
v -0.00159200 -0.03312500 0.03285900
v -0.00460400 -0.03172100 0.03244500
v 0.02723000 -0.02111400 0.03300000
v 0.02914200 -0.01842800 0.03300000
v 0.02630300 -0.02038500 0.03285900
v 0.02815100 -0.01779100 0.03285900
v 0.02542900 -0.01969800 0.03244500
v -0.03323800 -0.00946000 0.03300000
v -0.03216000 -0.01257500 0.03300000
v -0.03210700 -0.00912800 0.03285900
v -0.03106600 -0.01213700 0.03285900
v -0.03104000 -0.00881400 0.03244500
v -0.03003300 -0.01172400 0.03244500
v -0.03009700 -0.00853700 0.03178000
v -0.00816700 -0.03336500 0.03300000
v -0.00493000 -0.03398800 0.03300000
v -0.00788900 -0.03221900 0.03285900
v -0.00476200 -0.03282200 0.03285900
v -0.00762700 -0.03113900 0.03244500
v -0.00460400 -0.03172100 0.03244500
v -0.00739500 -0.03018400 0.03178000
v 0.02507100 -0.02360500 0.03300000
v 0.02723000 -0.02111400 0.03300000
v 0.02421800 -0.02279200 0.03285900
v 0.02630300 -0.02038500 0.03285900
v 0.02341300 -0.02202500 0.03244500
v 0.02542900 -0.01969800 0.03244500
v 0.02270200 -0.02134600 0.03178000
v -0.03401500 -0.00625600 0.03300000
v -0.03323800 -0.00946000 0.03300000
v -0.03285800 -0.00603300 0.03285900
v -0.03210700 -0.00912800 0.03285900
v -0.03176600 -0.00582200 0.03244500
v -0.03104000 -0.00881400 0.03244500
v -0.03080100 -0.00563600 0.03178000
v -0.03009700 -0.00853700 0.03178000
v -0.03001700 -0.00548500 0.03090200
v -0.01133000 -0.03243600 0.03300000
v -0.00816700 -0.03336500 0.03300000
v -0.01094500 -0.03132200 0.03285900
v -0.00788900 -0.03221900 0.03285900
v -0.01058100 -0.03027100 0.03244500
v -0.00762700 -0.03113900 0.03244500
v -0.01025900 -0.02934300 0.03178000
v -0.00739500 -0.03018400 0.03178000
v -0.00999800 -0.02858800 0.03090200
v 0.02268500 -0.02588000 0.03300000
v 0.02507100 -0.02360500 0.03300000
v 0.02191300 -0.02498900 0.03285900
v 0.02421800 -0.02279200 0.03285900
v 0.02118500 -0.02414900 0.03244500
v 0.02341300 -0.02202500 0.03244500
v 0.02054200 -0.02340600 0.03178000
v 0.02270200 -0.02134600 0.03178000
v 0.02001900 -0.02280300 0.03090200
v -0.03448400 -0.00299300 0.03300000
v -0.03401500 -0.00625600 0.03300000
v -0.03331100 -0.00288100 0.03285900
v -0.03285800 -0.00603300 0.03285900
v -0.03220400 -0.00277500 0.03244500
v -0.03176600 -0.00582200 0.03244500
v -0.03122600 -0.00268200 0.03178000
v -0.03080100 -0.00563600 0.03178000
v -0.03043100 -0.00260600 0.03090200
v -0.03001700 -0.00548500 0.03090200
v -0.02986400 -0.00255200 0.02986000
v -0.01439000 -0.03121100 0.03300000
v -0.01133000 -0.03243600 0.03300000
v -0.01390100 -0.03013900 0.03285900
v -0.01094500 -0.03132200 0.03285900
v -0.01343900 -0.02912700 0.03244500
v -0.01058100 -0.03027100 0.03244500
v -0.01303100 -0.02823300 0.03178000
v -0.01025900 -0.02934300 0.03178000
v -0.01269900 -0.02750700 0.03090200
v -0.00999800 -0.02858800 0.03090200
v -0.01246200 -0.02698900 0.02986000
v 0.02009400 -0.02791800 0.03300000
v 0.02268500 -0.02588000 0.03300000
v 0.01941000 -0.02695800 0.03285900
v 0.02191300 -0.02498900 0.03285900
v 0.01876500 -0.02605200 0.03244500
v 0.02118500 -0.02414900 0.03244500
v 0.01819500 -0.02525100 0.03178000
v 0.02054200 -0.02340600 0.03178000
v 0.01773200 -0.02460100 0.03090200
v 0.02001900 -0.02280300 0.03090200
v 0.01740200 -0.02413700 0.02986000
v -0.02717100 -0.01370800 0.03090200
v -0.02666500 -0.01344700 0.02986000
v -0.02785100 -0.01085000 0.02986000
v -0.00145500 -0.03023500 0.03090200
v -0.00142700 -0.02966600 0.02986000
v -0.00426900 -0.02939500 0.02986000
v 0.02571600 -0.01622700 0.03090200
v 0.02523800 -0.01591900 0.02986000
v 0.02358200 -0.01824500 0.02986000
v -0.03464100 0.00030000 0.03300000
v -0.03448400 -0.00299300 0.03300000
v -0.03346300 0.00030000 0.03285900
v -0.03331100 -0.00288100 0.03285900
v -0.03235100 0.00030000 0.03244500
v -0.03220400 -0.00277500 0.03244500
v -0.03136800 0.00030000 0.03178000
v -0.03122600 -0.00268200 0.03178000
v -0.03056900 0.00030000 0.03090200
v -0.03043100 -0.00260600 0.03090200
v -0.03000000 0.00030000 0.02986000
v -0.02986400 -0.00255200 0.02986000
v -0.02969200 0.00030000 0.02871400
v -0.02955800 -0.00252200 0.02871400
v -0.02974300 -0.01503300 0.03285900
v -0.02875400 -0.01452400 0.03244500
v -0.03003300 -0.01172400 0.03244500
v -0.02912100 -0.01135800 0.03178000
v -0.03009700 -0.00853700 0.03178000
v -0.02933100 -0.00831200 0.03090200
v -0.03001700 -0.00548500 0.03090200
v -0.02945800 -0.00537800 0.02986000
v -0.02986400 -0.00255200 0.02986000
v -0.02915600 -0.00531900 0.02871400
v -0.02953000 -0.00280400 0.02871400
v -0.02875400 -0.01452400 0.03244500
v -0.02788100 -0.01407400 0.03178000
v -0.02912100 -0.01135800 0.03178000
v -0.02837900 -0.01106100 0.03090200
v -0.02933100 -0.00831200 0.03090200
v -0.02878500 -0.00815200 0.02986000
v -0.02945800 -0.00537800 0.02986000
v -0.02849000 -0.00806500 0.02871400
v -0.02904300 -0.00587300 0.02871400
v -0.02788100 -0.01407400 0.03178000
v -0.02717100 -0.01370800 0.03090200
v -0.02837900 -0.01106100 0.03090200
v -0.02785100 -0.01085000 0.02986000
v -0.02878500 -0.00815200 0.02986000
v -0.02756500 -0.01073600 0.02871400
v -0.02823900 -0.00887500 0.02871400
v -0.02402200 -0.01715300 0.02871400
v -0.02497900 -0.01575300 0.02871400
v -0.02523800 -0.01591900 0.02986000
v -0.02666500 -0.01344700 0.02986000
v -0.02571600 -0.01622700 0.03090200
v -0.02717100 -0.01370800 0.03090200
v -0.02638800 -0.01665900 0.03178000
v -0.02788100 -0.01407400 0.03178000
v -0.02721500 -0.01719000 0.03244500
v -0.02875400 -0.01452400 0.03244500
v -0.02815100 -0.01779100 0.03285900
v -0.02974300 -0.01503300 0.03285900
v -0.02914200 -0.01842800 0.03300000
v -0.03079000 -0.01557300 0.03300000
v -0.02497900 -0.01575300 0.02871400
v -0.02571400 -0.01454600 0.02871400
v -0.02666500 -0.01344700 0.02986000
v -0.02639200 -0.01330600 0.02871400
v -0.02785100 -0.01085000 0.02986000
v -0.02712500 -0.01177700 0.02871400
v -0.02756500 -0.01073600 0.02871400
v -0.02334000 -0.01805500 0.02871400
v -0.02402200 -0.01715300 0.02871400
v -0.02358200 -0.01824500 0.02986000
v -0.02523800 -0.01591900 0.02986000
v -0.02402900 -0.01859700 0.03090200
v -0.02571600 -0.01622700 0.03090200
v -0.02465700 -0.01909000 0.03178000
v -0.02638800 -0.01665900 0.03178000
v -0.02542900 -0.01969800 0.03244500
v -0.02721500 -0.01719000 0.03244500
v -0.02630300 -0.02038500 0.03285900
v -0.02815100 -0.01779100 0.03285900
v -0.02723000 -0.02111400 0.03300000
v -0.02914200 -0.01842800 0.03300000
v -0.02148900 -0.02019000 0.02871400
v -0.02206600 -0.01956800 0.02871400
v -0.02171200 -0.02040200 0.02986000
v -0.02358200 -0.01824500 0.02986000
v -0.02212400 -0.02079500 0.03090200
v -0.02402900 -0.01859700 0.03090200
v -0.02270200 -0.02134600 0.03178000
v -0.02465700 -0.01909000 0.03178000
v -0.02341300 -0.02202500 0.03244500
v -0.02542900 -0.01969800 0.03244500
v -0.02421800 -0.02279200 0.03285900
v -0.02630300 -0.02038500 0.03285900
v -0.02507100 -0.02360500 0.03300000
v -0.02723000 -0.02111400 0.03300000
v -0.01944400 -0.02214000 0.02871400
v -0.01986800 -0.02176600 0.02871400
v -0.01964600 -0.02237300 0.02986000
v -0.02171200 -0.02040200 0.02986000
v -0.02001900 -0.02280300 0.03090200
v -0.02212400 -0.02079500 0.03090200
v -0.02054200 -0.02340600 0.03178000
v -0.02270200 -0.02134600 0.03178000
v -0.02118500 -0.02414900 0.03244500
v -0.02341300 -0.02202500 0.03244500
v -0.02191300 -0.02498900 0.03285900
v -0.02421800 -0.02279200 0.03285900
v -0.02268500 -0.02588000 0.03300000
v -0.02507100 -0.02360500 0.03300000
v -0.01722300 -0.02388700 0.02871400
v -0.01745300 -0.02372200 0.02871400
v -0.01740200 -0.02413700 0.02986000
v -0.01964600 -0.02237300 0.02986000
v -0.01773200 -0.02460100 0.03090200
v -0.02001900 -0.02280300 0.03090200
v -0.01819500 -0.02525100 0.03178000
v -0.02054200 -0.02340600 0.03178000
v -0.01876500 -0.02605200 0.03244500
v -0.02118500 -0.02414900 0.03244500
v -0.01941000 -0.02695800 0.03285900
v -0.02191300 -0.02498900 0.03285900
v -0.02009400 -0.02791800 0.03300000
v -0.02268500 -0.02588000 0.03300000
v -0.02009400 -0.02791800 0.03300000
v -0.01732100 -0.02970000 0.03300000
v -0.01941000 -0.02695800 0.03285900
v -0.01673100 -0.02868000 0.03285900
v -0.01876500 -0.02605200 0.03244500
v -0.01617500 -0.02771700 0.03244500
v -0.01819500 -0.02525100 0.03178000
v -0.01568400 -0.02686500 0.03178000
v -0.01773200 -0.02460100 0.03090200
v -0.01528500 -0.02617400 0.03090200
v -0.01740200 -0.02413700 0.02986000
v -0.01500000 -0.02568100 0.02986000
v -0.01722300 -0.02388700 0.02871400
v -0.01484600 -0.02541400 0.02871400
v -0.01732100 -0.02970000 0.03300000
v -0.01439000 -0.03121100 0.03300000
v -0.01673100 -0.02868000 0.03285900
v -0.01390100 -0.03013900 0.03285900
v -0.01617500 -0.02771700 0.03244500
v -0.01343900 -0.02912700 0.03244500
v -0.01568400 -0.02686500 0.03178000
v -0.01303100 -0.02823300 0.03178000
v -0.01528500 -0.02617400 0.03090200
v -0.01269900 -0.02750700 0.03090200
v -0.01500000 -0.02568100 0.02986000
v -0.01246200 -0.02698900 0.02986000
v -0.01484600 -0.02541400 0.02871400
v -0.01233500 -0.02670900 0.02871400
v -0.00159200 -0.03312500 0.03285900
v -0.00153900 -0.03201400 0.03244500
v -0.00460400 -0.03172100 0.03244500
v -0.00446400 -0.03074800 0.03178000
v -0.00739500 -0.03018400 0.03178000
v -0.00720700 -0.02940800 0.03090200
v -0.00999800 -0.02858800 0.03090200
v -0.00981200 -0.02805000 0.02986000
v -0.01246200 -0.02698900 0.02986000
v -0.00971100 -0.02775900 0.02871400
v -0.01207700 -0.02682500 0.02871400
v -0.00153900 -0.03201400 0.03244500
v -0.00149300 -0.03103200 0.03178000
v -0.00446400 -0.03074800 0.03178000
v -0.00435000 -0.02995800 0.03090200
v -0.00720700 -0.02940800 0.03090200
v -0.00707300 -0.02885400 0.02986000
v -0.00981200 -0.02805000 0.02986000
v -0.00700000 -0.02855500 0.02871400
v -0.00917500 -0.02793900 0.02871400
v -0.00149300 -0.03103200 0.03178000
v -0.00145500 -0.03023500 0.03090200
v -0.00435000 -0.02995800 0.03090200
v -0.00426900 -0.02939500 0.02986000
v -0.00707300 -0.02885400 0.02986000
v -0.00422600 -0.02909000 0.02871400
v -0.00617300 -0.02874300 0.02871400
v 0.00310400 -0.02923000 0.02871400
v 0.00141300 -0.02935900 0.02871400
v 0.00142700 -0.02966600 0.02986000
v -0.00142700 -0.02966600 0.02986000
v 0.00145500 -0.03023500 0.03090200
v -0.00145500 -0.03023500 0.03090200
v 0.00149300 -0.03103200 0.03178000
v -0.00149300 -0.03103200 0.03178000
v 0.00153900 -0.03201400 0.03244500
v -0.00153900 -0.03201400 0.03244500
v 0.00159200 -0.03312500 0.03285900
v -0.00159200 -0.03312500 0.03285900
v 0.00164800 -0.03430200 0.03300000
v -0.00164800 -0.03430200 0.03300000
v 0.00141300 -0.02935900 0.02871400
v -0.00000000 -0.02939200 0.02871400
v -0.00142700 -0.02966600 0.02986000
v -0.00141300 -0.02935900 0.02871400
v -0.00426900 -0.02939500 0.02986000
v -0.00310400 -0.02923000 0.02871400
v -0.00422600 -0.02909000 0.02871400
v 0.00422600 -0.02909000 0.02871400
v 0.00310400 -0.02923000 0.02871400
v 0.00426900 -0.02939500 0.02986000
v 0.00142700 -0.02966600 0.02986000
v 0.00435000 -0.02995800 0.03090200
v 0.00145500 -0.03023500 0.03090200
v 0.00446400 -0.03074800 0.03178000
v 0.00149300 -0.03103200 0.03178000
v 0.00460400 -0.03172100 0.03244500
v 0.00153900 -0.03201400 0.03244500
v 0.00476200 -0.03282200 0.03285900
v 0.00159200 -0.03312500 0.03285900
v 0.00493000 -0.03398800 0.03300000
v 0.00164800 -0.03430200 0.03300000
v 0.00700000 -0.02855500 0.02871400
v 0.00617300 -0.02874300 0.02871400
v 0.00707300 -0.02885400 0.02986000
v 0.00426900 -0.02939500 0.02986000
v 0.00720700 -0.02940800 0.03090200
v 0.00435000 -0.02995800 0.03090200
v 0.00739500 -0.03018400 0.03178000
v 0.00446400 -0.03074800 0.03178000
v 0.00762700 -0.03113900 0.03244500
v 0.00460400 -0.03172100 0.03244500
v 0.00788900 -0.03221900 0.03285900
v 0.00476200 -0.03282200 0.03285900
v 0.00816700 -0.03336500 0.03300000
v 0.00493000 -0.03398800 0.03300000
v 0.00971100 -0.02775900 0.02871400
v 0.00917500 -0.02793900 0.02871400
v 0.00981200 -0.02805000 0.02986000
v 0.00707300 -0.02885400 0.02986000
v 0.00999800 -0.02858800 0.03090200
v 0.00720700 -0.02940800 0.03090200
v 0.01025900 -0.02934300 0.03178000
v 0.00739500 -0.03018400 0.03178000
v 0.01058100 -0.03027100 0.03244500
v 0.00762700 -0.03113900 0.03244500
v 0.01094500 -0.03132200 0.03285900
v 0.00788900 -0.03221900 0.03285900
v 0.01133000 -0.03243600 0.03300000
v 0.00816700 -0.03336500 0.03300000
v 0.01233500 -0.02670900 0.02871400
v 0.01207700 -0.02682500 0.02871400
v 0.01246200 -0.02698900 0.02986000
v 0.00981200 -0.02805000 0.02986000
v 0.01269900 -0.02750700 0.03090200
v 0.00999800 -0.02858800 0.03090200
v 0.01303100 -0.02823300 0.03178000
v 0.01025900 -0.02934300 0.03178000
v 0.01343900 -0.02912700 0.03244500
v 0.01058100 -0.03027100 0.03244500
v 0.01390100 -0.03013900 0.03285900
v 0.01094500 -0.03132200 0.03285900
v 0.01439000 -0.03121100 0.03300000
v 0.01133000 -0.03243600 0.03300000
v 0.01439000 -0.03121100 0.03300000
v 0.01732100 -0.02970000 0.03300000
v 0.01390100 -0.03013900 0.03285900
v 0.01673100 -0.02868000 0.03285900
v 0.01343900 -0.02912700 0.03244500
v 0.01617500 -0.02771700 0.03244500
v 0.01303100 -0.02823300 0.03178000
v 0.01568400 -0.02686500 0.03178000
v 0.01269900 -0.02750700 0.03090200
v 0.01528500 -0.02617400 0.03090200
v 0.01246200 -0.02698900 0.02986000
v 0.01500000 -0.02568100 0.02986000
v 0.01233500 -0.02670900 0.02871400
v 0.01484600 -0.02541400 0.02871400
v 0.01732100 -0.02970000 0.03300000
v 0.02009400 -0.02791800 0.03300000
v 0.01673100 -0.02868000 0.03285900
v 0.01941000 -0.02695800 0.03285900
v 0.01617500 -0.02771700 0.03244500
v 0.01876500 -0.02605200 0.03244500
v 0.01568400 -0.02686500 0.03178000
v 0.01819500 -0.02525100 0.03178000
v 0.01528500 -0.02617400 0.03090200
v 0.01773200 -0.02460100 0.03090200
v 0.01500000 -0.02568100 0.02986000
v 0.01740200 -0.02413700 0.02986000
v 0.01484600 -0.02541400 0.02871400
v 0.01722300 -0.02388700 0.02871400
v 0.02815100 -0.01779100 0.03285900
v 0.02721500 -0.01719000 0.03244500
v 0.02542900 -0.01969800 0.03244500
v 0.02465700 -0.01909000 0.03178000
v 0.02270200 -0.02134600 0.03178000
v 0.02212400 -0.02079500 0.03090200
v 0.02001900 -0.02280300 0.03090200
v 0.01964600 -0.02237300 0.02986000
v 0.01740200 -0.02413700 0.02986000
v 0.01944400 -0.02214000 0.02871400
v 0.01745300 -0.02372200 0.02871400
v 0.02721500 -0.01719000 0.03244500
v 0.02638800 -0.01665900 0.03178000
v 0.02465700 -0.01909000 0.03178000
v 0.02402900 -0.01859700 0.03090200
v 0.02212400 -0.02079500 0.03090200
v 0.02171200 -0.02040200 0.02986000
v 0.01964600 -0.02237300 0.02986000
v 0.02148900 -0.02019000 0.02871400
v 0.01986800 -0.02176600 0.02871400
v 0.02638800 -0.01665900 0.03178000
v 0.02571600 -0.01622700 0.03090200
v 0.02402900 -0.01859700 0.03090200
v 0.02358200 -0.01824500 0.02986000
v 0.02171200 -0.02040200 0.02986000
v 0.02334000 -0.01805500 0.02871400
v 0.02206600 -0.01956800 0.02871400
v 0.02712500 -0.01177700 0.02871400
v 0.02639200 -0.01330600 0.02871400
v 0.02666500 -0.01344700 0.02986000
v 0.02523800 -0.01591900 0.02986000
v 0.02717100 -0.01370800 0.03090200
v 0.02571600 -0.01622700 0.03090200
v 0.02788100 -0.01407400 0.03178000
v 0.02638800 -0.01665900 0.03178000
v 0.02875400 -0.01452400 0.03244500
v 0.02721500 -0.01719000 0.03244500
v 0.02974300 -0.01503300 0.03285900
v 0.02815100 -0.01779100 0.03285900
v 0.03079000 -0.01557300 0.03300000
v 0.02914200 -0.01842800 0.03300000
v 0.02639200 -0.01330600 0.02871400
v 0.02571400 -0.01454600 0.02871400
v 0.02523800 -0.01591900 0.02986000
v 0.02497900 -0.01575300 0.02871400
v 0.02358200 -0.01824500 0.02986000
v 0.02402200 -0.01715300 0.02871400
v 0.02334000 -0.01805500 0.02871400
v 0.02756500 -0.01073600 0.02871400
v 0.02712500 -0.01177700 0.02871400
v 0.02785100 -0.01085000 0.02986000
v 0.02666500 -0.01344700 0.02986000
v 0.02837900 -0.01106100 0.03090200
v 0.02717100 -0.01370800 0.03090200
v 0.02912100 -0.01135800 0.03178000
v 0.02788100 -0.01407400 0.03178000
v 0.03003300 -0.01172400 0.03244500
v 0.02875400 -0.01452400 0.03244500
v 0.03106600 -0.01213700 0.03285900
v 0.02974300 -0.01503300 0.03285900
v 0.03216000 -0.01257500 0.03300000
v 0.03079000 -0.01557300 0.03300000
v 0.02849000 -0.00806500 0.02871400
v 0.02823900 -0.00887500 0.02871400
v 0.02878500 -0.00815200 0.02986000
v 0.02785100 -0.01085000 0.02986000
v 0.02933100 -0.00831200 0.03090200
v 0.02837900 -0.01106100 0.03090200
v 0.03009700 -0.00853700 0.03178000
v 0.02912100 -0.01135800 0.03178000
v 0.03104000 -0.00881400 0.03244500
v 0.03003300 -0.01172400 0.03244500
v 0.03210700 -0.00912800 0.03285900
v 0.03106600 -0.01213700 0.03285900
v 0.03323800 -0.00946000 0.03300000
v 0.03216000 -0.01257500 0.03300000
v 0.02915600 -0.00531900 0.02871400
v 0.02904300 -0.00587300 0.02871400
v 0.02945800 -0.00537800 0.02986000
v 0.02878500 -0.00815200 0.02986000
v 0.03001700 -0.00548500 0.03090200
v 0.02933100 -0.00831200 0.03090200
v 0.03080100 -0.00563600 0.03178000
v 0.03009700 -0.00853700 0.03178000
v 0.03176600 -0.00582200 0.03244500
v 0.03104000 -0.00881400 0.03244500
v 0.03285800 -0.00603300 0.03285900
v 0.03210700 -0.00912800 0.03285900
v 0.03401500 -0.00625600 0.03300000
v 0.03323800 -0.00946000 0.03300000
v 0.02955800 -0.00252200 0.02871400
v 0.02953000 -0.00280400 0.02871400
v 0.02986400 -0.00255200 0.02986000
v 0.02945800 -0.00537800 0.02986000
v 0.03043100 -0.00260600 0.03090200
v 0.03001700 -0.00548500 0.03090200
v 0.03122600 -0.00268200 0.03178000
v 0.03080100 -0.00563600 0.03178000
v 0.03220400 -0.00277500 0.03244500
v 0.03176600 -0.00582200 0.03244500
v 0.03331100 -0.00288100 0.03285900
v 0.03285800 -0.00603300 0.03285900
v 0.03448400 -0.00299300 0.03300000
v 0.03401500 -0.00625600 0.03300000
v 0.03448400 -0.00299300 0.03300000
v 0.03464100 0.00030000 0.03300000
v 0.03331100 -0.00288100 0.03285900
v 0.03346300 0.00030000 0.03285900
v 0.03220400 -0.00277500 0.03244500
v 0.03235100 0.00030000 0.03244500
v 0.03122600 -0.00268200 0.03178000
v 0.03136800 0.00030000 0.03178000
v 0.03043100 -0.00260600 0.03090200
v 0.03056900 0.00030000 0.03090200
v 0.02986400 -0.00255200 0.02986000
v 0.03000000 0.00030000 0.02986000
v 0.02955800 -0.00252200 0.02871400
v 0.02969200 0.00030000 0.02871400
v 0.02673600 0.04339000 0.02800000
v 0.02792900 0.04237100 0.02800000
v 0.02641400 0.04361500 0.00000000
v 0.02792900 0.04237100 0.00000000
v 0.02673600 0.04339000 0.02800000
v 0.02641400 0.04361500 0.00000000
v 0.02539800 0.04421000 0.02800000
v 0.02468500 0.04453900 0.00000000
v 0.02468500 0.04453900 0.02800000
v 0.02468500 0.04453900 0.02800000
v 0.02468500 0.04453900 0.00000000
v 0.02394800 0.04481100 0.02800000
v 0.02280900 0.04510800 0.00000000
v 0.02242200 0.04517700 0.02800000
v 0.02085800 0.04530000 0.00000000
v 0.02085800 0.04530000 0.02800000
v 0.04500000 0.02115800 0.02800000
v 0.04500000 0.02115800 0.00000000
v 0.04480800 0.02310900 0.00000000
v 0.04207100 0.02822900 0.00000000
v 0.04207100 0.02822900 0.02800000
v 0.04309000 0.02703600 0.02800000
v 0.04207100 0.02822900 0.00000000
v 0.04309000 0.02703600 0.02800000
v 0.04331500 0.02671400 0.00000000
v 0.04391000 0.02569800 0.02800000
v 0.04423900 0.02498500 0.00000000
v 0.04391000 0.02569800 0.02800000
v 0.04423900 0.02498500 0.02800000
v 0.04423900 0.02498500 0.00000000
v 0.04451100 0.02424800 0.02800000
v 0.04480800 0.02310900 0.00000000
v 0.04487700 0.02272200 0.02800000
v 0.04500000 0.02115800 0.02800000
v 0.04309000 -0.02643600 0.02800000
v 0.04207100 -0.02762900 0.02800000
v 0.04331500 -0.02611400 0.00000000
v 0.04207100 -0.02762900 0.00000000
v 0.04309000 -0.02643600 0.02800000
v 0.04331500 -0.02611400 0.00000000
v 0.04391000 -0.02509800 0.02800000
v 0.04423900 -0.02438500 0.00000000
v 0.04423900 -0.02438500 0.02800000
v 0.04423900 -0.02438500 0.02800000
v 0.04423900 -0.02438500 0.00000000
v 0.04451100 -0.02364800 0.02800000
v 0.04480800 -0.02250900 0.00000000
v 0.04487700 -0.02212200 0.02800000
v 0.04500000 -0.02055800 0.00000000
v 0.04500000 -0.02055800 0.02800000
v 0.02085800 -0.04470000 0.02800000
v 0.02085800 -0.04470000 0.00000000
v 0.02280900 -0.04450800 0.00000000
v 0.02792900 -0.04177100 0.00000000
v 0.02792900 -0.04177100 0.02800000
v 0.02673600 -0.04279000 0.02800000
v 0.02792900 -0.04177100 0.00000000
v 0.02673600 -0.04279000 0.02800000
v 0.02641400 -0.04301500 0.00000000
v 0.02539800 -0.04361000 0.02800000
v 0.02468500 -0.04393900 0.00000000
v 0.02539800 -0.04361000 0.02800000
v 0.02468500 -0.04393900 0.02800000
v 0.02468500 -0.04393900 0.00000000
v 0.02394800 -0.04421100 0.02800000
v 0.02280900 -0.04450800 0.00000000
v 0.02242200 -0.04457700 0.02800000
v 0.02085800 -0.04470000 0.02800000
v -0.02673600 -0.04279000 0.02800000
v -0.02792900 -0.04177100 0.02800000
v -0.02641400 -0.04301500 0.00000000
v -0.02792900 -0.04177100 0.00000000
v -0.02673600 -0.04279000 0.02800000
v -0.02641400 -0.04301500 0.00000000
v -0.02539800 -0.04361000 0.02800000
v -0.02468500 -0.04393900 0.00000000
v -0.02468500 -0.04393900 0.02800000
v -0.02468500 -0.04393900 0.02800000
v -0.02468500 -0.04393900 0.00000000
v -0.02394800 -0.04421100 0.02800000
v -0.02280900 -0.04450800 0.00000000
v -0.02242200 -0.04457700 0.02800000
v -0.02085800 -0.04470000 0.00000000
v -0.02085800 -0.04470000 0.02800000
v -0.04500000 -0.02055800 0.02800000
v -0.04500000 -0.02055800 0.00000000
v -0.04480800 -0.02250900 0.00000000
v -0.04207100 -0.02762900 0.00000000
v -0.04207100 -0.02762900 0.02800000
v -0.04309000 -0.02643600 0.02800000
v -0.04207100 -0.02762900 0.00000000
v -0.04309000 -0.02643600 0.02800000
v -0.04331500 -0.02611400 0.00000000
v -0.04391000 -0.02509800 0.02800000
v -0.04423900 -0.02438500 0.00000000
v -0.04391000 -0.02509800 0.02800000
v -0.04423900 -0.02438500 0.02800000
v -0.04423900 -0.02438500 0.00000000
v -0.04451100 -0.02364800 0.02800000
v -0.04480800 -0.02250900 0.00000000
v -0.04487700 -0.02212200 0.02800000
v -0.04500000 -0.02055800 0.02800000
v -0.04309000 0.02703600 0.02800000
v -0.04207100 0.02822900 0.02800000
v -0.04331500 0.02671400 0.00000000
v -0.04207100 0.02822900 0.00000000
v -0.04309000 0.02703600 0.02800000
v -0.04331500 0.02671400 0.00000000
v -0.04391000 0.02569800 0.02800000
v -0.04423900 0.02498500 0.00000000
v -0.04423900 0.02498500 0.02800000
v -0.04423900 0.02498500 0.02800000
v -0.04423900 0.02498500 0.00000000
v -0.04451100 0.02424800 0.02800000
v -0.04480800 0.02310900 0.00000000
v -0.04487700 0.02272200 0.02800000
v -0.04500000 0.02115800 0.00000000
v -0.04500000 0.02115800 0.02800000
v -0.02085800 0.04530000 0.02800000
v -0.02085800 0.04530000 0.00000000
v -0.02280900 0.04510800 0.00000000
v -0.02792900 0.04237100 0.00000000
v -0.02792900 0.04237100 0.02800000
v -0.02673600 0.04339000 0.02800000
v -0.02792900 0.04237100 0.00000000
v -0.02673600 0.04339000 0.02800000
v -0.02641400 0.04361500 0.00000000
v -0.02539800 0.04421000 0.02800000
v -0.02468500 0.04453900 0.00000000
v -0.02539800 0.04421000 0.02800000
v -0.02468500 0.04453900 0.02800000
v -0.02468500 0.04453900 0.00000000
v -0.02394800 0.04481100 0.02800000
v -0.02280900 0.04510800 0.00000000
v -0.02242200 0.04517700 0.02800000
v -0.02085800 0.04530000 0.02800000
v 0.02666200 -0.04268900 0.02911300
v 0.02673600 -0.04279000 0.02800000
v 0.02792900 -0.04177100 0.02800000
v 0.02468500 -0.04393900 0.02800000
v 0.02539800 -0.04361000 0.02800000
v 0.02534100 -0.04349800 0.02911300
v 0.02085800 -0.04470000 0.02800000
v 0.02242200 -0.04457700 0.02800000
v 0.02085800 -0.04457500 0.02911300
v 0.02240300 -0.04445300 0.02911300
v 0.02085800 -0.04453000 0.02929400
v 0.02234500 -0.04408800 0.03016900
v 0.02792900 -0.04177100 0.02800000
v 0.02784000 -0.04168200 0.02911300
v 0.02666200 -0.04268900 0.02911300
v 0.02780800 -0.04165100 0.02929400
v 0.02644500 -0.04239000 0.03016900
v 0.02225200 -0.04349900 0.03111700
v 0.02085800 -0.04403000 0.03050000
v 0.02234500 -0.04408800 0.03016900
v 0.02085800 -0.04420500 0.03016900
v 0.02085800 -0.04453000 0.02929400
v 0.02780800 -0.04165100 0.02929400
v 0.02757900 -0.04142100 0.03016900
v 0.02644500 -0.04239000 0.03016900
v 0.02745500 -0.04129700 0.03050000
v 0.02609500 -0.04190800 0.03111700
v 0.02212800 -0.04271800 0.03190900
v 0.02085800 -0.04323600 0.03153600
v 0.02225200 -0.04349900 0.03111700
v 0.02085800 -0.04360900 0.03111700
v 0.02085800 -0.04403000 0.03050000
v 0.02745500 -0.04129700 0.03050000
v 0.02715800 -0.04100000 0.03111700
v 0.02609500 -0.04190800 0.03111700
v 0.02689300 -0.04073600 0.03153600
v 0.02562900 -0.04126700 0.03190900
v 0.02085800 -0.04099400 0.03283000
v 0.02085800 -0.04186900 0.03250500
v 0.02197900 -0.04178100 0.03250500
v 0.02085800 -0.04220000 0.03233000
v 0.02212800 -0.04271800 0.03190900
v 0.02085800 -0.04281700 0.03190900
v 0.02085800 -0.04323600 0.03153600
v 0.02242200 -0.04457700 0.02800000
v 0.02394800 -0.04421100 0.02800000
v 0.02240300 -0.04445300 0.02911300
v 0.02390900 -0.04409100 0.02911300
v 0.02234500 -0.04408800 0.03016900
v 0.02379500 -0.04374000 0.03016900
v 0.02225200 -0.04349900 0.03111700
v 0.02361100 -0.04317300 0.03111700
v 0.02212800 -0.04271800 0.03190900
v 0.02336600 -0.04242000 0.03190900
v 0.02197900 -0.04178100 0.03250500
v 0.02307300 -0.04151900 0.03250500
v 0.02394800 -0.04421100 0.02800000
v 0.02468500 -0.04393900 0.02800000
v 0.02390900 -0.04409100 0.02911300
v 0.02534100 -0.04349800 0.02911300
v 0.02379500 -0.04374000 0.03016900
v 0.02517300 -0.04316900 0.03016900
v 0.02361100 -0.04317300 0.03111700
v 0.02490300 -0.04263800 0.03111700
v 0.02336600 -0.04242000 0.03190900
v 0.02454300 -0.04193300 0.03190900
v 0.02307300 -0.04151900 0.03250500
v 0.02411300 -0.04108800 0.03250500
v 0.02539800 -0.04361000 0.02800000
v 0.02673600 -0.04279000 0.02800000
v 0.02534100 -0.04349800 0.02911300
v 0.02666200 -0.04268900 0.02911300
v 0.02517300 -0.04316900 0.03016900
v 0.02644500 -0.04239000 0.03016900
v 0.02490300 -0.04263800 0.03111700
v 0.02609500 -0.04190800 0.03111700
v 0.02454300 -0.04193300 0.03190900
v 0.02562900 -0.04126700 0.03190900
v 0.02411300 -0.04108800 0.03250500
v 0.02507200 -0.04050000 0.03250500
v 0.02085800 -0.03970000 0.03300000
v 0.02085800 -0.04081300 0.03287500
v 0.02181400 -0.04073700 0.03287500
v 0.02085800 -0.04099400 0.03283000
v 0.02689300 -0.04073600 0.03153600
v 0.02659800 -0.04044000 0.03190900
v 0.02562900 -0.04126700 0.03190900
v 0.02616100 -0.04000300 0.03233000
v 0.02507200 -0.04050000 0.03250500
v 0.02592700 -0.03977000 0.03250500
v 0.02530800 -0.03915100 0.03283000
v 0.02085800 -0.04099400 0.03283000
v 0.02197900 -0.04178100 0.03250500
v 0.02181400 -0.04073700 0.03287500
v 0.02307300 -0.04151900 0.03250500
v 0.02274700 -0.04051300 0.03287500
v 0.02411300 -0.04108800 0.03250500
v 0.02363300 -0.04014600 0.03287500
v 0.02507200 -0.04050000 0.03250500
v 0.02445100 -0.03964500 0.03287500
v 0.02530800 -0.03915100 0.03283000
v 0.02518000 -0.03902200 0.03287500
v 0.02085800 -0.03970000 0.03300000
v 0.02181400 -0.04073700 0.03287500
v 0.02164000 -0.03963800 0.03300000
v 0.02274700 -0.04051300 0.03287500
v 0.02240300 -0.03945500 0.03300000
v 0.02363300 -0.04014600 0.03287500
v 0.02312800 -0.03915500 0.03300000
v 0.02445100 -0.03964500 0.03287500
v 0.02379700 -0.03874500 0.03300000
v 0.02518000 -0.03902200 0.03287500
v 0.02439300 -0.03823600 0.03300000
v 0.02792900 -0.04177100 0.02800000
v 0.04207100 -0.02762900 0.02800000
v 0.02784000 -0.04168200 0.02911300
v 0.04198200 -0.02754000 0.02911300
v 0.02780800 -0.04165100 0.02929400
v 0.04195100 -0.02750800 0.02929400
v 0.02757900 -0.04142100 0.03016900
v 0.04172100 -0.02727900 0.03016900
v 0.02745500 -0.04129700 0.03050000
v 0.04159700 -0.02715500 0.03050000
v 0.02715800 -0.04100000 0.03111700
v 0.04130000 -0.02685800 0.03111700
v 0.02689300 -0.04073600 0.03153600
v 0.04103600 -0.02659300 0.03153600
v 0.02659800 -0.04044000 0.03190900
v 0.04074000 -0.02629800 0.03190900
v 0.02616100 -0.04000300 0.03233000
v 0.04030300 -0.02586100 0.03233000
v 0.02592700 -0.03977000 0.03250500
v 0.04007000 -0.02562700 0.03250500
v 0.02530800 -0.03915100 0.03283000
v 0.03945100 -0.02500800 0.03283000
v 0.02518000 -0.03902200 0.03287500
v 0.03932200 -0.02488000 0.03287500
v 0.02439300 -0.03823600 0.03300000
v 0.03853600 -0.02409300 0.03300000
v -0.02085800 -0.04470000 0.02800000
v 0.02085800 -0.04470000 0.02800000
v -0.02085800 -0.04457500 0.02911300
v 0.02085800 -0.04457500 0.02911300
v -0.02085800 -0.04453000 0.02929400
v 0.02085800 -0.04453000 0.02929400
v -0.02085800 -0.04420500 0.03016900
v 0.02085800 -0.04420500 0.03016900
v -0.02085800 -0.04403000 0.03050000
v 0.02085800 -0.04403000 0.03050000
v -0.02085800 -0.04360900 0.03111700
v 0.02085800 -0.04360900 0.03111700
v -0.02085800 -0.04323600 0.03153600
v 0.02085800 -0.04323600 0.03153600
v -0.02085800 -0.04281700 0.03190900
v 0.02085800 -0.04281700 0.03190900
v -0.02085800 -0.04220000 0.03233000
v 0.02085800 -0.04220000 0.03233000
v -0.02085800 -0.04186900 0.03250500
v 0.02085800 -0.04186900 0.03250500
v -0.02085800 -0.04099400 0.03283000
v 0.02085800 -0.04099400 0.03283000
v -0.02085800 -0.04081300 0.03287500
v 0.02085800 -0.04081300 0.03287500
v -0.02085800 -0.03970000 0.03300000
v 0.02085800 -0.03970000 0.03300000
v 0.04475300 -0.02210300 0.02911300
v 0.04487700 -0.02212200 0.02800000
v 0.04500000 -0.02055800 0.02800000
v 0.04423900 -0.02438500 0.02800000
v 0.04451100 -0.02364800 0.02800000
v 0.04439100 -0.02360900 0.02911300
v 0.04207100 -0.02762900 0.02800000
v 0.04309000 -0.02643600 0.02800000
v 0.04198200 -0.02754000 0.02911300
v 0.04298900 -0.02636200 0.02911300
v 0.04195100 -0.02750800 0.02929400
v 0.04269000 -0.02614500 0.03016900
v 0.04500000 -0.02055800 0.02800000
v 0.04487500 -0.02055800 0.02911300
v 0.04475300 -0.02210300 0.02911300
v 0.04483000 -0.02055800 0.02929400
v 0.04438800 -0.02204500 0.03016900
v 0.04220800 -0.02579500 0.03111700
v 0.04159700 -0.02715500 0.03050000
v 0.04269000 -0.02614500 0.03016900
v 0.04172100 -0.02727900 0.03016900
v 0.04195100 -0.02750800 0.02929400
v 0.04483000 -0.02055800 0.02929400
v 0.04450500 -0.02055800 0.03016900
v 0.04438800 -0.02204500 0.03016900
v 0.04433000 -0.02055800 0.03050000
v 0.04379900 -0.02195200 0.03111700
v 0.04156700 -0.02532900 0.03190900
v 0.04103600 -0.02659300 0.03153600
v 0.04220800 -0.02579500 0.03111700
v 0.04130000 -0.02685800 0.03111700
v 0.04159700 -0.02715500 0.03050000
v 0.04433000 -0.02055800 0.03050000
v 0.04390900 -0.02055800 0.03111700
v 0.04379900 -0.02195200 0.03111700
v 0.04353600 -0.02055800 0.03153600
v 0.04301800 -0.02182800 0.03190900
v 0.03945100 -0.02500800 0.03283000
v 0.04007000 -0.02562700 0.03250500
v 0.04080000 -0.02477200 0.03250500
v 0.04030300 -0.02586100 0.03233000
v 0.04156700 -0.02532900 0.03190900
v 0.04074000 -0.02629800 0.03190900
v 0.04103600 -0.02659300 0.03153600
v 0.04309000 -0.02643600 0.02800000
v 0.04391000 -0.02509800 0.02800000
v 0.04298900 -0.02636200 0.02911300
v 0.04379800 -0.02504100 0.02911300
v 0.04269000 -0.02614500 0.03016900
v 0.04346900 -0.02487300 0.03016900
v 0.04220800 -0.02579500 0.03111700
v 0.04293800 -0.02460300 0.03111700
v 0.04156700 -0.02532900 0.03190900
v 0.04223300 -0.02424300 0.03190900
v 0.04080000 -0.02477200 0.03250500
v 0.04138800 -0.02381300 0.03250500
v 0.04391000 -0.02509800 0.02800000
v 0.04423900 -0.02438500 0.02800000
v 0.04379800 -0.02504100 0.02911300
v 0.04439100 -0.02360900 0.02911300
v 0.04346900 -0.02487300 0.03016900
v 0.04404000 -0.02349500 0.03016900
v 0.04293800 -0.02460300 0.03111700
v 0.04347300 -0.02331100 0.03111700
v 0.04223300 -0.02424300 0.03190900
v 0.04272000 -0.02306600 0.03190900
v 0.04138800 -0.02381300 0.03250500
v 0.04181900 -0.02277300 0.03250500
v 0.04451100 -0.02364800 0.02800000
v 0.04487700 -0.02212200 0.02800000
v 0.04439100 -0.02360900 0.02911300
v 0.04475300 -0.02210300 0.02911300
v 0.04404000 -0.02349500 0.03016900
v 0.04438800 -0.02204500 0.03016900
v 0.04347300 -0.02331100 0.03111700
v 0.04379900 -0.02195200 0.03111700
v 0.04272000 -0.02306600 0.03190900
v 0.04301800 -0.02182800 0.03190900
v 0.04181900 -0.02277300 0.03250500
v 0.04208100 -0.02167900 0.03250500
v 0.03853600 -0.02409300 0.03300000
v 0.03932200 -0.02488000 0.03287500
v 0.03994500 -0.02415100 0.03287500
v 0.03945100 -0.02500800 0.03283000
v 0.04353600 -0.02055800 0.03153600
v 0.04311700 -0.02055800 0.03190900
v 0.04301800 -0.02182800 0.03190900
v 0.04250000 -0.02055800 0.03233000
v 0.04208100 -0.02167900 0.03250500
v 0.04216900 -0.02055800 0.03250500
v 0.04129400 -0.02055800 0.03283000
v 0.03945100 -0.02500800 0.03283000
v 0.04080000 -0.02477200 0.03250500
v 0.03994500 -0.02415100 0.03287500
v 0.04138800 -0.02381300 0.03250500
v 0.04044600 -0.02333300 0.03287500
v 0.04181900 -0.02277300 0.03250500
v 0.04081300 -0.02244700 0.03287500
v 0.04208100 -0.02167900 0.03250500
v 0.04103700 -0.02151400 0.03287500
v 0.04129400 -0.02055800 0.03283000
v 0.04111300 -0.02055800 0.03287500
v 0.03853600 -0.02409300 0.03300000
v 0.03994500 -0.02415100 0.03287500
v 0.03904500 -0.02349700 0.03300000
v 0.04044600 -0.02333300 0.03287500
v 0.03945500 -0.02282800 0.03300000
v 0.04081300 -0.02244700 0.03287500
v 0.03975500 -0.02210300 0.03300000
v 0.04103700 -0.02151400 0.03287500
v 0.03993800 -0.02134000 0.03300000
v 0.04111300 -0.02055800 0.03287500
v 0.04000000 -0.02055800 0.03300000
v -0.02240300 -0.04445300 0.02911300
v -0.02242200 -0.04457700 0.02800000
v -0.02085800 -0.04470000 0.02800000
v -0.02468500 -0.04393900 0.02800000
v -0.02394800 -0.04421100 0.02800000
v -0.02390900 -0.04409100 0.02911300
v -0.02468500 -0.04393900 0.02800000
v -0.02390900 -0.04409100 0.02911300
v -0.02539800 -0.04361000 0.02800000
v -0.02784000 -0.04168200 0.02911300
v -0.02666200 -0.04268900 0.02911300
v -0.02780800 -0.04165100 0.02929400
v -0.02644500 -0.04239000 0.03016900
v -0.02085800 -0.04470000 0.02800000
v -0.02085800 -0.04457500 0.02911300
v -0.02240300 -0.04445300 0.02911300
v -0.02085800 -0.04453000 0.02929400
v -0.02234500 -0.04408800 0.03016900
v -0.02609500 -0.04190800 0.03111700
v -0.02745500 -0.04129700 0.03050000
v -0.02644500 -0.04239000 0.03016900
v -0.02757900 -0.04142100 0.03016900
v -0.02780800 -0.04165100 0.02929400
v -0.02085800 -0.04453000 0.02929400
v -0.02085800 -0.04420500 0.03016900
v -0.02234500 -0.04408800 0.03016900
v -0.02085800 -0.04403000 0.03050000
v -0.02225200 -0.04349900 0.03111700
v -0.02562900 -0.04126700 0.03190900
v -0.02689300 -0.04073600 0.03153600
v -0.02609500 -0.04190800 0.03111700
v -0.02715800 -0.04100000 0.03111700
v -0.02745500 -0.04129700 0.03050000
v -0.02085800 -0.04403000 0.03050000
v -0.02085800 -0.04360900 0.03111700
v -0.02225200 -0.04349900 0.03111700
v -0.02085800 -0.04323600 0.03153600
v -0.02212800 -0.04271800 0.03190900
v -0.02530800 -0.03915100 0.03283000
v -0.02592700 -0.03977000 0.03250500
v -0.02507200 -0.04050000 0.03250500
v -0.02616100 -0.04000300 0.03233000
v -0.02562900 -0.04126700 0.03190900
v -0.02659800 -0.04044000 0.03190900
v -0.02689300 -0.04073600 0.03153600
v -0.02666200 -0.04268900 0.02911300
v -0.02534100 -0.04349800 0.02911300
v -0.02644500 -0.04239000 0.03016900
v -0.02517300 -0.04316900 0.03016900
v -0.02609500 -0.04190800 0.03111700
v -0.02490300 -0.04263800 0.03111700
v -0.02562900 -0.04126700 0.03190900
v -0.02454300 -0.04193300 0.03190900
v -0.02507200 -0.04050000 0.03250500
v -0.02411300 -0.04108800 0.03250500
v -0.02307300 -0.04151900 0.03250500
v -0.02411300 -0.04108800 0.03250500
v -0.02336600 -0.04242000 0.03190900
v -0.02454300 -0.04193300 0.03190900
v -0.02361100 -0.04317300 0.03111700
v -0.02490300 -0.04263800 0.03111700
v -0.02379500 -0.04374000 0.03016900
v -0.02517300 -0.04316900 0.03016900
v -0.02390900 -0.04409100 0.02911300
v -0.02534100 -0.04349800 0.02911300
v -0.02539800 -0.04361000 0.02800000
v -0.02666200 -0.04268900 0.02911300
v -0.02673600 -0.04279000 0.02800000
v -0.02784000 -0.04168200 0.02911300
v -0.02792900 -0.04177100 0.02800000
v -0.02394800 -0.04421100 0.02800000
v -0.02242200 -0.04457700 0.02800000
v -0.02390900 -0.04409100 0.02911300
v -0.02240300 -0.04445300 0.02911300
v -0.02379500 -0.04374000 0.03016900
v -0.02234500 -0.04408800 0.03016900
v -0.02361100 -0.04317300 0.03111700
v -0.02225200 -0.04349900 0.03111700
v -0.02336600 -0.04242000 0.03190900
v -0.02212800 -0.04271800 0.03190900
v -0.02307300 -0.04151900 0.03250500
v -0.02197900 -0.04178100 0.03250500
v -0.02439300 -0.03823600 0.03300000
v -0.02518000 -0.03902200 0.03287500
v -0.02445100 -0.03964500 0.03287500
v -0.02530800 -0.03915100 0.03283000
v -0.02085800 -0.04323600 0.03153600
v -0.02085800 -0.04281700 0.03190900
v -0.02212800 -0.04271800 0.03190900
v -0.02085800 -0.04220000 0.03233000
v -0.02197900 -0.04178100 0.03250500
v -0.02085800 -0.04186900 0.03250500
v -0.02085800 -0.04099400 0.03283000
v -0.02530800 -0.03915100 0.03283000
v -0.02507200 -0.04050000 0.03250500
v -0.02445100 -0.03964500 0.03287500
v -0.02411300 -0.04108800 0.03250500
v -0.02363300 -0.04014600 0.03287500
v -0.02307300 -0.04151900 0.03250500
v -0.02274700 -0.04051300 0.03287500
v -0.02197900 -0.04178100 0.03250500
v -0.02181400 -0.04073700 0.03287500
v -0.02085800 -0.04099400 0.03283000
v -0.02085800 -0.04081300 0.03287500
v -0.02439300 -0.03823600 0.03300000
v -0.02445100 -0.03964500 0.03287500
v -0.02379700 -0.03874500 0.03300000
v -0.02363300 -0.04014600 0.03287500
v -0.02312800 -0.03915500 0.03300000
v -0.02274700 -0.04051300 0.03287500
v -0.02240300 -0.03945500 0.03300000
v -0.02181400 -0.04073700 0.03287500
v -0.02164000 -0.03963800 0.03300000
v -0.02085800 -0.04081300 0.03287500
v -0.02085800 -0.03970000 0.03300000
v 0.04500000 -0.02055800 0.02800000
v 0.04500000 0.00030000 0.02800000
v 0.04487500 -0.02055800 0.02911300
v 0.04483000 0.00030000 0.02929400
v 0.04483000 -0.02055800 0.02929400
v 0.04483000 -0.02055800 0.02929400
v 0.04483000 0.00030000 0.02929400
v 0.04450500 -0.02055800 0.03016900
v 0.04433000 0.00030000 0.03050000
v 0.04433000 -0.02055800 0.03050000
v 0.04433000 -0.02055800 0.03050000
v 0.04433000 0.00030000 0.03050000
v 0.04390900 -0.02055800 0.03111700
v 0.04353600 0.00030000 0.03153600
v 0.04353600 -0.02055800 0.03153600
v 0.04353600 -0.02055800 0.03153600
v 0.04353600 0.00030000 0.03153600
v 0.04311700 -0.02055800 0.03190900
v 0.04250000 0.00030000 0.03233000
v 0.04250000 -0.02055800 0.03233000
v 0.04250000 -0.02055800 0.03233000
v 0.04250000 0.00030000 0.03233000
v 0.04216900 -0.02055800 0.03250500
v 0.04129400 0.00030000 0.03283000
v 0.04129400 -0.02055800 0.03283000
v 0.04129400 -0.02055800 0.03283000
v 0.04129400 0.00030000 0.03283000
v 0.04111300 -0.02055800 0.03287500
v 0.04000000 0.00030000 0.03300000
v 0.04000000 -0.02055800 0.03300000
v -0.04207100 -0.02762900 0.02800000
v -0.02792900 -0.04177100 0.02800000
v -0.04198200 -0.02754000 0.02911300
v -0.02784000 -0.04168200 0.02911300
v -0.04195100 -0.02750800 0.02929400
v -0.02780800 -0.04165100 0.02929400
v -0.04172100 -0.02727900 0.03016900
v -0.02757900 -0.04142100 0.03016900
v -0.04159700 -0.02715500 0.03050000
v -0.02745500 -0.04129700 0.03050000
v -0.04130000 -0.02685800 0.03111700
v -0.02715800 -0.04100000 0.03111700
v -0.04103600 -0.02659300 0.03153600
v -0.02689300 -0.04073600 0.03153600
v -0.04074000 -0.02629800 0.03190900
v -0.02659800 -0.04044000 0.03190900
v -0.04030300 -0.02586100 0.03233000
v -0.02616100 -0.04000300 0.03233000
v -0.04007000 -0.02562700 0.03250500
v -0.02592700 -0.03977000 0.03250500
v -0.03945100 -0.02500800 0.03283000
v -0.02530800 -0.03915100 0.03283000
v -0.03932200 -0.02488000 0.03287500
v -0.02518000 -0.03902200 0.03287500
v -0.03853600 -0.02409300 0.03300000
v -0.02439300 -0.03823600 0.03300000
v 0.04500000 0.02115800 0.02800000
v 0.04487500 0.02115800 0.02911300
v 0.04500000 0.00030000 0.02800000
v 0.04483000 0.00030000 0.02929400
v 0.04487500 0.02115800 0.02911300
v 0.04483000 0.02115800 0.02929400
v 0.04483000 0.00030000 0.02929400
v 0.04450500 0.02115800 0.03016900
v 0.04433000 0.00030000 0.03050000
v 0.04450500 0.02115800 0.03016900
v 0.04433000 0.02115800 0.03050000
v 0.04433000 0.00030000 0.03050000
v 0.04390900 0.02115800 0.03111700
v 0.04353600 0.00030000 0.03153600
v 0.04390900 0.02115800 0.03111700
v 0.04353600 0.02115800 0.03153600
v 0.04353600 0.00030000 0.03153600
v 0.04311700 0.02115800 0.03190900
v 0.04250000 0.00030000 0.03233000
v 0.04311700 0.02115800 0.03190900
v 0.04250000 0.02115800 0.03233000
v 0.04250000 0.00030000 0.03233000
v 0.04216900 0.02115800 0.03250500
v 0.04129400 0.00030000 0.03283000
v 0.04000000 0.02115800 0.03300000
v 0.04000000 0.00030000 0.03300000
v 0.04111300 0.02115800 0.03287500
v 0.04129400 0.00030000 0.03283000
v 0.04129400 0.02115800 0.03283000
v 0.04216900 0.02115800 0.03250500
v -0.04298900 -0.02636200 0.02911300
v -0.04309000 -0.02643600 0.02800000
v -0.04207100 -0.02762900 0.02800000
v -0.04423900 -0.02438500 0.02800000
v -0.04391000 -0.02509800 0.02800000
v -0.04379800 -0.02504100 0.02911300
v -0.04500000 -0.02055800 0.02800000
v -0.04487700 -0.02212200 0.02800000
v -0.04487500 -0.02055800 0.02911300
v -0.04475300 -0.02210300 0.02911300
v -0.04483000 -0.02055800 0.02929400
v -0.04438800 -0.02204500 0.03016900
v -0.04207100 -0.02762900 0.02800000
v -0.04198200 -0.02754000 0.02911300
v -0.04298900 -0.02636200 0.02911300
v -0.04195100 -0.02750800 0.02929400
v -0.04269000 -0.02614500 0.03016900
v -0.04379900 -0.02195200 0.03111700
v -0.04433000 -0.02055800 0.03050000
v -0.04438800 -0.02204500 0.03016900
v -0.04450500 -0.02055800 0.03016900
v -0.04483000 -0.02055800 0.02929400
v -0.04195100 -0.02750800 0.02929400
v -0.04172100 -0.02727900 0.03016900
v -0.04269000 -0.02614500 0.03016900
v -0.04159700 -0.02715500 0.03050000
v -0.04220800 -0.02579500 0.03111700
v -0.04301800 -0.02182800 0.03190900
v -0.04353600 -0.02055800 0.03153600
v -0.04379900 -0.02195200 0.03111700
v -0.04390900 -0.02055800 0.03111700
v -0.04433000 -0.02055800 0.03050000
v -0.04159700 -0.02715500 0.03050000
v -0.04130000 -0.02685800 0.03111700
v -0.04220800 -0.02579500 0.03111700
v -0.04103600 -0.02659300 0.03153600
v -0.04156700 -0.02532900 0.03190900
v -0.04129400 -0.02055800 0.03283000
v -0.04216900 -0.02055800 0.03250500
v -0.04208100 -0.02167900 0.03250500
v -0.04250000 -0.02055800 0.03233000
v -0.04301800 -0.02182800 0.03190900
v -0.04311700 -0.02055800 0.03190900
v -0.04353600 -0.02055800 0.03153600
v -0.04487700 -0.02212200 0.02800000
v -0.04451100 -0.02364800 0.02800000
v -0.04475300 -0.02210300 0.02911300
v -0.04439100 -0.02360900 0.02911300
v -0.04438800 -0.02204500 0.03016900
v -0.04404000 -0.02349500 0.03016900
v -0.04379900 -0.02195200 0.03111700
v -0.04347300 -0.02331100 0.03111700
v -0.04301800 -0.02182800 0.03190900
v -0.04272000 -0.02306600 0.03190900
v -0.04208100 -0.02167900 0.03250500
v -0.04181900 -0.02277300 0.03250500
v -0.04451100 -0.02364800 0.02800000
v -0.04423900 -0.02438500 0.02800000
v -0.04439100 -0.02360900 0.02911300
v -0.04379800 -0.02504100 0.02911300
v -0.04404000 -0.02349500 0.03016900
v -0.04346900 -0.02487300 0.03016900
v -0.04347300 -0.02331100 0.03111700
v -0.04293800 -0.02460300 0.03111700
v -0.04272000 -0.02306600 0.03190900
v -0.04223300 -0.02424300 0.03190900
v -0.04181900 -0.02277300 0.03250500
v -0.04138800 -0.02381300 0.03250500
v -0.04391000 -0.02509800 0.02800000
v -0.04309000 -0.02643600 0.02800000
v -0.04379800 -0.02504100 0.02911300
v -0.04298900 -0.02636200 0.02911300
v -0.04346900 -0.02487300 0.03016900
v -0.04269000 -0.02614500 0.03016900
v -0.04293800 -0.02460300 0.03111700
v -0.04220800 -0.02579500 0.03111700
v -0.04223300 -0.02424300 0.03190900
v -0.04156700 -0.02532900 0.03190900
v -0.04138800 -0.02381300 0.03250500
v -0.04080000 -0.02477200 0.03250500
v -0.04000000 -0.02055800 0.03300000
v -0.04111300 -0.02055800 0.03287500
v -0.04103700 -0.02151400 0.03287500
v -0.04129400 -0.02055800 0.03283000
v -0.04103600 -0.02659300 0.03153600
v -0.04074000 -0.02629800 0.03190900
v -0.04156700 -0.02532900 0.03190900
v -0.04030300 -0.02586100 0.03233000
v -0.04080000 -0.02477200 0.03250500
v -0.04007000 -0.02562700 0.03250500
v -0.03945100 -0.02500800 0.03283000
v -0.04129400 -0.02055800 0.03283000
v -0.04208100 -0.02167900 0.03250500
v -0.04103700 -0.02151400 0.03287500
v -0.04181900 -0.02277300 0.03250500
v -0.04081300 -0.02244700 0.03287500
v -0.04138800 -0.02381300 0.03250500
v -0.04044600 -0.02333300 0.03287500
v -0.04080000 -0.02477200 0.03250500
v -0.03994500 -0.02415100 0.03287500
v -0.03945100 -0.02500800 0.03283000
v -0.03932200 -0.02488000 0.03287500
v -0.04000000 -0.02055800 0.03300000
v -0.04103700 -0.02151400 0.03287500
v -0.03993800 -0.02134000 0.03300000
v -0.04081300 -0.02244700 0.03287500
v -0.03975500 -0.02210300 0.03300000
v -0.04044600 -0.02333300 0.03287500
v -0.03945500 -0.02282800 0.03300000
v -0.03994500 -0.02415100 0.03287500
v -0.03904500 -0.02349700 0.03300000
v -0.03932200 -0.02488000 0.03287500
v -0.03853600 -0.02409300 0.03300000
v 0.04298900 0.02696200 0.02911300
v 0.04309000 0.02703600 0.02800000
v 0.04207100 0.02822900 0.02800000
v 0.04423900 0.02498500 0.02800000
v 0.04391000 0.02569800 0.02800000
v 0.04379800 0.02564100 0.02911300
v 0.04500000 0.02115800 0.02800000
v 0.04487700 0.02272200 0.02800000
v 0.04487500 0.02115800 0.02911300
v 0.04475300 0.02270300 0.02911300
v 0.04483000 0.02115800 0.02929400
v 0.04438800 0.02264500 0.03016900
v 0.04207100 0.02822900 0.02800000
v 0.04198200 0.02814000 0.02911300
v 0.04298900 0.02696200 0.02911300
v 0.04195100 0.02810800 0.02929400
v 0.04269000 0.02674500 0.03016900
v 0.04379900 0.02255200 0.03111700
v 0.04433000 0.02115800 0.03050000
v 0.04438800 0.02264500 0.03016900
v 0.04450500 0.02115800 0.03016900
v 0.04483000 0.02115800 0.02929400
v 0.04195100 0.02810800 0.02929400
v 0.04172100 0.02787900 0.03016900
v 0.04269000 0.02674500 0.03016900
v 0.04159700 0.02775500 0.03050000
v 0.04220800 0.02639500 0.03111700
v 0.04301800 0.02242800 0.03190900
v 0.04353600 0.02115800 0.03153600
v 0.04379900 0.02255200 0.03111700
v 0.04390900 0.02115800 0.03111700
v 0.04433000 0.02115800 0.03050000
v 0.04159700 0.02775500 0.03050000
v 0.04130000 0.02745800 0.03111700
v 0.04220800 0.02639500 0.03111700
v 0.04103600 0.02719300 0.03153600
v 0.04156700 0.02592900 0.03190900
v 0.04129400 0.02115800 0.03283000
v 0.04216900 0.02115800 0.03250500
v 0.04208100 0.02227900 0.03250500
v 0.04250000 0.02115800 0.03233000
v 0.04301800 0.02242800 0.03190900
v 0.04311700 0.02115800 0.03190900
v 0.04353600 0.02115800 0.03153600
v 0.04487700 0.02272200 0.02800000
v 0.04451100 0.02424800 0.02800000
v 0.04475300 0.02270300 0.02911300
v 0.04439100 0.02420900 0.02911300
v 0.04438800 0.02264500 0.03016900
v 0.04404000 0.02409500 0.03016900
v 0.04379900 0.02255200 0.03111700
v 0.04347300 0.02391100 0.03111700
v 0.04301800 0.02242800 0.03190900
v 0.04272000 0.02366600 0.03190900
v 0.04208100 0.02227900 0.03250500
v 0.04181900 0.02337300 0.03250500
v 0.04451100 0.02424800 0.02800000
v 0.04423900 0.02498500 0.02800000
v 0.04439100 0.02420900 0.02911300
v 0.04379800 0.02564100 0.02911300
v 0.04404000 0.02409500 0.03016900
v 0.04346900 0.02547300 0.03016900
v 0.04347300 0.02391100 0.03111700
v 0.04293800 0.02520300 0.03111700
v 0.04272000 0.02366600 0.03190900
v 0.04223300 0.02484300 0.03190900
v 0.04181900 0.02337300 0.03250500
v 0.04138800 0.02441300 0.03250500
v 0.04391000 0.02569800 0.02800000
v 0.04309000 0.02703600 0.02800000
v 0.04379800 0.02564100 0.02911300
v 0.04298900 0.02696200 0.02911300
v 0.04346900 0.02547300 0.03016900
v 0.04269000 0.02674500 0.03016900
v 0.04293800 0.02520300 0.03111700
v 0.04220800 0.02639500 0.03111700
v 0.04223300 0.02484300 0.03190900
v 0.04156700 0.02592900 0.03190900
v 0.04138800 0.02441300 0.03250500
v 0.04080000 0.02537200 0.03250500
v 0.04000000 0.02115800 0.03300000
v 0.04111300 0.02115800 0.03287500
v 0.04103700 0.02211400 0.03287500
v 0.04129400 0.02115800 0.03283000
v 0.04103600 0.02719300 0.03153600
v 0.04074000 0.02689800 0.03190900
v 0.04156700 0.02592900 0.03190900
v 0.04030300 0.02646100 0.03233000
v 0.04080000 0.02537200 0.03250500
v 0.04007000 0.02622700 0.03250500
v 0.03945100 0.02560800 0.03283000
v 0.04129400 0.02115800 0.03283000
v 0.04208100 0.02227900 0.03250500
v 0.04103700 0.02211400 0.03287500
v 0.04181900 0.02337300 0.03250500
v 0.04081300 0.02304700 0.03287500
v 0.04138800 0.02441300 0.03250500
v 0.04044600 0.02393300 0.03287500
v 0.04080000 0.02537200 0.03250500
v 0.03994500 0.02475100 0.03287500
v 0.03945100 0.02560800 0.03283000
v 0.03932200 0.02548000 0.03287500
v 0.04000000 0.02115800 0.03300000
v 0.04103700 0.02211400 0.03287500
v 0.03993800 0.02194000 0.03300000
v 0.04081300 0.02304700 0.03287500
v 0.03975500 0.02270300 0.03300000
v 0.04044600 0.02393300 0.03287500
v 0.03945500 0.02342800 0.03300000
v 0.03994500 0.02475100 0.03287500
v 0.03904500 0.02409700 0.03300000
v 0.03932200 0.02548000 0.03287500
v 0.03853600 0.02469300 0.03300000
v -0.04500000 -0.02055800 0.02800000
v -0.04487500 -0.02055800 0.02911300
v -0.04500000 0.00030000 0.02800000
v -0.04483000 0.00030000 0.02929400
v -0.04487500 -0.02055800 0.02911300
v -0.04483000 -0.02055800 0.02929400
v -0.04483000 0.00030000 0.02929400
v -0.04450500 -0.02055800 0.03016900
v -0.04433000 0.00030000 0.03050000
v -0.04450500 -0.02055800 0.03016900
v -0.04433000 -0.02055800 0.03050000
v -0.04433000 0.00030000 0.03050000
v -0.04390900 -0.02055800 0.03111700
v -0.04353600 0.00030000 0.03153600
v -0.04390900 -0.02055800 0.03111700
v -0.04353600 -0.02055800 0.03153600
v -0.04353600 0.00030000 0.03153600
v -0.04311700 -0.02055800 0.03190900
v -0.04250000 0.00030000 0.03233000
v -0.04311700 -0.02055800 0.03190900
v -0.04250000 -0.02055800 0.03233000
v -0.04250000 0.00030000 0.03233000
v -0.04216900 -0.02055800 0.03250500
v -0.04129400 0.00030000 0.03283000
v -0.04000000 -0.02055800 0.03300000
v -0.04000000 0.00030000 0.03300000
v -0.04111300 -0.02055800 0.03287500
v -0.04129400 0.00030000 0.03283000
v -0.04129400 -0.02055800 0.03283000
v -0.04216900 -0.02055800 0.03250500
v 0.04207100 0.02822900 0.02800000
v 0.02792900 0.04237100 0.02800000
v 0.04198200 0.02814000 0.02911300
v 0.02784000 0.04228200 0.02911300
v 0.04195100 0.02810800 0.02929400
v 0.02780800 0.04225100 0.02929400
v 0.04172100 0.02787900 0.03016900
v 0.02757900 0.04202100 0.03016900
v 0.04159700 0.02775500 0.03050000
v 0.02745500 0.04189700 0.03050000
v 0.04130000 0.02745800 0.03111700
v 0.02715800 0.04160000 0.03111700
v 0.04103600 0.02719300 0.03153600
v 0.02689300 0.04133600 0.03153600
v 0.04074000 0.02689800 0.03190900
v 0.02659800 0.04104000 0.03190900
v 0.04030300 0.02646100 0.03233000
v 0.02616100 0.04060300 0.03233000
v 0.04007000 0.02622700 0.03250500
v 0.02592700 0.04037000 0.03250500
v 0.03945100 0.02560800 0.03283000
v 0.02530800 0.03975100 0.03283000
v 0.03932200 0.02548000 0.03287500
v 0.02518000 0.03962200 0.03287500
v 0.03853600 0.02469300 0.03300000
v 0.02439300 0.03883600 0.03300000
v -0.04500000 0.02115800 0.02800000
v -0.04500000 0.00030000 0.02800000
v -0.04487500 0.02115800 0.02911300
v -0.04483000 0.00030000 0.02929400
v -0.04483000 0.02115800 0.02929400
v -0.04483000 0.02115800 0.02929400
v -0.04483000 0.00030000 0.02929400
v -0.04450500 0.02115800 0.03016900
v -0.04433000 0.00030000 0.03050000
v -0.04433000 0.02115800 0.03050000
v -0.04433000 0.02115800 0.03050000
v -0.04433000 0.00030000 0.03050000
v -0.04390900 0.02115800 0.03111700
v -0.04353600 0.00030000 0.03153600
v -0.04353600 0.02115800 0.03153600
v -0.04353600 0.02115800 0.03153600
v -0.04353600 0.00030000 0.03153600
v -0.04311700 0.02115800 0.03190900
v -0.04250000 0.00030000 0.03233000
v -0.04250000 0.02115800 0.03233000
v -0.04250000 0.02115800 0.03233000
v -0.04250000 0.00030000 0.03233000
v -0.04216900 0.02115800 0.03250500
v -0.04129400 0.00030000 0.03283000
v -0.04129400 0.02115800 0.03283000
v -0.04129400 0.02115800 0.03283000
v -0.04129400 0.00030000 0.03283000
v -0.04111300 0.02115800 0.03287500
v -0.04000000 0.00030000 0.03300000
v -0.04000000 0.02115800 0.03300000
v 0.02240300 0.04505300 0.02911300
v 0.02242200 0.04517700 0.02800000
v 0.02085800 0.04530000 0.02800000
v 0.02468500 0.04453900 0.02800000
v 0.02394800 0.04481100 0.02800000
v 0.02390900 0.04469100 0.02911300
v 0.02468500 0.04453900 0.02800000
v 0.02390900 0.04469100 0.02911300
v 0.02539800 0.04421000 0.02800000
v 0.02784000 0.04228200 0.02911300
v 0.02666200 0.04328900 0.02911300
v 0.02780800 0.04225100 0.02929400
v 0.02644500 0.04299000 0.03016900
v 0.02085800 0.04530000 0.02800000
v 0.02085800 0.04517500 0.02911300
v 0.02240300 0.04505300 0.02911300
v 0.02085800 0.04513000 0.02929400
v 0.02234500 0.04468800 0.03016900
v 0.02609500 0.04250800 0.03111700
v 0.02745500 0.04189700 0.03050000
v 0.02644500 0.04299000 0.03016900
v 0.02757900 0.04202100 0.03016900
v 0.02780800 0.04225100 0.02929400
v 0.02085800 0.04513000 0.02929400
v 0.02085800 0.04480500 0.03016900
v 0.02234500 0.04468800 0.03016900
v 0.02085800 0.04463000 0.03050000
v 0.02225200 0.04409900 0.03111700
v 0.02562900 0.04186700 0.03190900
v 0.02689300 0.04133600 0.03153600
v 0.02609500 0.04250800 0.03111700
v 0.02715800 0.04160000 0.03111700
v 0.02745500 0.04189700 0.03050000
v 0.02085800 0.04463000 0.03050000
v 0.02085800 0.04420900 0.03111700
v 0.02225200 0.04409900 0.03111700
v 0.02085800 0.04383600 0.03153600
v 0.02212800 0.04331800 0.03190900
v 0.02530800 0.03975100 0.03283000
v 0.02592700 0.04037000 0.03250500
v 0.02507200 0.04110000 0.03250500
v 0.02616100 0.04060300 0.03233000
v 0.02562900 0.04186700 0.03190900
v 0.02659800 0.04104000 0.03190900
v 0.02689300 0.04133600 0.03153600
v 0.02666200 0.04328900 0.02911300
v 0.02534100 0.04409800 0.02911300
v 0.02644500 0.04299000 0.03016900
v 0.02517300 0.04376900 0.03016900
v 0.02609500 0.04250800 0.03111700
v 0.02490300 0.04323800 0.03111700
v 0.02562900 0.04186700 0.03190900
v 0.02454300 0.04253300 0.03190900
v 0.02507200 0.04110000 0.03250500
v 0.02411300 0.04168800 0.03250500
v 0.02307300 0.04211900 0.03250500
v 0.02411300 0.04168800 0.03250500
v 0.02336600 0.04302000 0.03190900
v 0.02454300 0.04253300 0.03190900
v 0.02361100 0.04377300 0.03111700
v 0.02490300 0.04323800 0.03111700
v 0.02379500 0.04434000 0.03016900
v 0.02517300 0.04376900 0.03016900
v 0.02390900 0.04469100 0.02911300
v 0.02534100 0.04409800 0.02911300
v 0.02539800 0.04421000 0.02800000
v 0.02666200 0.04328900 0.02911300
v 0.02673600 0.04339000 0.02800000
v 0.02784000 0.04228200 0.02911300
v 0.02792900 0.04237100 0.02800000
v 0.02394800 0.04481100 0.02800000
v 0.02242200 0.04517700 0.02800000
v 0.02390900 0.04469100 0.02911300
v 0.02240300 0.04505300 0.02911300
v 0.02379500 0.04434000 0.03016900
v 0.02234500 0.04468800 0.03016900
v 0.02361100 0.04377300 0.03111700
v 0.02225200 0.04409900 0.03111700
v 0.02336600 0.04302000 0.03190900
v 0.02212800 0.04331800 0.03190900
v 0.02307300 0.04211900 0.03250500
v 0.02197900 0.04238100 0.03250500
v 0.02439300 0.03883600 0.03300000
v 0.02518000 0.03962200 0.03287500
v 0.02445100 0.04024500 0.03287500
v 0.02530800 0.03975100 0.03283000
v 0.02085800 0.04383600 0.03153600
v 0.02085800 0.04341700 0.03190900
v 0.02212800 0.04331800 0.03190900
v 0.02085800 0.04280000 0.03233000
v 0.02197900 0.04238100 0.03250500
v 0.02085800 0.04246900 0.03250500
v 0.02085800 0.04159400 0.03283000
v 0.02530800 0.03975100 0.03283000
v 0.02507200 0.04110000 0.03250500
v 0.02445100 0.04024500 0.03287500
v 0.02411300 0.04168800 0.03250500
v 0.02363300 0.04074600 0.03287500
v 0.02307300 0.04211900 0.03250500
v 0.02274700 0.04111300 0.03287500
v 0.02197900 0.04238100 0.03250500
v 0.02181400 0.04133700 0.03287500
v 0.02085800 0.04159400 0.03283000
v 0.02085800 0.04141300 0.03287500
v 0.02439300 0.03883600 0.03300000
v 0.02445100 0.04024500 0.03287500
v 0.02379700 0.03934500 0.03300000
v 0.02363300 0.04074600 0.03287500
v 0.02312800 0.03975500 0.03300000
v 0.02274700 0.04111300 0.03287500
v 0.02240300 0.04005500 0.03300000
v 0.02181400 0.04133700 0.03287500
v 0.02164000 0.04023800 0.03300000
v 0.02085800 0.04141300 0.03287500
v 0.02085800 0.04030000 0.03300000
v -0.04475300 0.02270300 0.02911300
v -0.04487700 0.02272200 0.02800000
v -0.04500000 0.02115800 0.02800000
v -0.04423900 0.02498500 0.02800000
v -0.04451100 0.02424800 0.02800000
v -0.04439100 0.02420900 0.02911300
v -0.04207100 0.02822900 0.02800000
v -0.04309000 0.02703600 0.02800000
v -0.04198200 0.02814000 0.02911300
v -0.04298900 0.02696200 0.02911300
v -0.04195100 0.02810800 0.02929400
v -0.04269000 0.02674500 0.03016900
v -0.04500000 0.02115800 0.02800000
v -0.04487500 0.02115800 0.02911300
v -0.04475300 0.02270300 0.02911300
v -0.04483000 0.02115800 0.02929400
v -0.04438800 0.02264500 0.03016900
v -0.04220800 0.02639500 0.03111700
v -0.04159700 0.02775500 0.03050000
v -0.04269000 0.02674500 0.03016900
v -0.04172100 0.02787900 0.03016900
v -0.04195100 0.02810800 0.02929400
v -0.04483000 0.02115800 0.02929400
v -0.04450500 0.02115800 0.03016900
v -0.04438800 0.02264500 0.03016900
v -0.04433000 0.02115800 0.03050000
v -0.04379900 0.02255200 0.03111700
v -0.04156700 0.02592900 0.03190900
v -0.04103600 0.02719300 0.03153600
v -0.04220800 0.02639500 0.03111700
v -0.04130000 0.02745800 0.03111700
v -0.04159700 0.02775500 0.03050000
v -0.04433000 0.02115800 0.03050000
v -0.04390900 0.02115800 0.03111700
v -0.04379900 0.02255200 0.03111700
v -0.04353600 0.02115800 0.03153600
v -0.04301800 0.02242800 0.03190900
v -0.03945100 0.02560800 0.03283000
v -0.04007000 0.02622700 0.03250500
v -0.04080000 0.02537200 0.03250500
v -0.04030300 0.02646100 0.03233000
v -0.04156700 0.02592900 0.03190900
v -0.04074000 0.02689800 0.03190900
v -0.04103600 0.02719300 0.03153600
v -0.04309000 0.02703600 0.02800000
v -0.04391000 0.02569800 0.02800000
v -0.04298900 0.02696200 0.02911300
v -0.04379800 0.02564100 0.02911300
v -0.04269000 0.02674500 0.03016900
v -0.04346900 0.02547300 0.03016900
v -0.04220800 0.02639500 0.03111700
v -0.04293800 0.02520300 0.03111700
v -0.04156700 0.02592900 0.03190900
v -0.04223300 0.02484300 0.03190900
v -0.04080000 0.02537200 0.03250500
v -0.04138800 0.02441300 0.03250500
v -0.04391000 0.02569800 0.02800000
v -0.04423900 0.02498500 0.02800000
v -0.04379800 0.02564100 0.02911300
v -0.04439100 0.02420900 0.02911300
v -0.04346900 0.02547300 0.03016900
v -0.04404000 0.02409500 0.03016900
v -0.04293800 0.02520300 0.03111700
v -0.04347300 0.02391100 0.03111700
v -0.04223300 0.02484300 0.03190900
v -0.04272000 0.02366600 0.03190900
v -0.04138800 0.02441300 0.03250500
v -0.04181900 0.02337300 0.03250500
v -0.04451100 0.02424800 0.02800000
v -0.04487700 0.02272200 0.02800000
v -0.04439100 0.02420900 0.02911300
v -0.04475300 0.02270300 0.02911300
v -0.04404000 0.02409500 0.03016900
v -0.04438800 0.02264500 0.03016900
v -0.04347300 0.02391100 0.03111700
v -0.04379900 0.02255200 0.03111700
v -0.04272000 0.02366600 0.03190900
v -0.04301800 0.02242800 0.03190900
v -0.04181900 0.02337300 0.03250500
v -0.04208100 0.02227900 0.03250500
v -0.03853600 0.02469300 0.03300000
v -0.03932200 0.02548000 0.03287500
v -0.03994500 0.02475100 0.03287500
v -0.03945100 0.02560800 0.03283000
v -0.04353600 0.02115800 0.03153600
v -0.04311700 0.02115800 0.03190900
v -0.04301800 0.02242800 0.03190900
v -0.04250000 0.02115800 0.03233000
v -0.04208100 0.02227900 0.03250500
v -0.04216900 0.02115800 0.03250500
v -0.04129400 0.02115800 0.03283000
v -0.03945100 0.02560800 0.03283000
v -0.04080000 0.02537200 0.03250500
v -0.03994500 0.02475100 0.03287500
v -0.04138800 0.02441300 0.03250500
v -0.04044600 0.02393300 0.03287500
v -0.04181900 0.02337300 0.03250500
v -0.04081300 0.02304700 0.03287500
v -0.04208100 0.02227900 0.03250500
v -0.04103700 0.02211400 0.03287500
v -0.04129400 0.02115800 0.03283000
v -0.04111300 0.02115800 0.03287500
v -0.03853600 0.02469300 0.03300000
v -0.03994500 0.02475100 0.03287500
v -0.03904500 0.02409700 0.03300000
v -0.04044600 0.02393300 0.03287500
v -0.03945500 0.02342800 0.03300000
v -0.04081300 0.02304700 0.03287500
v -0.03975500 0.02270300 0.03300000
v -0.04103700 0.02211400 0.03287500
v -0.03993800 0.02194000 0.03300000
v -0.04111300 0.02115800 0.03287500
v -0.04000000 0.02115800 0.03300000
v 0.02085800 0.04530000 0.02800000
v -0.02085800 0.04530000 0.02800000
v 0.02085800 0.04517500 0.02911300
v -0.02085800 0.04517500 0.02911300
v 0.02085800 0.04513000 0.02929400
v -0.02085800 0.04513000 0.02929400
v 0.02085800 0.04480500 0.03016900
v -0.02085800 0.04480500 0.03016900
v 0.02085800 0.04463000 0.03050000
v -0.02085800 0.04463000 0.03050000
v 0.02085800 0.04420900 0.03111700
v -0.02085800 0.04420900 0.03111700
v 0.02085800 0.04383600 0.03153600
v -0.02085800 0.04383600 0.03153600
v 0.02085800 0.04341700 0.03190900
v -0.02085800 0.04341700 0.03190900
v 0.02085800 0.04280000 0.03233000
v -0.02085800 0.04280000 0.03233000
v 0.02085800 0.04246900 0.03250500
v -0.02085800 0.04246900 0.03250500
v 0.02085800 0.04159400 0.03283000
v -0.02085800 0.04159400 0.03283000
v 0.02085800 0.04141300 0.03287500
v -0.02085800 0.04141300 0.03287500
v 0.02085800 0.04030000 0.03300000
v -0.02085800 0.04030000 0.03300000
v -0.02792900 0.04237100 0.02800000
v -0.04207100 0.02822900 0.02800000
v -0.02784000 0.04228200 0.02911300
v -0.04198200 0.02814000 0.02911300
v -0.02780800 0.04225100 0.02929400
v -0.04195100 0.02810800 0.02929400
v -0.02757900 0.04202100 0.03016900
v -0.04172100 0.02787900 0.03016900
v -0.02745500 0.04189700 0.03050000
v -0.04159700 0.02775500 0.03050000
v -0.02715800 0.04160000 0.03111700
v -0.04130000 0.02745800 0.03111700
v -0.02689300 0.04133600 0.03153600
v -0.04103600 0.02719300 0.03153600
v -0.02659800 0.04104000 0.03190900
v -0.04074000 0.02689800 0.03190900
v -0.02616100 0.04060300 0.03233000
v -0.04030300 0.02646100 0.03233000
v -0.02592700 0.04037000 0.03250500
v -0.04007000 0.02622700 0.03250500
v -0.02530800 0.03975100 0.03283000
v -0.03945100 0.02560800 0.03283000
v -0.02518000 0.03962200 0.03287500
v -0.03932200 0.02548000 0.03287500
v -0.02439300 0.03883600 0.03300000
v -0.03853600 0.02469300 0.03300000
v -0.02666200 0.04328900 0.02911300
v -0.02673600 0.04339000 0.02800000
v -0.02792900 0.04237100 0.02800000
v -0.02468500 0.04453900 0.02800000
v -0.02539800 0.04421000 0.02800000
v -0.02534100 0.04409800 0.02911300
v -0.02085800 0.04530000 0.02800000
v -0.02242200 0.04517700 0.02800000
v -0.02085800 0.04517500 0.02911300
v -0.02240300 0.04505300 0.02911300
v -0.02085800 0.04513000 0.02929400
v -0.02234500 0.04468800 0.03016900
v -0.02792900 0.04237100 0.02800000
v -0.02784000 0.04228200 0.02911300
v -0.02666200 0.04328900 0.02911300
v -0.02780800 0.04225100 0.02929400
v -0.02644500 0.04299000 0.03016900
v -0.02225200 0.04409900 0.03111700
v -0.02085800 0.04463000 0.03050000
v -0.02234500 0.04468800 0.03016900
v -0.02085800 0.04480500 0.03016900
v -0.02085800 0.04513000 0.02929400
v -0.02780800 0.04225100 0.02929400
v -0.02757900 0.04202100 0.03016900
v -0.02644500 0.04299000 0.03016900
v -0.02745500 0.04189700 0.03050000
v -0.02609500 0.04250800 0.03111700
v -0.02212800 0.04331800 0.03190900
v -0.02085800 0.04383600 0.03153600
v -0.02225200 0.04409900 0.03111700
v -0.02085800 0.04420900 0.03111700
v -0.02085800 0.04463000 0.03050000
v -0.02745500 0.04189700 0.03050000
v -0.02715800 0.04160000 0.03111700
v -0.02609500 0.04250800 0.03111700
v -0.02689300 0.04133600 0.03153600
v -0.02562900 0.04186700 0.03190900
v -0.02085800 0.04159400 0.03283000
v -0.02085800 0.04246900 0.03250500
v -0.02197900 0.04238100 0.03250500
v -0.02085800 0.04280000 0.03233000
v -0.02212800 0.04331800 0.03190900
v -0.02085800 0.04341700 0.03190900
v -0.02085800 0.04383600 0.03153600
v -0.02242200 0.04517700 0.02800000
v -0.02394800 0.04481100 0.02800000
v -0.02240300 0.04505300 0.02911300
v -0.02390900 0.04469100 0.02911300
v -0.02234500 0.04468800 0.03016900
v -0.02379500 0.04434000 0.03016900
v -0.02225200 0.04409900 0.03111700
v -0.02361100 0.04377300 0.03111700
v -0.02212800 0.04331800 0.03190900
v -0.02336600 0.04302000 0.03190900
v -0.02197900 0.04238100 0.03250500
v -0.02307300 0.04211900 0.03250500
v -0.02394800 0.04481100 0.02800000
v -0.02468500 0.04453900 0.02800000
v -0.02390900 0.04469100 0.02911300
v -0.02534100 0.04409800 0.02911300
v -0.02379500 0.04434000 0.03016900
v -0.02517300 0.04376900 0.03016900
v -0.02361100 0.04377300 0.03111700
v -0.02490300 0.04323800 0.03111700
v -0.02336600 0.04302000 0.03190900
v -0.02454300 0.04253300 0.03190900
v -0.02307300 0.04211900 0.03250500
v -0.02411300 0.04168800 0.03250500
v -0.02539800 0.04421000 0.02800000
v -0.02673600 0.04339000 0.02800000
v -0.02534100 0.04409800 0.02911300
v -0.02666200 0.04328900 0.02911300
v -0.02517300 0.04376900 0.03016900
v -0.02644500 0.04299000 0.03016900
v -0.02490300 0.04323800 0.03111700
v -0.02609500 0.04250800 0.03111700
v -0.02454300 0.04253300 0.03190900
v -0.02562900 0.04186700 0.03190900
v -0.02411300 0.04168800 0.03250500
v -0.02507200 0.04110000 0.03250500
v -0.02085800 0.04030000 0.03300000
v -0.02085800 0.04141300 0.03287500
v -0.02181400 0.04133700 0.03287500
v -0.02085800 0.04159400 0.03283000
v -0.02689300 0.04133600 0.03153600
v -0.02659800 0.04104000 0.03190900
v -0.02562900 0.04186700 0.03190900
v -0.02616100 0.04060300 0.03233000
v -0.02507200 0.04110000 0.03250500
v -0.02592700 0.04037000 0.03250500
v -0.02530800 0.03975100 0.03283000
v -0.02085800 0.04159400 0.03283000
v -0.02197900 0.04238100 0.03250500
v -0.02181400 0.04133700 0.03287500
v -0.02307300 0.04211900 0.03250500
v -0.02274700 0.04111300 0.03287500
v -0.02411300 0.04168800 0.03250500
v -0.02363300 0.04074600 0.03287500
v -0.02507200 0.04110000 0.03250500
v -0.02445100 0.04024500 0.03287500
v -0.02530800 0.03975100 0.03283000
v -0.02518000 0.03962200 0.03287500
v -0.02085800 0.04030000 0.03300000
v -0.02181400 0.04133700 0.03287500
v -0.02164000 0.04023800 0.03300000
v -0.02274700 0.04111300 0.03287500
v -0.02240300 0.04005500 0.03300000
v -0.02363300 0.04074600 0.03287500
v -0.02312800 0.03975500 0.03300000
v -0.02445100 0.04024500 0.03287500
v -0.02379700 0.03934500 0.03300000
v -0.02518000 0.03962200 0.03287500
v -0.02439300 0.03883600 0.03300000
vn -0.98530000 -0.09410000 0.14290000
vn -0.98430000 -0.10350000 0.14290000
vn -0.96460000 -0.10140000 0.24330000
vn -0.97190000 -0.18730000 0.14290000
vn -0.96810000 -0.20580000 0.14290000
vn -0.94880000 -0.20180000 0.24320000
vn -0.94960000 -0.27880000 0.14290000
vn -0.94130000 -0.30580000 0.14290000
vn -0.92250000 -0.29990000 0.24320000
vn -0.91880000 -0.36780000 0.14290000
vn -0.90420000 -0.40260000 0.14290000
vn -0.88600000 -0.39470000 0.24320000
vn -0.87970000 -0.45350000 0.14290000
vn -0.85710000 -0.49490000 0.14290000
vn -0.83990000 -0.48520000 0.24310000
vn -0.83260000 -0.53510000 0.14290000
vn -0.80070000 -0.58170000 0.14290000
vn -0.78460000 -0.57040000 0.24310000
vn -0.77800000 -0.61180000 0.14290000
vn -0.73550000 -0.66230000 0.14290000
vn -0.72060000 -0.64930000 0.24310000
vn -0.71630000 -0.68300000 0.14290000
vn -0.66230000 -0.73550000 0.14290000
vn -0.64880000 -0.72110000 0.24300000
vn -0.64810000 -0.74800000 0.14290000
vn -0.58180000 -0.80070000 0.14290000
vn -0.56990000 -0.78500000 0.24290000
vn -0.57410000 -0.80620000 0.14290000
vn -0.49490000 -0.85710000 0.14290000
vn -0.48460000 -0.84030000 0.24290000
vn -0.41110000 -0.90030000 0.14290000
vn -0.40260000 -0.90420000 0.14290000
vn -0.39450000 -0.88610000 0.24320000
vn -0.32370000 -0.93530000 0.14290000
vn -0.30580000 -0.94130000 0.14280000
vn -0.29970000 -0.92250000 0.24320000
vn -0.23330000 -0.96180000 0.14290000
vn -0.20580000 -0.96810000 0.14290000
vn -0.20150000 -0.94880000 0.24320000
vn 0.14090000 -0.97970000 0.14290000
vn 0.20580000 -0.96810000 0.14290000
vn 0.20200000 -0.94870000 0.24310000
vn 0.23330000 -0.96180000 0.14290000
vn 0.30580000 -0.94130000 0.14290000
vn 0.30010000 -0.92240000 0.24300000
vn 0.32370000 -0.93530000 0.14290000
vn 0.40250000 -0.90420000 0.14290000
vn 0.39490000 -0.88600000 0.24290000
vn 0.41120000 -0.90030000 0.14290000
vn 0.49490000 -0.85710000 0.14290000
vn 0.48540000 -0.83990000 0.24290000
vn 0.57410000 -0.80620000 0.14290000
vn 0.58180000 -0.80070000 0.14290000
vn 0.57010000 -0.78470000 0.24330000
vn 0.64810000 -0.74800000 0.14290000
vn 0.66230000 -0.73550000 0.14290000
vn 0.64910000 -0.72080000 0.24320000
vn 0.71630000 -0.68300000 0.14290000
vn 0.73550000 -0.66230000 0.14290000
vn 0.72090000 -0.64890000 0.24320000
vn 0.77800000 -0.61180000 0.14290000
vn 0.80070000 -0.58180000 0.14290000
vn 0.78480000 -0.57000000 0.24320000
vn 0.32950000 -0.46690000 0.82060000
vn 0.26290000 -0.50740000 0.82070000
vn 0.32610000 -0.56490000 0.75790000
vn 0.26540000 -0.59590000 0.75790000
vn 0.29550000 -0.66360000 0.68730000
vn 0.56610000 -0.07780000 0.82060000
vn 0.55020000 -0.15420000 0.82060000
vn 0.63810000 -0.13560000 0.75800000
vn 0.57140000 -0.00000000 0.82070000
vn 0.56610000 -0.07780000 0.82070000
vn 0.64870000 -0.06820000 0.75790000
vn -0.62910000 -0.36320000 0.68730000
vn -0.52770000 -0.38340000 0.75790000
vn -0.56490000 -0.32620000 0.75790000
vn -0.44330000 -0.36060000 0.82060000
vn -0.48820000 -0.29690000 0.82070000
vn 0.39000000 -0.41760000 0.82060000
vn 0.32950000 -0.46680000 0.82070000
vn 0.38340000 -0.52770000 0.75790000
vn 0.32620000 -0.56490000 0.75790000
vn 0.36320000 -0.62910000 0.68730000
vn 0.29550000 -0.66360000 0.68730000
vn 0.32250000 -0.72430000 0.60940000
vn -0.72430000 -0.32250000 0.60940000
vn -0.62910000 -0.36320000 0.68730000
vn -0.66360000 -0.29550000 0.68730000
vn -0.56490000 -0.32620000 0.75790000
vn -0.59590000 -0.26540000 0.75790000
vn -0.48830000 -0.29690000 0.82060000
vn -0.52410000 -0.22770000 0.82060000
vn 0.44330000 -0.36070000 0.82060000
vn 0.39000000 -0.41760000 0.82070000
vn 0.43650000 -0.48480000 0.75790000
vn 0.38340000 -0.52770000 0.75790000
vn 0.42690000 -0.58770000 0.68730000
vn 0.36320000 -0.62910000 0.68730000
vn 0.39640000 -0.68660000 0.60940000
vn 0.32250000 -0.72430000 0.60940000
vn 0.34610000 -0.77740000 0.52520000
vn -0.80930000 -0.26300000 0.52520000
vn -0.72430000 -0.32250000 0.60940000
vn -0.75400000 -0.24500000 0.60940000
vn -0.66360000 -0.29540000 0.68730000
vn -0.69080000 -0.22450000 0.68730000
vn -0.59590000 -0.26530000 0.75790000
vn -0.62040000 -0.20160000 0.75790000
vn -0.52410000 -0.22770000 0.82060000
vn -0.55020000 -0.15420000 0.82060000
vn 0.27820000 -0.85610000 0.43550000
vn 0.34610000 -0.77740000 0.52520000
vn 0.26300000 -0.80930000 0.52520000
vn 0.32250000 -0.72430000 0.60940000
vn 0.24500000 -0.75400000 0.60940000
vn 0.29540000 -0.66360000 0.68730000
vn 0.22450000 -0.69080000 0.68730000
vn 0.26530000 -0.59590000 0.75790000
vn 0.20160000 -0.62040000 0.75790000
vn 0.26290000 -0.50740000 0.82070000
vn 0.19140000 -0.53850000 0.82060000
vn -0.88050000 -0.18720000 0.43550000
vn -0.80930000 -0.26300000 0.52520000
vn -0.83240000 -0.17690000 0.52520000
vn -0.75400000 -0.24500000 0.60940000
vn -0.77550000 -0.16490000 0.60940000
vn -0.69080000 -0.22450000 0.68730000
vn -0.71050000 -0.15110000 0.68730000
vn -0.62040000 -0.20160000 0.75790000
vn -0.63810000 -0.13560000 0.75790000
vn -0.55020000 -0.15420000 0.82060000
vn 0.19540000 -0.91950000 0.34120000
vn 0.27820000 -0.85610000 0.43550000
vn 0.18720000 -0.88050000 0.43550000
vn 0.26290000 -0.80930000 0.52520000
vn 0.17690000 -0.83240000 0.52520000
vn 0.24500000 -0.75400000 0.60940000
vn 0.16490000 -0.77550000 0.60940000
vn 0.22450000 -0.69080000 0.68730000
vn 0.15100000 -0.71050000 0.68730000
vn 0.20150000 -0.62040000 0.75790000
vn 0.13560000 -0.63810000 0.75790000
vn 0.19130000 -0.53840000 0.82060000
vn 0.11630000 -0.55950000 0.82070000
vn -0.93490000 -0.09830000 0.34120000
vn -0.88050000 -0.18720000 0.43550000
vn -0.89530000 -0.09410000 0.43550000
vn -0.83240000 -0.17690000 0.52520000
vn -0.84630000 -0.08890000 0.52520000
vn -0.77550000 -0.16480000 0.60940000
vn -0.78850000 -0.08290000 0.60940000
vn -0.71050000 -0.15100000 0.68730000
vn -0.72240000 -0.07600000 0.68730000
vn -0.63810000 -0.13560000 0.75790000
vn -0.64870000 -0.06820000 0.75790000
vn -0.55020000 -0.15420000 0.82060000
vn -0.56610000 -0.07780000 0.82060000
vn 0.10140000 -0.96460000 0.24330000
vn 0.19540000 -0.91950000 0.34120000
vn 0.09830000 -0.93490000 0.34120000
vn 0.18720000 -0.88050000 0.43550000
vn 0.09410000 -0.89530000 0.43550000
vn 0.17690000 -0.83240000 0.52520000
vn 0.08890000 -0.84630000 0.52520000
vn 0.16480000 -0.77550000 0.60940000
vn 0.08290000 -0.78850000 0.60940000
vn 0.15100000 -0.71050000 0.68730000
vn 0.07600000 -0.72240000 0.68730000
vn 0.13560000 -0.63810000 0.75790000
vn 0.06820000 -0.64870000 0.75790000
vn 0.11620000 -0.55950000 0.82060000
vn 0.03900000 -0.57010000 0.82060000
vn -0.97000000 -0.00000000 0.24330000
vn -0.93490000 -0.09830000 0.34120000
vn -0.94000000 -0.00000000 0.34120000
vn -0.89530000 -0.09410000 0.43550000
vn -0.90020000 -0.00000000 0.43550000
vn -0.84630000 -0.08890000 0.52520000
vn -0.85100000 -0.00000000 0.52520000
vn -0.78850000 -0.08290000 0.60940000
vn -0.79280000 -0.00000000 0.60940000
vn -0.72240000 -0.07590000 0.68730000
vn -0.72640000 -0.00000000 0.68730000
vn -0.64880000 -0.06820000 0.75790000
vn -0.65230000 -0.00000000 0.75790000
vn -0.56610000 -0.07780000 0.82060000
vn -0.57140000 -0.00000000 0.82060000
vn 0.84000000 -0.48500000 0.24330000
vn 0.88610000 -0.39450000 0.24330000
vn 0.85870000 -0.38240000 0.34110000
vn -0.10140000 -0.96460000 0.24330000
vn -0.00000000 -0.97000000 0.24330000
vn -0.00000000 -0.94000000 0.34110000
vn 0.96460000 -0.10140000 0.24330000
vn 0.98430000 -0.10350000 0.14290000
vn 0.98530000 -0.09410000 0.14290000
vn 0.57140000 -0.00000000 0.82060000
vn 0.64880000 -0.06820000 0.75790000
vn 0.65230000 -0.00000000 0.75790000
vn 0.72240000 -0.07590000 0.68730000
vn 0.72640000 -0.00000000 0.68730000
vn 0.78850000 -0.08290000 0.60940000
vn 0.79280000 -0.00000000 0.60940000
vn 0.84630000 -0.08900000 0.52520000
vn 0.85100000 -0.00000000 0.52520000
vn 0.89530000 -0.09410000 0.43550000
vn 0.90020000 -0.00000000 0.43550000
vn 0.93490000 -0.09820000 0.34120000
vn 0.94000000 -0.00000000 0.34120000
vn 0.96460000 -0.10140000 0.24330000
vn 0.97000000 -0.00000000 0.24330000
vn 0.98530000 -0.09410000 0.14290000
vn 0.98970000 -0.00000000 0.14290000
vn 0.94880000 -0.20170000 0.24330000
vn 0.96810000 -0.20580000 0.14290000
vn 0.97180000 -0.18740000 0.14290000
vn 0.56610000 -0.07780000 0.82060000
vn 0.63810000 -0.13560000 0.75790000
vn 0.64880000 -0.06820000 0.75790000
vn 0.71050000 -0.15100000 0.68730000
vn 0.72240000 -0.07590000 0.68730000
vn 0.77550000 -0.16480000 0.60940000
vn 0.78850000 -0.08290000 0.60940000
vn 0.83240000 -0.17690000 0.52520000
vn 0.84630000 -0.08900000 0.52520000
vn 0.88050000 -0.18710000 0.43550000
vn 0.89530000 -0.09410000 0.43550000
vn 0.91950000 -0.19540000 0.34120000
vn 0.93490000 -0.09830000 0.34120000
vn 0.94880000 -0.20170000 0.24330000
vn 0.96460000 -0.10140000 0.24330000
vn 0.97190000 -0.18730000 0.14290000
vn 0.98430000 -0.10350000 0.14290000
vn 0.92250000 -0.29970000 0.24330000
vn 0.94130000 -0.30580000 0.14290000
vn 0.94960000 -0.27900000 0.14280000
vn 0.85610000 -0.27820000 0.43550000
vn 0.85870000 -0.38230000 0.34120000
vn 0.89400000 -0.29050000 0.34120000
vn 0.88610000 -0.39450000 0.24330000
vn 0.92250000 -0.29970000 0.24330000
vn 0.91880000 -0.36780000 0.14290000
vn 0.94130000 -0.30580000 0.14290000
vn 0.83260000 -0.53510000 0.14290000
vn 0.85710000 -0.49490000 0.14290000
vn 0.84000000 -0.48500000 0.24330000
vn 0.87970000 -0.45350000 0.14290000
vn 0.88610000 -0.39450000 0.24330000
vn 0.90420000 -0.40260000 0.14290000
vn 0.91880000 -0.36800000 0.14280000
vn 0.80070000 -0.58170000 0.14290000
vn 0.83260000 -0.53510000 0.14290000
vn 0.78470000 -0.57010000 0.24330000
vn 0.84000000 -0.48500000 0.24330000
vn 0.81410000 -0.47000000 0.34120000
vn 0.85870000 -0.38230000 0.34120000
vn 0.82240000 -0.36610000 0.43550000
vn 0.85620000 -0.27820000 0.43550000
vn 0.80930000 -0.26300000 0.52520000
vn 0.73550000 -0.66230000 0.14290000
vn 0.77800000 -0.61180000 0.14290000
vn 0.72080000 -0.64900000 0.24330000
vn 0.78470000 -0.57010000 0.24330000
vn 0.76050000 -0.55250000 0.34120000
vn 0.81410000 -0.47000000 0.34120000
vn 0.77960000 -0.45010000 0.43550000
vn 0.82240000 -0.36620000 0.43550000
vn 0.77740000 -0.34610000 0.52520000
vn 0.80930000 -0.26300000 0.52520000
vn 0.75400000 -0.24500000 0.60940000
vn 0.66230000 -0.73550000 0.14290000
vn 0.71630000 -0.68300000 0.14290000
vn 0.64900000 -0.72080000 0.24330000
vn 0.72080000 -0.64900000 0.24330000
vn 0.69860000 -0.62900000 0.34120000
vn 0.76050000 -0.55250000 0.34120000
vn 0.72830000 -0.52910000 0.43550000
vn 0.77960000 -0.45010000 0.43550000
vn 0.73700000 -0.42550000 0.52520000
vn 0.77740000 -0.34610000 0.52520000
vn 0.72430000 -0.32250000 0.60940000
vn 0.75400000 -0.24500000 0.60940000
vn 0.69080000 -0.22450000 0.68730000
vn 0.58180000 -0.80070000 0.14290000
vn 0.64810000 -0.74800000 0.14290000
vn 0.57010000 -0.78470000 0.24330000
vn 0.64900000 -0.72080000 0.24330000
vn 0.62900000 -0.69860000 0.34120000
vn 0.69860000 -0.62900000 0.34120000
vn 0.66900000 -0.60240000 0.43550000
vn 0.72830000 -0.52910000 0.43550000
vn 0.68850000 -0.50020000 0.52520000
vn 0.73700000 -0.42550000 0.52520000
vn 0.68660000 -0.39640000 0.60940000
vn 0.72430000 -0.32250000 0.60940000
vn 0.66360000 -0.29540000 0.68730000
vn 0.69080000 -0.22450000 0.68730000
vn 0.62040000 -0.20160000 0.75790000
vn 0.49490000 -0.85710000 0.14290000
vn 0.57410000 -0.80620000 0.14290000
vn 0.48500000 -0.84000000 0.24330000
vn 0.57010000 -0.78470000 0.24330000
vn 0.55250000 -0.76050000 0.34120000
vn 0.62900000 -0.69860000 0.34120000
vn 0.60240000 -0.66900000 0.43540000
vn 0.66900000 -0.60240000 0.43550000
vn 0.63240000 -0.56940000 0.52520000
vn 0.68840000 -0.50020000 0.52520000
vn 0.64140000 -0.46600000 0.60940000
vn 0.68660000 -0.39640000 0.60940000
vn 0.62910000 -0.36320000 0.68730000
vn 0.66360000 -0.29540000 0.68730000
vn 0.59590000 -0.26530000 0.75790000
vn 0.62040000 -0.20160000 0.75790000
vn 0.40260000 -0.90420000 0.14290000
vn 0.41120000 -0.90030000 0.14290000
vn 0.39450000 -0.88610000 0.24330000
vn 0.48500000 -0.84000000 0.24330000
vn 0.47000000 -0.81410000 0.34120000
vn 0.55250000 -0.76050000 0.34120000
vn 0.52910000 -0.72830000 0.43550000
vn 0.60230000 -0.66900000 0.43550000
vn 0.56940000 -0.63240000 0.52520000
vn 0.63240000 -0.56940000 0.52520000
vn 0.58920000 -0.53050000 0.60940000
vn 0.64140000 -0.46600000 0.60940000
vn 0.58770000 -0.42700000 0.68730000
vn 0.62910000 -0.36320000 0.68730000
vn 0.56490000 -0.32620000 0.75790000
vn 0.59590000 -0.26530000 0.75790000
vn 0.30580000 -0.94130000 0.14280000
vn 0.32370000 -0.93530000 0.14290000
vn 0.29970000 -0.92250000 0.24330000
vn 0.39450000 -0.88610000 0.24330000
vn 0.38230000 -0.85870000 0.34120000
vn 0.47000000 -0.81410000 0.34120000
vn 0.45010000 -0.77960000 0.43550000
vn 0.52910000 -0.72830000 0.43550000
vn 0.50020000 -0.68850000 0.52520000
vn 0.56940000 -0.63240000 0.52520000
vn 0.53050000 -0.58920000 0.60940000
vn 0.58920000 -0.53050000 0.60950000
vn 0.53980000 -0.48600000 0.68730000
vn 0.58760000 -0.42700000 0.68730000
vn 0.52770000 -0.38340000 0.75790000
vn 0.56490000 -0.32620000 0.75790000
vn 0.20580000 -0.96810000 0.14290000
vn 0.23330000 -0.96180000 0.14290000
vn 0.20170000 -0.94880000 0.24330000
vn 0.29970000 -0.92250000 0.24330000
vn 0.29050000 -0.89400000 0.34120000
vn 0.38230000 -0.85870000 0.34120000
vn 0.36620000 -0.82240000 0.43550000
vn 0.45010000 -0.77960000 0.43550000
vn 0.42550000 -0.73700000 0.52520000
vn 0.50020000 -0.68850000 0.52520000
vn 0.46600000 -0.64140000 0.60940000
vn 0.53050000 -0.58920000 0.60940000
vn 0.48610000 -0.53980000 0.68730000
vn 0.53980000 -0.48600000 0.68730000
vn 0.48480000 -0.43650000 0.75790000
vn 0.52770000 -0.38340000 0.75790000
vn 0.10350000 -0.98430000 0.14290000
vn 0.14090000 -0.97970000 0.14290000
vn 0.10140000 -0.96460000 0.24330000
vn 0.20170000 -0.94880000 0.24330000
vn 0.19540000 -0.91950000 0.34120000
vn 0.29050000 -0.89400000 0.34120000
vn 0.27820000 -0.85610000 0.43550000
vn 0.36610000 -0.82240000 0.43550000
vn 0.34610000 -0.77740000 0.52520000
vn 0.42550000 -0.73700000 0.52520000
vn 0.39640000 -0.68660000 0.60940000
vn 0.46600000 -0.64140000 0.60940000
vn 0.42700000 -0.58770000 0.68730000
vn 0.48600000 -0.53980000 0.68730000
vn 0.43650000 -0.48480000 0.75790000
vn 0.48480000 -0.43650000 0.75790000
vn 0.44330000 -0.36060000 0.82060000
vn 0.52770000 -0.38340000 0.75790000
vn 0.48830000 -0.29690000 0.82060000
vn 0.56490000 -0.32620000 0.75790000
vn 0.52410000 -0.22770000 0.82060000
vn 0.59590000 -0.26530000 0.75800000
vn 0.55020000 -0.15420000 0.82060000
vn 0.62040000 -0.20160000 0.75790000
vn 0.63810000 -0.13560000 0.75790000
vn 0.69080000 -0.22440000 0.68730000
vn 0.71050000 -0.15100000 0.68730000
vn 0.75400000 -0.24500000 0.60940000
vn 0.77550000 -0.16480000 0.60940000
vn 0.80930000 -0.26300000 0.52520000
vn 0.83240000 -0.17700000 0.52520000
vn 0.85620000 -0.27820000 0.43550000
vn 0.88050000 -0.18720000 0.43550000
vn 0.89400000 -0.29050000 0.34120000
vn 0.91950000 -0.19540000 0.34120000
vn 0.92250000 -0.29970000 0.24330000
vn 0.94880000 -0.20170000 0.24330000
vn 0.94970000 -0.27880000 0.14290000
vn 0.96810000 -0.20580000 0.14290000
vn -0.14080000 -0.97970000 0.14290000
vn -0.10350000 -0.98430000 0.14290000
vn -0.10140000 -0.96460000 0.24330000
vn -0.04710000 -0.98860000 0.14290000
vn -0.00000000 -0.97000000 0.24330000
vn -0.00000000 -0.98970000 0.14290000
vn 0.04680000 -0.98860000 0.14280000
vn -0.20580000 -0.96810000 0.14290000
vn -0.14090000 -0.97970000 0.14290000
vn -0.20170000 -0.94880000 0.24330000
vn -0.10140000 -0.96460000 0.24330000
vn -0.09830000 -0.93490000 0.34120000
vn -0.00000000 -0.94000000 0.34120000
vn -0.00000000 -0.90020000 0.43550000
vn -0.30580000 -0.94130000 0.14290000
vn -0.23330000 -0.96180000 0.14290000
vn -0.29970000 -0.92250000 0.24330000
vn -0.20170000 -0.94880000 0.24330000
vn -0.19540000 -0.91950000 0.34120000
vn -0.09830000 -0.93490000 0.34120000
vn -0.09410000 -0.89530000 0.43550000
vn -0.00000000 -0.90020000 0.43550000
vn -0.00000000 -0.85100000 0.52520000
vn -0.40250000 -0.90420000 0.14290000
vn -0.32370000 -0.93530000 0.14290000
vn -0.39450000 -0.88610000 0.24330000
vn -0.29970000 -0.92250000 0.24330000
vn -0.29050000 -0.89400000 0.34120000
vn -0.19540000 -0.91950000 0.34120000
vn -0.18720000 -0.88050000 0.43550000
vn -0.09410000 -0.89530000 0.43550000
vn -0.08890000 -0.84630000 0.52520000
vn -0.00000000 -0.85100000 0.52520000
vn -0.00000000 -0.79290000 0.60940000
vn -0.49490000 -0.85710000 0.14290000
vn -0.41120000 -0.90030000 0.14290000
vn -0.48500000 -0.84000000 0.24330000
vn -0.39450000 -0.88610000 0.24330000
vn -0.38230000 -0.85870000 0.34120000
vn -0.29050000 -0.89400000 0.34120000
vn -0.27820000 -0.85620000 0.43550000
vn -0.18720000 -0.88050000 0.43550000
vn -0.17690000 -0.83240000 0.52520000
vn -0.08900000 -0.84630000 0.52520000
vn -0.08290000 -0.78850000 0.60940000
vn -0.00000000 -0.79280000 0.60940000
vn -0.00000000 -0.72640000 0.68730000
vn -0.58180000 -0.80070000 0.14290000
vn -0.57410000 -0.80620000 0.14290000
vn -0.57010000 -0.78470000 0.24330000
vn -0.48500000 -0.84000000 0.24330000
vn -0.47000000 -0.81410000 0.34120000
vn -0.38230000 -0.85870000 0.34120000
vn -0.36610000 -0.82240000 0.43550000
vn -0.27820000 -0.85610000 0.43550000
vn -0.26300000 -0.80930000 0.52520000
vn -0.17690000 -0.83240000 0.52520000
vn -0.16490000 -0.77550000 0.60940000
vn -0.08290000 -0.78850000 0.60940000
vn -0.07590000 -0.72240000 0.68730000
vn -0.00000000 -0.72640000 0.68730000
vn -0.00000000 -0.65230000 0.75790000
vn -0.66230000 -0.73550000 0.14290000
vn -0.64810000 -0.74800000 0.14290000
vn -0.64900000 -0.72080000 0.24330000
vn -0.57010000 -0.78470000 0.24330000
vn -0.55250000 -0.76050000 0.34120000
vn -0.47000000 -0.81410000 0.34120000
vn -0.45010000 -0.77960000 0.43550000
vn -0.36620000 -0.82240000 0.43550000
vn -0.34610000 -0.77740000 0.52520000
vn -0.26300000 -0.80930000 0.52520000
vn -0.24500000 -0.75400000 0.60940000
vn -0.16490000 -0.77550000 0.60940000
vn -0.15100000 -0.71050000 0.68730000
vn -0.07590000 -0.72240000 0.68730000
vn -0.06820000 -0.64880000 0.75790000
vn -0.00000000 -0.65230000 0.75790000
vn -0.73550000 -0.66230000 0.14290000
vn -0.71630000 -0.68300000 0.14290000
vn -0.72080000 -0.64900000 0.24330000
vn -0.64900000 -0.72080000 0.24330000
vn -0.62900000 -0.69860000 0.34120000
vn -0.55250000 -0.76050000 0.34120000
vn -0.52910000 -0.72830000 0.43550000
vn -0.45010000 -0.77960000 0.43550000
vn -0.42550000 -0.73700000 0.52520000
vn -0.34610000 -0.77740000 0.52520000
vn -0.32250000 -0.72430000 0.60940000
vn -0.24500000 -0.75400000 0.60950000
vn -0.22450000 -0.69080000 0.68730000
vn -0.15100000 -0.71050000 0.68730000
vn -0.13560000 -0.63810000 0.75790000
vn -0.06820000 -0.64880000 0.75790000
vn -0.80070000 -0.58180000 0.14290000
vn -0.77800000 -0.61180000 0.14290000
vn -0.78470000 -0.57010000 0.24330000
vn -0.72080000 -0.64900000 0.24330000
vn -0.69860000 -0.62900000 0.34120000
vn -0.62900000 -0.69860000 0.34120000
vn -0.60240000 -0.66900000 0.43550000
vn -0.52910000 -0.72830000 0.43550000
vn -0.50020000 -0.68850000 0.52520000
vn -0.42550000 -0.73690000 0.52520000
vn -0.39640000 -0.68660000 0.60940000
vn -0.32250000 -0.72430000 0.60940000
vn -0.29540000 -0.66360000 0.68730000
vn -0.22450000 -0.69080000 0.68730000
vn -0.20160000 -0.62040000 0.75790000
vn -0.13560000 -0.63810000 0.75790000
vn -0.85710000 -0.49490000 0.14290000
vn -0.83260000 -0.53510000 0.14290000
vn -0.84000000 -0.48500000 0.24330000
vn -0.78470000 -0.57010000 0.24330000
vn -0.76050000 -0.55250000 0.34120000
vn -0.69860000 -0.62900000 0.34120000
vn -0.66900000 -0.60240000 0.43550000
vn -0.60240000 -0.66900000 0.43550000
vn -0.56940000 -0.63240000 0.52520000
vn -0.50020000 -0.68840000 0.52520000
vn -0.46600000 -0.64140000 0.60940000
vn -0.39640000 -0.68660000 0.60940000
vn -0.36320000 -0.62910000 0.68730000
vn -0.29550000 -0.66360000 0.68730000
vn -0.26530000 -0.59590000 0.75790000
vn -0.20160000 -0.62040000 0.75790000
vn -0.90420000 -0.40260000 0.14290000
vn -0.87970000 -0.45350000 0.14290000
vn -0.88610000 -0.39450000 0.24330000
vn -0.84000000 -0.48500000 0.24330000
vn -0.81410000 -0.47000000 0.34120000
vn -0.76050000 -0.55250000 0.34120000
vn -0.72830000 -0.52910000 0.43550000
vn -0.66900000 -0.60230000 0.43550000
vn -0.63240000 -0.56940000 0.52520000
vn -0.56940000 -0.63240000 0.52520000
vn -0.53050000 -0.58920000 0.60940000
vn -0.46600000 -0.64140000 0.60950000
vn -0.42700000 -0.58770000 0.68730000
vn -0.36320000 -0.62910000 0.68730000
vn -0.32620000 -0.56490000 0.75790000
vn -0.26530000 -0.59590000 0.75790000
vn -0.94130000 -0.30580000 0.14290000
vn -0.91880000 -0.36780000 0.14290000
vn -0.92250000 -0.29970000 0.24330000
vn -0.88610000 -0.39450000 0.24330000
vn -0.85870000 -0.38230000 0.34120000
vn -0.81410000 -0.47000000 0.34120000
vn -0.77960000 -0.45010000 0.43550000
vn -0.72830000 -0.52910000 0.43550000
vn -0.68850000 -0.50020000 0.52520000
vn -0.63240000 -0.56940000 0.52520000
vn -0.58920000 -0.53050000 0.60940000
vn -0.53050000 -0.58920000 0.60940000
vn -0.48600000 -0.53980000 0.68730000
vn -0.42700000 -0.58760000 0.68730000
vn -0.38340000 -0.52770000 0.75790000
vn -0.32620000 -0.56490000 0.75800000
vn -0.26290000 -0.50740000 0.82060000
vn -0.26530000 -0.59590000 0.75800000
vn -0.19140000 -0.53850000 0.82060000
vn -0.20160000 -0.62040000 0.75790000
vn -0.11630000 -0.55950000 0.82060000
vn -0.13560000 -0.63800000 0.75800000
vn -0.03900000 -0.57010000 0.82070000
vn -0.06820000 -0.64870000 0.75790000
vn 0.03900000 -0.57010000 0.82060000
vn -0.00000000 -0.65230000 0.75790000
vn 0.06820000 -0.64880000 0.75790000
vn -0.00000000 -0.72640000 0.68730000
vn 0.07590000 -0.72240000 0.68730000
vn -0.00000000 -0.79280000 0.60940000
vn 0.08290000 -0.78850000 0.60940000
vn -0.00000000 -0.85100000 0.52520000
vn 0.08890000 -0.84630000 0.52520000
vn -0.00000000 -0.90020000 0.43550000
vn 0.09410000 -0.89530000 0.43550000
vn -0.00000000 -0.94000000 0.34120000
vn 0.09820000 -0.93490000 0.34120000
vn -0.00000000 -0.97000000 0.24330000
vn 0.10140000 -0.96460000 0.24330000
vn 0.04710000 -0.98860000 0.14290000
vn 0.10340000 -0.98430000 0.14290000
vn -0.96810000 -0.20580000 0.14290000
vn -0.94970000 -0.27880000 0.14290000
vn -0.94880000 -0.20170000 0.24330000
vn -0.92250000 -0.29970000 0.24330000
vn -0.89400000 -0.29050000 0.34110000
vn -0.85870000 -0.38230000 0.34120000
vn -0.82240000 -0.36620000 0.43550000
vn -0.77960000 -0.45010000 0.43550000
vn -0.73700000 -0.42550000 0.52520000
vn -0.68850000 -0.50020000 0.52520000
vn -0.64140000 -0.46600000 0.60940000
vn -0.58920000 -0.53050000 0.60950000
vn -0.53980000 -0.48610000 0.68730000
vn -0.48600000 -0.53980000 0.68730000
vn -0.43650000 -0.48480000 0.75790000
vn -0.38340000 -0.52770000 0.75800000
vn -0.32950000 -0.46680000 0.82070000
vn -0.26290000 -0.50740000 0.82060000
vn -0.98430000 -0.10350000 0.14290000
vn -0.97190000 -0.18730000 0.14290000
vn -0.96460000 -0.10140000 0.24330000
vn -0.94880000 -0.20170000 0.24330000
vn -0.91950000 -0.19540000 0.34120000
vn -0.89400000 -0.29050000 0.34120000
vn -0.85620000 -0.27820000 0.43550000
vn -0.82240000 -0.36610000 0.43550000
vn -0.77740000 -0.34610000 0.52520000
vn -0.73700000 -0.42550000 0.52520000
vn -0.68660000 -0.39640000 0.60940000
vn -0.64140000 -0.46600000 0.60940000
vn -0.58770000 -0.42700000 0.68730000
vn -0.53980000 -0.48600000 0.68730000
vn -0.48480000 -0.43650000 0.75790000
vn -0.43650000 -0.48480000 0.75790000
vn -0.39000000 -0.41760000 0.82070000
vn -0.32950000 -0.46680000 0.82070000
vn -0.98970000 -0.00000000 0.14290000
vn -0.98530000 -0.09410000 0.14290000
vn -0.97000000 -0.00000000 0.24330000
vn -0.96460000 -0.10140000 0.24330000
vn -0.93490000 -0.09830000 0.34120000
vn -0.91950000 -0.19540000 0.34120000
vn -0.88050000 -0.18720000 0.43550000
vn -0.85610000 -0.27820000 0.43550000
vn -0.80930000 -0.26300000 0.52520000
vn -0.77740000 -0.34610000 0.52520000
vn -0.72430000 -0.32250000 0.60940000
vn -0.68660000 -0.39640000 0.60940000
vn -0.62910000 -0.36320000 0.68730000
vn -0.58770000 -0.42690000 0.68730000
vn -0.52770000 -0.38340000 0.75790000
vn -0.48480000 -0.43650000 0.75790000
vn -0.44330000 -0.36060000 0.82070000
vn -0.39010000 -0.41760000 0.82060000
vn 0.98530000 0.09410000 0.14290000
vn 0.98430000 0.10350000 0.14290000
vn 0.96460000 0.10140000 0.24330000
vn 0.97190000 0.18730000 0.14290000
vn 0.96810000 0.20580000 0.14290000
vn 0.94880000 0.20180000 0.24320000
vn 0.94960000 0.27880000 0.14290000
vn 0.94130000 0.30580000 0.14290000
vn 0.92250000 0.29990000 0.24320000
vn 0.91880000 0.36780000 0.14280000
vn 0.90420000 0.40260000 0.14280000
vn 0.88600000 0.39470000 0.24320000
vn 0.87970000 0.45350000 0.14290000
vn 0.85710000 0.49490000 0.14290000
vn 0.83990000 0.48520000 0.24310000
vn 0.83260000 0.53510000 0.14290000
vn 0.80070000 0.58170000 0.14290000
vn 0.78460000 0.57040000 0.24310000
vn 0.77800000 0.61180000 0.14290000
vn 0.73550000 0.66230000 0.14290000
vn 0.72060000 0.64930000 0.24310000
vn 0.71630000 0.68300000 0.14290000
vn 0.66230000 0.73550000 0.14290000
vn 0.64880000 0.72110000 0.24300000
vn 0.64810000 0.74800000 0.14290000
vn 0.58180000 0.80070000 0.14290000
vn 0.56990000 0.78500000 0.24290000
vn 0.57410000 0.80620000 0.14290000
vn 0.49490000 0.85710000 0.14290000
vn 0.48460000 0.84030000 0.24290000
vn 0.41110000 0.90030000 0.14290000
vn 0.40260000 0.90420000 0.14290000
vn 0.39450000 0.88610000 0.24330000
vn 0.32370000 0.93530000 0.14290000
vn 0.30590000 0.94130000 0.14290000
vn 0.29970000 0.92250000 0.24320000
vn -0.14090000 0.97970000 0.14290000
vn -0.20580000 0.96810000 0.14290000
vn -0.20200000 0.94870000 0.24310000
vn -0.23330000 0.96180000 0.14290000
vn -0.30590000 0.94130000 0.14290000
vn -0.30010000 0.92240000 0.24300000
vn -0.32370000 0.93530000 0.14290000
vn -0.40250000 0.90420000 0.14290000
vn -0.39490000 0.88600000 0.24290000
vn -0.41120000 0.90030000 0.14290000
vn -0.49490000 0.85710000 0.14290000
vn -0.48540000 0.83990000 0.24290000
vn -0.57410000 0.80620000 0.14290000
vn -0.58180000 0.80070000 0.14290000
vn -0.57020000 0.78470000 0.24330000
vn -0.64810000 0.74800000 0.14290000
vn -0.66230000 0.73550000 0.14290000
vn -0.64910000 0.72080000 0.24320000
vn -0.71630000 0.68300000 0.14290000
vn -0.73550000 0.66230000 0.14290000
vn -0.72090000 0.64890000 0.24320000
vn -0.77800000 0.61180000 0.14290000
vn -0.80070000 0.58180000 0.14290000
vn -0.78480000 0.57000000 0.24320000
vn -0.03900000 0.57010000 0.82060000
vn 0.03900000 0.57010000 0.82060000
vn -0.00000000 0.65230000 0.75800000
vn -0.32950000 0.46690000 0.82060000
vn -0.26290000 0.50740000 0.82070000
vn -0.32610000 0.56490000 0.75800000
vn -0.26540000 0.59590000 0.75790000
vn -0.29550000 0.66360000 0.68730000
vn -0.56610000 0.07780000 0.82060000
vn -0.55020000 0.15420000 0.82060000
vn -0.63810000 0.13560000 0.75800000
vn -0.57140000 -0.00000000 0.82070000
vn -0.56610000 0.07780000 0.82070000
vn -0.64870000 0.06820000 0.75790000
vn 0.62910000 0.36320000 0.68730000
vn 0.52770000 0.38340000 0.75790000
vn 0.56490000 0.32620000 0.75790000
vn 0.44330000 0.36060000 0.82060000
vn 0.48830000 0.29690000 0.82060000
vn -0.39000000 0.41760000 0.82060000
vn -0.32950000 0.46680000 0.82070000
vn -0.38340000 0.52770000 0.75790000
vn -0.32620000 0.56490000 0.75790000
vn -0.36320000 0.62910000 0.68730000
vn -0.29550000 0.66360000 0.68730000
vn -0.32250000 0.72430000 0.60940000
vn 0.72430000 0.32250000 0.60940000
vn 0.62910000 0.36320000 0.68730000
vn 0.66360000 0.29550000 0.68730000
vn 0.56490000 0.32620000 0.75790000
vn 0.59590000 0.26530000 0.75790000
vn 0.48830000 0.29690000 0.82060000
vn 0.52410000 0.22770000 0.82060000
vn -0.44330000 0.36070000 0.82060000
vn -0.39000000 0.41760000 0.82070000
vn -0.43650000 0.48480000 0.75790000
vn -0.38340000 0.52770000 0.75790000
vn -0.42690000 0.58770000 0.68730000
vn -0.36320000 0.62910000 0.68730000
vn -0.39640000 0.68660000 0.60940000
vn -0.32250000 0.72430000 0.60940000
vn -0.34610000 0.77740000 0.52520000
vn 0.80930000 0.26300000 0.52520000
vn 0.72430000 0.32250000 0.60940000
vn 0.75400000 0.24500000 0.60940000
vn 0.66360000 0.29540000 0.68730000
vn 0.69080000 0.22450000 0.68730000
vn 0.59590000 0.26530000 0.75790000
vn 0.62040000 0.20160000 0.75790000
vn 0.52410000 0.22770000 0.82060000
vn 0.55020000 0.15420000 0.82060000
vn -0.27820000 0.85610000 0.43550000
vn -0.34610000 0.77740000 0.52520000
vn -0.26300000 0.80930000 0.52520000
vn -0.32250000 0.72430000 0.60940000
vn -0.24500000 0.75400000 0.60940000
vn -0.29540000 0.66360000 0.68730000
vn -0.22450000 0.69080000 0.68730000
vn -0.26530000 0.59590000 0.75790000
vn -0.20160000 0.62040000 0.75790000
vn -0.26290000 0.50740000 0.82070000
vn -0.19140000 0.53850000 0.82060000
vn 0.88050000 0.18720000 0.43550000
vn 0.80930000 0.26300000 0.52520000
vn 0.83240000 0.17690000 0.52520000
vn 0.75400000 0.24500000 0.60940000
vn 0.77550000 0.16490000 0.60940000
vn 0.69080000 0.22450000 0.68730000
vn 0.71050000 0.15110000 0.68730000
vn 0.62040000 0.20160000 0.75790000
vn 0.63810000 0.13560000 0.75790000
vn 0.55020000 0.15420000 0.82060000
vn -0.19540000 0.91950000 0.34120000
vn -0.27820000 0.85610000 0.43550000
vn -0.18720000 0.88050000 0.43550000
vn -0.26290000 0.80930000 0.52520000
vn -0.17690000 0.83240000 0.52520000
vn -0.24500000 0.75400000 0.60940000
vn -0.16490000 0.77550000 0.60940000
vn -0.22450000 0.69080000 0.68730000
vn -0.15100000 0.71050000 0.68730000
vn -0.20150000 0.62040000 0.75790000
vn -0.13560000 0.63810000 0.75790000
vn -0.19130000 0.53840000 0.82060000
vn -0.11630000 0.55950000 0.82070000
vn 0.93490000 0.09830000 0.34120000
vn 0.88050000 0.18720000 0.43550000
vn 0.89530000 0.09410000 0.43550000
vn 0.83240000 0.17690000 0.52520000
vn 0.84630000 0.08890000 0.52520000
vn 0.77550000 0.16480000 0.60940000
vn 0.78850000 0.08290000 0.60940000
vn 0.71050000 0.15100000 0.68730000
vn 0.72240000 0.07600000 0.68730000
vn 0.63810000 0.13560000 0.75790000
vn 0.64870000 0.06820000 0.75790000
vn 0.55020000 0.15420000 0.82060000
vn 0.56610000 0.07780000 0.82060000
vn -0.10140000 0.96460000 0.24330000
vn -0.19540000 0.91950000 0.34120000
vn -0.09830000 0.93490000 0.34120000
vn -0.18720000 0.88050000 0.43550000
vn -0.09410000 0.89530000 0.43550000
vn -0.17690000 0.83240000 0.52520000
vn -0.08890000 0.84630000 0.52520000
vn -0.16480000 0.77550000 0.60940000
vn -0.08290000 0.78850000 0.60940000
vn -0.15100000 0.71050000 0.68730000
vn -0.07600000 0.72240000 0.68730000
vn -0.13560000 0.63810000 0.75790000
vn -0.06820000 0.64870000 0.75790000
vn -0.11620000 0.55950000 0.82060000
vn -0.03900000 0.57010000 0.82060000
vn 0.97000000 -0.00000000 0.24330000
vn 0.93490000 0.09830000 0.34120000
vn 0.94000000 -0.00000000 0.34120000
vn 0.89530000 0.09410000 0.43550000
vn 0.90020000 -0.00000000 0.43550000
vn 0.84630000 0.08890000 0.52520000
vn 0.85100000 -0.00000000 0.52520000
vn 0.78850000 0.08290000 0.60940000
vn 0.79280000 -0.00000000 0.60940000
vn 0.72240000 0.07590000 0.68730000
vn 0.72640000 -0.00000000 0.68730000
vn 0.64880000 0.06820000 0.75790000
vn 0.65230000 -0.00000000 0.75790000
vn 0.56610000 0.07780000 0.82060000
vn 0.57140000 -0.00000000 0.82060000
vn -0.84000000 0.48500000 0.24330000
vn -0.88610000 0.39450000 0.24330000
vn -0.85870000 0.38240000 0.34110000
vn 0.20160000 0.94880000 0.24330000
vn 0.10140000 0.96460000 0.24330000
vn 0.09830000 0.93490000 0.34110000
vn -0.96460000 0.10140000 0.24330000
vn -0.98430000 0.10350000 0.14290000
vn -0.98530000 0.09410000 0.14290000
vn -0.57140000 -0.00000000 0.82060000
vn -0.64880000 0.06820000 0.75790000
vn -0.65230000 -0.00000000 0.75790000
vn -0.72240000 0.07590000 0.68730000
vn -0.72640000 -0.00000000 0.68730000
vn -0.78850000 0.08290000 0.60940000
vn -0.79280000 -0.00000000 0.60940000
vn -0.84630000 0.08900000 0.52520000
vn -0.85100000 -0.00000000 0.52520000
vn -0.89530000 0.09410000 0.43550000
vn -0.90020000 -0.00000000 0.43550000
vn -0.93490000 0.09820000 0.34120000
vn -0.94000000 -0.00000000 0.34120000
vn -0.96460000 0.10140000 0.24330000
vn -0.97000000 -0.00000000 0.24330000
vn -0.98530000 0.09410000 0.14290000
vn -0.98970000 -0.00000000 0.14290000
vn -0.94880000 0.20170000 0.24330000
vn -0.96810000 0.20580000 0.14290000
vn -0.97180000 0.18740000 0.14290000
vn -0.56610000 0.07780000 0.82060000
vn -0.63810000 0.13560000 0.75790000
vn -0.64870000 0.06820000 0.75790000
vn -0.71050000 0.15100000 0.68730000
vn -0.72240000 0.07590000 0.68730000
vn -0.77550000 0.16480000 0.60940000
vn -0.78850000 0.08290000 0.60940000
vn -0.83240000 0.17690000 0.52520000
vn -0.84630000 0.08900000 0.52520000
vn -0.88050000 0.18710000 0.43550000
vn -0.89530000 0.09410000 0.43550000
vn -0.91950000 0.19540000 0.34120000
vn -0.93490000 0.09830000 0.34120000
vn -0.94880000 0.20170000 0.24330000
vn -0.96460000 0.10140000 0.24330000
vn -0.97190000 0.18730000 0.14290000
vn -0.98430000 0.10350000 0.14290000
vn -0.92250000 0.29970000 0.24330000
vn -0.94130000 0.30580000 0.14290000
vn -0.94960000 0.27900000 0.14280000
vn -0.85620000 0.27820000 0.43550000
vn -0.85870000 0.38230000 0.34120000
vn -0.89400000 0.29050000 0.34120000
vn -0.88610000 0.39450000 0.24330000
vn -0.92250000 0.29970000 0.24330000
vn -0.91880000 0.36780000 0.14290000
vn -0.94130000 0.30580000 0.14290000
vn -0.83260000 0.53510000 0.14290000
vn -0.85710000 0.49490000 0.14290000
vn -0.84000000 0.48500000 0.24330000
vn -0.87970000 0.45350000 0.14290000
vn -0.88610000 0.39450000 0.24330000
vn -0.90420000 0.40260000 0.14290000
vn -0.91880000 0.36800000 0.14280000
vn -0.80070000 0.58170000 0.14290000
vn -0.83260000 0.53510000 0.14290000
vn -0.78470000 0.57010000 0.24330000
vn -0.84000000 0.48500000 0.24330000
vn -0.81410000 0.47000000 0.34120000
vn -0.85870000 0.38230000 0.34120000
vn -0.82240000 0.36610000 0.43550000
vn -0.85620000 0.27820000 0.43550000
vn -0.80930000 0.26300000 0.52520000
vn -0.73550000 0.66230000 0.14290000
vn -0.77800000 0.61180000 0.14290000
vn -0.72080000 0.64900000 0.24330000
vn -0.78470000 0.57010000 0.24330000
vn -0.76050000 0.55250000 0.34120000
vn -0.81410000 0.47000000 0.34120000
vn -0.77960000 0.45010000 0.43550000
vn -0.82240000 0.36620000 0.43550000
vn -0.77740000 0.34610000 0.52520000
vn -0.80930000 0.26300000 0.52520000
vn -0.75400000 0.24500000 0.60940000
vn -0.66230000 0.73550000 0.14290000
vn -0.71630000 0.68300000 0.14290000
vn -0.64900000 0.72080000 0.24330000
vn -0.72080000 0.64900000 0.24330000
vn -0.69860000 0.62900000 0.34120000
vn -0.76050000 0.55250000 0.34120000
vn -0.72830000 0.52910000 0.43550000
vn -0.77960000 0.45010000 0.43550000
vn -0.73700000 0.42550000 0.52520000
vn -0.77740000 0.34610000 0.52520000
vn -0.72430000 0.32250000 0.60940000
vn -0.75400000 0.24500000 0.60940000
vn -0.69080000 0.22450000 0.68730000
vn -0.58180000 0.80070000 0.14290000
vn -0.64810000 0.74800000 0.14290000
vn -0.57010000 0.78470000 0.24330000
vn -0.64900000 0.72080000 0.24330000
vn -0.62900000 0.69860000 0.34120000
vn -0.69860000 0.62900000 0.34120000
vn -0.66900000 0.60240000 0.43550000
vn -0.72830000 0.52910000 0.43550000
vn -0.68850000 0.50020000 0.52520000
vn -0.73700000 0.42550000 0.52520000
vn -0.68660000 0.39640000 0.60940000
vn -0.72430000 0.32250000 0.60940000
vn -0.66360000 0.29540000 0.68730000
vn -0.69080000 0.22450000 0.68730000
vn -0.62040000 0.20160000 0.75790000
vn -0.49490000 0.85710000 0.14290000
vn -0.57410000 0.80620000 0.14290000
vn -0.48500000 0.84000000 0.24330000
vn -0.57010000 0.78470000 0.24330000
vn -0.55250000 0.76050000 0.34120000
vn -0.62900000 0.69860000 0.34120000
vn -0.60240000 0.66900000 0.43550000
vn -0.66900000 0.60240000 0.43550000
vn -0.63240000 0.56940000 0.52520000
vn -0.68840000 0.50020000 0.52520000
vn -0.64140000 0.46600000 0.60940000
vn -0.68660000 0.39640000 0.60940000
vn -0.62910000 0.36320000 0.68730000
vn -0.66360000 0.29550000 0.68730000
vn -0.59590000 0.26530000 0.75790000
vn -0.62040000 0.20160000 0.75790000
vn -0.40260000 0.90420000 0.14290000
vn -0.41120000 0.90030000 0.14290000
vn -0.39450000 0.88610000 0.24330000
vn -0.48500000 0.84000000 0.24330000
vn -0.47000000 0.81410000 0.34120000
vn -0.55250000 0.76050000 0.34120000
vn -0.52910000 0.72830000 0.43550000
vn -0.60230000 0.66900000 0.43550000
vn -0.56940000 0.63240000 0.52520000
vn -0.63240000 0.56940000 0.52520000
vn -0.58920000 0.53050000 0.60940000
vn -0.64140000 0.46600000 0.60940000
vn -0.58770000 0.42700000 0.68730000
vn -0.62910000 0.36320000 0.68730000
vn -0.56490000 0.32620000 0.75790000
vn -0.59590000 0.26530000 0.75790000
vn -0.30590000 0.94130000 0.14290000
vn -0.32370000 0.93530000 0.14290000
vn -0.29980000 0.92250000 0.24330000
vn -0.39450000 0.88610000 0.24330000
vn -0.38230000 0.85870000 0.34120000
vn -0.47000000 0.81410000 0.34120000
vn -0.45010000 0.77960000 0.43550000
vn -0.52910000 0.72830000 0.43550000
vn -0.50020000 0.68850000 0.52520000
vn -0.56940000 0.63240000 0.52520000
vn -0.53050000 0.58920000 0.60940000
vn -0.58920000 0.53050000 0.60940000
vn -0.53980000 0.48600000 0.68730000
vn -0.58760000 0.42700000 0.68730000
vn -0.52770000 0.38340000 0.75790000
vn -0.56490000 0.32620000 0.75790000
vn -0.20580000 0.96810000 0.14290000
vn -0.23330000 0.96180000 0.14290000
vn -0.20170000 0.94880000 0.24330000
vn -0.29970000 0.92250000 0.24330000
vn -0.29050000 0.89400000 0.34120000
vn -0.38230000 0.85870000 0.34120000
vn -0.36620000 0.82240000 0.43550000
vn -0.45010000 0.77960000 0.43550000
vn -0.42550000 0.73700000 0.52520000
vn -0.50020000 0.68850000 0.52520000
vn -0.46600000 0.64140000 0.60940000
vn -0.53050000 0.58920000 0.60940000
vn -0.48610000 0.53980000 0.68730000
vn -0.53980000 0.48600000 0.68730000
vn -0.48480000 0.43650000 0.75790000
vn -0.52770000 0.38340000 0.75790000
vn -0.10350000 0.98430000 0.14290000
vn -0.14090000 0.97970000 0.14290000
vn -0.10140000 0.96460000 0.24330000
vn -0.20170000 0.94880000 0.24330000
vn -0.19540000 0.91950000 0.34120000
vn -0.29050000 0.89400000 0.34120000
vn -0.27820000 0.85610000 0.43550000
vn -0.36610000 0.82240000 0.43550000
vn -0.34610000 0.77740000 0.52520000
vn -0.42550000 0.73700000 0.52520000
vn -0.39640000 0.68660000 0.60940000
vn -0.46600000 0.64140000 0.60950000
vn -0.42700000 0.58770000 0.68730000
vn -0.48600000 0.53980000 0.68730000
vn -0.43650000 0.48480000 0.75790000
vn -0.48480000 0.43650000 0.75790000
vn -0.44330000 0.36060000 0.82060000
vn -0.52770000 0.38340000 0.75790000
vn -0.48830000 0.29690000 0.82060000
vn -0.56490000 0.32620000 0.75790000
vn -0.52410000 0.22770000 0.82060000
vn -0.59590000 0.26530000 0.75800000
vn -0.55020000 0.15420000 0.82060000
vn -0.62040000 0.20160000 0.75790000
vn -0.63810000 0.13560000 0.75790000
vn -0.69080000 0.22440000 0.68730000
vn -0.71050000 0.15100000 0.68730000
vn -0.75400000 0.24500000 0.60940000
vn -0.77550000 0.16480000 0.60940000
vn -0.80930000 0.26300000 0.52520000
vn -0.83240000 0.17700000 0.52520000
vn -0.85620000 0.27820000 0.43550000
vn -0.88050000 0.18720000 0.43550000
vn -0.89400000 0.29050000 0.34120000
vn -0.91950000 0.19550000 0.34120000
vn -0.92250000 0.29970000 0.24330000
vn -0.94880000 0.20170000 0.24330000
vn -0.94970000 0.27880000 0.14290000
vn -0.96810000 0.20580000 0.14290000
vn -0.00000000 0.97000000 0.24330000
vn -0.00000000 0.98970000 0.14290000
vn -0.04680000 0.98860000 0.14280000
vn -0.03900000 0.57010000 0.82060000
vn -0.00000000 0.65230000 0.75790000
vn -0.06820000 0.64880000 0.75790000
vn -0.00000000 0.72640000 0.68730000
vn -0.07590000 0.72240000 0.68730000
vn -0.00000000 0.79280000 0.60940000
vn -0.08290000 0.78850000 0.60940000
vn -0.00000000 0.85100000 0.52520000
vn -0.08890000 0.84630000 0.52520000
vn -0.00000000 0.90020000 0.43550000
vn -0.09410000 0.89530000 0.43550000
vn -0.00000000 0.94000000 0.34120000
vn -0.09820000 0.93490000 0.34120000
vn -0.00000000 0.97000000 0.24330000
vn -0.10140000 0.96460000 0.24330000
vn -0.04710000 0.98860000 0.14290000
vn -0.10340000 0.98430000 0.14290000
vn 0.23330000 0.96180000 0.14290000
vn 0.20580000 0.96810000 0.14290000
vn 0.20170000 0.94880000 0.24330000
vn 0.14090000 0.97970000 0.14290000
vn 0.10140000 0.96460000 0.24330000
vn 0.10350000 0.98430000 0.14290000
vn 0.04740000 0.98860000 0.14270000
vn 0.30580000 0.94130000 0.14290000
vn 0.23330000 0.96180000 0.14290000
vn 0.29970000 0.92250000 0.24330000
vn 0.20170000 0.94880000 0.24330000
vn 0.19540000 0.91950000 0.34120000
vn 0.09830000 0.93490000 0.34120000
vn 0.09410000 0.89530000 0.43550000
vn 0.40250000 0.90420000 0.14290000
vn 0.32370000 0.93530000 0.14290000
vn 0.39450000 0.88610000 0.24330000
vn 0.29970000 0.92250000 0.24330000
vn 0.29050000 0.89400000 0.34110000
vn 0.19540000 0.91950000 0.34120000
vn 0.18720000 0.88050000 0.43550000
vn 0.09410000 0.89530000 0.43550000
vn 0.08900000 0.84630000 0.52520000
vn 0.49490000 0.85710000 0.14290000
vn 0.41120000 0.90030000 0.14290000
vn 0.48500000 0.84000000 0.24330000
vn 0.39450000 0.88610000 0.24330000
vn 0.38230000 0.85870000 0.34120000
vn 0.29050000 0.89400000 0.34120000
vn 0.27820000 0.85620000 0.43550000
vn 0.18720000 0.88050000 0.43550000
vn 0.17690000 0.83240000 0.52520000
vn 0.08900000 0.84630000 0.52520000
vn 0.08290000 0.78850000 0.60940000
vn 0.58180000 0.80070000 0.14290000
vn 0.57410000 0.80620000 0.14290000
vn 0.57010000 0.78470000 0.24330000
vn 0.48500000 0.84000000 0.24330000
vn 0.47000000 0.81410000 0.34120000
vn 0.38230000 0.85870000 0.34120000
vn 0.36610000 0.82240000 0.43550000
vn 0.27820000 0.85610000 0.43550000
vn 0.26300000 0.80930000 0.52520000
vn 0.17690000 0.83240000 0.52520000
vn 0.16480000 0.77550000 0.60940000
vn 0.08290000 0.78850000 0.60940000
vn 0.07590000 0.72240000 0.68730000
vn 0.66230000 0.73550000 0.14290000
vn 0.64810000 0.74800000 0.14290000
vn 0.64900000 0.72080000 0.24330000
vn 0.57010000 0.78470000 0.24330000
vn 0.55250000 0.76050000 0.34120000
vn 0.47000000 0.81410000 0.34120000
vn 0.45010000 0.77960000 0.43550000
vn 0.36620000 0.82240000 0.43550000
vn 0.34610000 0.77740000 0.52520000
vn 0.26300000 0.80930000 0.52520000
vn 0.24500000 0.75400000 0.60940000
vn 0.16490000 0.77550000 0.60940000
vn 0.15100000 0.71050000 0.68730000
vn 0.07590000 0.72240000 0.68730000
vn 0.06820000 0.64880000 0.75790000
vn 0.73550000 0.66230000 0.14290000
vn 0.71630000 0.68300000 0.14290000
vn 0.72080000 0.64900000 0.24330000
vn 0.64900000 0.72080000 0.24330000
vn 0.62900000 0.69860000 0.34110000
vn 0.55250000 0.76050000 0.34120000
vn 0.52910000 0.72830000 0.43550000
vn 0.45010000 0.77960000 0.43550000
vn 0.42550000 0.73700000 0.52520000
vn 0.34610000 0.77740000 0.52520000
vn 0.32250000 0.72430000 0.60940000
vn 0.24500000 0.75400000 0.60940000
vn 0.22450000 0.69090000 0.68730000
vn 0.15100000 0.71050000 0.68730000
vn 0.13560000 0.63810000 0.75790000
vn 0.06820000 0.64880000 0.75790000
vn 0.80070000 0.58180000 0.14290000
vn 0.77800000 0.61180000 0.14290000
vn 0.78470000 0.57010000 0.24330000
vn 0.72080000 0.64900000 0.24330000
vn 0.69860000 0.62900000 0.34120000
vn 0.62900000 0.69860000 0.34120000
vn 0.60240000 0.66900000 0.43550000
vn 0.52910000 0.72830000 0.43550000
vn 0.50020000 0.68850000 0.52520000
vn 0.42550000 0.73690000 0.52520000
vn 0.39640000 0.68660000 0.60940000
vn 0.32250000 0.72430000 0.60940000
vn 0.29540000 0.66360000 0.68730000
vn 0.22450000 0.69080000 0.68730000
vn 0.20160000 0.62040000 0.75790000
vn 0.13560000 0.63810000 0.75790000
vn 0.85710000 0.49490000 0.14290000
vn 0.83260000 0.53510000 0.14290000
vn 0.84000000 0.48500000 0.24330000
vn 0.78470000 0.57010000 0.24330000
vn 0.76050000 0.55250000 0.34120000
vn 0.69860000 0.62900000 0.34120000
vn 0.66900000 0.60240000 0.43550000
vn 0.60240000 0.66900000 0.43550000
vn 0.56940000 0.63240000 0.52520000
vn 0.50020000 0.68840000 0.52520000
vn 0.46600000 0.64140000 0.60940000
vn 0.39640000 0.68660000 0.60940000
vn 0.36320000 0.62910000 0.68730000
vn 0.29550000 0.66360000 0.68730000
vn 0.26530000 0.59590000 0.75790000
vn 0.20160000 0.62040000 0.75790000
vn 0.90420000 0.40260000 0.14290000
vn 0.87970000 0.45350000 0.14290000
vn 0.88610000 0.39450000 0.24330000
vn 0.84000000 0.48500000 0.24330000
vn 0.81410000 0.47000000 0.34120000
vn 0.76050000 0.55250000 0.34120000
vn 0.72830000 0.52910000 0.43550000
vn 0.66900000 0.60230000 0.43550000
vn 0.63240000 0.56940000 0.52520000
vn 0.56940000 0.63240000 0.52520000
vn 0.53050000 0.58920000 0.60940000
vn 0.46600000 0.64140000 0.60940000
vn 0.42690000 0.58770000 0.68730000
vn 0.36320000 0.62910000 0.68730000
vn 0.32620000 0.56490000 0.75790000
vn 0.26530000 0.59590000 0.75790000
vn 0.94130000 0.30580000 0.14290000
vn 0.91880000 0.36780000 0.14290000
vn 0.92250000 0.29970000 0.24330000
vn 0.88610000 0.39450000 0.24330000
vn 0.85870000 0.38230000 0.34120000
vn 0.81410000 0.47000000 0.34120000
vn 0.77960000 0.45010000 0.43550000
vn 0.72830000 0.52910000 0.43550000
vn 0.68850000 0.50020000 0.52520000
vn 0.63240000 0.56940000 0.52520000
vn 0.58920000 0.53050000 0.60940000
vn 0.53050000 0.58920000 0.60940000
vn 0.48600000 0.53980000 0.68730000
vn 0.42700000 0.58760000 0.68730000
vn 0.38340000 0.52770000 0.75790000
vn 0.32620000 0.56490000 0.75800000
vn 0.26290000 0.50740000 0.82060000
vn 0.26530000 0.59590000 0.75800000
vn 0.19140000 0.53850000 0.82060000
vn 0.20160000 0.62040000 0.75790000
vn 0.11630000 0.55950000 0.82060000
vn 0.13560000 0.63800000 0.75800000
vn 0.03900000 0.57010000 0.82070000
vn 0.06820000 0.64870000 0.75790000
vn -0.00000000 0.65230000 0.75790000
vn 0.07590000 0.72240000 0.68730000
vn -0.00000000 0.72640000 0.68730000
vn 0.08290000 0.78850000 0.60940000
vn -0.00000000 0.79280000 0.60940000
vn 0.08900000 0.84630000 0.52520000
vn -0.00000000 0.85100000 0.52520000
vn 0.09410000 0.89530000 0.43550000
vn -0.00000000 0.90020000 0.43550000
vn 0.09820000 0.93490000 0.34120000
vn -0.00000000 0.94000000 0.34120000
vn 0.10140000 0.96460000 0.24330000
vn -0.00000000 0.97000000 0.24330000
vn 0.04710000 0.98860000 0.14290000
vn -0.00000000 0.98970000 0.14280000
vn 0.96810000 0.20580000 0.14290000
vn 0.94970000 0.27880000 0.14290000
vn 0.94880000 0.20170000 0.24330000
vn 0.92250000 0.29970000 0.24330000
vn 0.89400000 0.29050000 0.34110000
vn 0.85870000 0.38230000 0.34120000
vn 0.82240000 0.36620000 0.43550000
vn 0.77960000 0.45010000 0.43550000
vn 0.73700000 0.42550000 0.52520000
vn 0.68850000 0.50020000 0.52520000
vn 0.64140000 0.46600000 0.60940000
vn 0.58920000 0.53050000 0.60940000
vn 0.53980000 0.48610000 0.68730000
vn 0.48600000 0.53980000 0.68730000
vn 0.43650000 0.48480000 0.75790000
vn 0.38340000 0.52770000 0.75800000
vn 0.32950000 0.46680000 0.82070000
vn 0.26290000 0.50740000 0.82060000
vn 0.98430000 0.10350000 0.14290000
vn 0.97190000 0.18730000 0.14290000
vn 0.96460000 0.10140000 0.24330000
vn 0.94880000 0.20170000 0.24330000
vn 0.91950000 0.19540000 0.34120000
vn 0.89400000 0.29050000 0.34120000
vn 0.85620000 0.27820000 0.43550000
vn 0.82240000 0.36610000 0.43550000
vn 0.77740000 0.34610000 0.52520000
vn 0.73700000 0.42550000 0.52520000
vn 0.68660000 0.39640000 0.60940000
vn 0.64140000 0.46600000 0.60940000
vn 0.58770000 0.42700000 0.68730000
vn 0.53980000 0.48600000 0.68730000
vn 0.48480000 0.43650000 0.75790000
vn 0.43650000 0.48480000 0.75790000
vn 0.39000000 0.41760000 0.82070000
vn 0.32950000 0.46680000 0.82070000
vn 0.98970000 -0.00000000 0.14290000
vn 0.98530000 0.09410000 0.14290000
vn 0.97000000 -0.00000000 0.24330000
vn 0.96460000 0.10140000 0.24330000
vn 0.93490000 0.09830000 0.34120000
vn 0.91950000 0.19540000 0.34120000
vn 0.88050000 0.18720000 0.43550000
vn 0.85610000 0.27820000 0.43550000
vn 0.80930000 0.26300000 0.52520000
vn 0.77740000 0.34610000 0.52520000
vn 0.72430000 0.32250000 0.60940000
vn 0.68660000 0.39640000 0.60940000
vn 0.62910000 0.36320000 0.68730000
vn 0.58770000 0.42690000 0.68730000
vn 0.52770000 0.38340000 0.75790000
vn 0.48480000 0.43650000 0.75790000
vn 0.44330000 0.36060000 0.82060000
vn 0.39010000 0.41760000 0.82060000
vn 1.00000000 -0.00000000 -0.00000000
vn 1.00000000 -0.00000000 -0.00000000
vn 1.00000000 -0.00000000 -0.00000000
vn 1.00000000 -0.00000000 -0.00000000
vn -1.00000000 -0.00000000 -0.00000000
vn -1.00000000 -0.00000000 -0.00000000
vn -1.00000000 -0.00000000 -0.00000000
vn -1.00000000 -0.00000000 -0.00000000
vn -0.00000000 -0.00000000 -1.00000000
vn -0.00000000 -0.00000000 -1.00000000
vn -0.00000000 -0.00000000 -1.00000000
vn -0.00000000 -0.00000000 -1.00000000
vn -0.00000000 -0.00000000 -1.00000000
vn -0.00000000 -0.00000000 -1.00000000
vn -0.00000000 -0.00000000 -1.00000000
vn -0.00000000 -0.00000000 -1.00000000
vn -0.00000000 -0.00000000 -1.00000000
vn -0.00000000 -0.00000000 -1.00000000
vn -0.00000000 -0.00000000 -1.00000000
vn -0.00000000 -0.00000000 -1.00000000
vn -0.00000000 -0.00000000 -1.00000000
vn -0.00000000 -0.00000000 -1.00000000
vn -0.00000000 -0.00000000 -1.00000000
vn -0.00000000 -0.00000000 -1.00000000
vn -0.00000000 -0.00000000 -1.00000000
vn -0.00000000 -0.00000000 -1.00000000
vn -0.00000000 -0.00000000 -1.00000000
vn -0.00000000 -0.00000000 -1.00000000
vn -0.00000000 -0.00000000 -1.00000000
vn -0.00000000 -0.00000000 -1.00000000
vn -0.00000000 -0.00000000 -1.00000000
vn -0.00000000 -0.00000000 -1.00000000
vn -0.00000000 -0.00000000 -1.00000000
vn -0.00000000 -0.00000000 -1.00000000
vn -0.00000000 -0.00000000 -1.00000000
vn -0.00000000 -0.00000000 -1.00000000
vn -0.00000000 -0.00000000 -1.00000000
vn -0.00000000 -0.00000000 -1.00000000
vn -0.00000000 -0.00000000 -1.00000000
vn -0.00000000 -0.00000000 -1.00000000
vn -0.00000000 -0.00000000 -1.00000000
vn -0.00000000 -0.00000000 -1.00000000
vn -0.00000000 -0.00000000 -1.00000000
vn -0.00000000 -0.00000000 -1.00000000
vn -0.00000000 -0.00000000 -1.00000000
vn -0.00000000 -0.00000000 -1.00000000
vn -0.00000000 -0.00000000 -1.00000000
vn -0.00000000 -0.00000000 -1.00000000
vn -0.00000000 -0.00000000 -1.00000000
vn -0.00000000 -0.00000000 -1.00000000
vn -0.00000000 -0.00000000 -1.00000000
vn -0.00000000 -0.00000000 -1.00000000
vn -0.00000000 -0.00000000 -1.00000000
vn -0.00000000 -0.00000000 -1.00000000
vn -0.00000000 -0.00000000 -1.00000000
vn -0.00000000 -0.00000000 -1.00000000
vn -0.00000000 -0.00000000 -1.00000000
vn -0.00000000 -0.00000000 -1.00000000
vn -0.00000000 -0.00000000 -1.00000000
vn -0.00000000 -0.00000000 -1.00000000
vn -0.00000000 -0.00000000 -1.00000000
vn -0.00000000 -0.00000000 -1.00000000
vn 1.00000000 -0.00000000 -0.00000000
vn 1.00000000 -0.00000000 -0.00000000
vn 1.00000000 -0.00000000 -0.00000000
vn 1.00000000 -0.00000000 -0.00000000
vn -0.00000000 1.00000000 -0.00000000
vn -0.00000000 1.00000000 -0.00000000
vn -0.00000000 1.00000000 -0.00000000
vn -0.00000000 1.00000000 -0.00000000
vn -1.00000000 -0.00000000 -0.00000000
vn -1.00000000 -0.00000000 -0.00000000
vn -1.00000000 -0.00000000 -0.00000000
vn -1.00000000 -0.00000000 -0.00000000
vn -0.00000000 -1.00000000 -0.00000000
vn -0.00000000 -1.00000000 -0.00000000
vn -0.00000000 -1.00000000 -0.00000000
vn -0.00000000 -1.00000000 -0.00000000
vn -0.00000000 -0.00000000 -1.00000000
vn -0.00000000 -0.00000000 -1.00000000
vn -0.00000000 -0.00000000 -1.00000000
vn -0.00000000 -0.00000000 -1.00000000
vn -0.00000000 -0.00000000 -1.00000000
vn -0.00000000 -0.00000000 -1.00000000
vn -0.00000000 -0.00000000 -1.00000000
vn -0.00000000 -0.00000000 -1.00000000
vn -0.00000000 -0.00000000 -1.00000000
vn -0.00000000 -0.00000000 -1.00000000
vn -0.00000000 -0.00000000 -1.00000000
vn -0.00000000 -0.00000000 -1.00000000
vn -0.00000000 -0.00000000 -1.00000000
vn -0.00000000 -0.00000000 -1.00000000
vn -0.00000000 -0.00000000 -1.00000000
vn -0.00000000 -0.00000000 -1.00000000
vn -0.00000000 -0.00000000 -1.00000000
vn -0.00000000 -0.00000000 -1.00000000
vn -0.00000000 -0.00000000 -1.00000000
vn -0.00000000 -0.00000000 -1.00000000
vn -0.00000000 -0.00000000 -1.00000000
vn -0.00000000 -0.00000000 -1.00000000
vn -0.00000000 -0.00000000 -1.00000000
vn -0.00000000 -0.00000000 -1.00000000
vn -0.00000000 -0.00000000 -1.00000000
vn -0.00000000 -0.00000000 -1.00000000
vn -0.00000000 -0.00000000 -1.00000000
vn -0.00000000 -0.00000000 -1.00000000
vn -0.00000000 -0.00000000 -1.00000000
vn -0.00000000 -0.00000000 -1.00000000
vn -0.00000000 -0.00000000 -1.00000000
vn -0.00000000 -0.00000000 -1.00000000
vn -0.00000000 -0.00000000 -1.00000000
vn -0.00000000 -0.00000000 -1.00000000
vn -0.00000000 -0.00000000 -1.00000000
vn -0.00000000 -0.00000000 -1.00000000
vn -0.00000000 -0.00000000 -1.00000000
vn -0.00000000 -0.00000000 -1.00000000
vn -0.00000000 -0.00000000 -1.00000000
vn -0.00000000 -0.00000000 -1.00000000
vn -0.00000000 -0.00000000 -1.00000000
vn -0.00000000 -0.00000000 -1.00000000
vn -0.00000000 -0.00000000 -1.00000000
vn -0.00000000 -0.00000000 -1.00000000
vn -0.00000000 -0.00000000 -1.00000000
vn -0.00000000 -0.00000000 -1.00000000
vn -0.00000000 -0.00000000 -1.00000000
vn -0.00000000 -0.00000000 -1.00000000
vn -0.00000000 -0.00000000 -1.00000000
vn -0.00000000 -0.00000000 -1.00000000
vn -0.00000000 -0.00000000 -1.00000000
vn -0.00000000 -0.00000000 -1.00000000
vn -0.00000000 -0.00000000 -1.00000000
vn -0.00000000 -0.00000000 -1.00000000
vn -0.00000000 -0.00000000 -1.00000000
vn -0.00000000 -0.00000000 -1.00000000
vn -0.00000000 -0.00000000 1.00000000
vn -0.00000000 -0.00000000 1.00000000
vn -0.00000000 -0.00000000 1.00000000
vn -0.00000000 -0.00000000 1.00000000
vn -0.00000000 -0.00000000 1.00000000
vn -0.00000000 -0.00000000 1.00000000
vn -0.00000000 -0.00000000 1.00000000
vn -0.00000000 -0.00000000 1.00000000
vn -0.00000000 -0.00000000 1.00000000
vn -0.00000000 -0.00000000 1.00000000
vn -0.00000000 -0.00000000 1.00000000
vn -0.00000000 -0.00000000 1.00000000
vn -0.00000000 -0.00000000 1.00000000
vn -0.00000000 -0.00000000 1.00000000
vn -0.00000000 -0.00000000 1.00000000
vn -0.00000000 -0.00000000 1.00000000
vn -0.00000000 -0.00000000 1.00000000
vn -0.00000000 -0.00000000 1.00000000
vn -0.00000000 -0.00000000 1.00000000
vn -0.00000000 -0.00000000 1.00000000
vn -0.00000000 -0.00000000 1.00000000
vn -0.00000000 -0.00000000 1.00000000
vn -0.00000000 -0.00000000 1.00000000
vn -0.00000000 -0.00000000 1.00000000
vn -0.00000000 -0.00000000 1.00000000
vn -0.00000000 -0.00000000 1.00000000
vn -0.00000000 -0.00000000 1.00000000
vn -0.00000000 -0.00000000 1.00000000
vn -0.00000000 -0.00000000 1.00000000
vn -0.00000000 -0.00000000 1.00000000
vn -0.00000000 -0.00000000 1.00000000
vn -0.00000000 -0.00000000 1.00000000
vn -0.00000000 -0.00000000 1.00000000
vn -0.00000000 -0.00000000 1.00000000
vn -0.00000000 -0.00000000 1.00000000
vn -0.00000000 -0.00000000 1.00000000
vn -0.00000000 -0.00000000 1.00000000
vn -0.00000000 -0.00000000 1.00000000
vn -0.00000000 -0.00000000 1.00000000
vn -0.00000000 -0.00000000 1.00000000
vn -0.00000000 -0.00000000 1.00000000
vn -0.00000000 -0.00000000 1.00000000
vn -0.00000000 -0.00000000 1.00000000
vn -0.00000000 -0.00000000 1.00000000
vn -0.00000000 -0.00000000 1.00000000
vn -0.00000000 -0.00000000 1.00000000
vn -0.00000000 -0.00000000 1.00000000
vn -0.00000000 -0.00000000 1.00000000
vn -0.00000000 -0.00000000 1.00000000
vn -0.00000000 -0.00000000 1.00000000
vn -0.00000000 -0.00000000 1.00000000
vn -0.00000000 -0.00000000 1.00000000
vn -0.00000000 -0.00000000 1.00000000
vn -0.00000000 -0.00000000 1.00000000
vn -0.00000000 -0.00000000 1.00000000
vn -0.00000000 -0.00000000 1.00000000
vn -0.00000000 -0.00000000 1.00000000
vn -0.00000000 -0.00000000 1.00000000
vn -0.00000000 -0.00000000 1.00000000
vn -0.00000000 -0.00000000 1.00000000
vn -0.00000000 -0.00000000 1.00000000
vn -0.00000000 -0.00000000 1.00000000
vn -0.00000000 -0.00000000 1.00000000
vn -0.00000000 -0.00000000 1.00000000
vn -0.00000000 -0.00000000 1.00000000
vn -0.00000000 -0.00000000 1.00000000
vn -0.00000000 -0.00000000 1.00000000
vn -0.00000000 -0.00000000 1.00000000
vn -0.00000000 -0.00000000 1.00000000
vn -0.00000000 -0.00000000 1.00000000
vn -0.00000000 -0.00000000 1.00000000
vn -0.00000000 -0.00000000 1.00000000
vn -0.00000000 -0.00000000 1.00000000
vn -0.00000000 -0.00000000 1.00000000
vn -0.00000000 -0.00000000 1.00000000
vn -0.00000000 -0.00000000 1.00000000
vn -0.00000000 -0.00000000 1.00000000
vn -0.00000000 -0.00000000 1.00000000
vn -0.00000000 -0.00000000 1.00000000
vn -0.00000000 -0.00000000 1.00000000
vn -0.00000000 -0.00000000 1.00000000
vn -0.00000000 -0.00000000 1.00000000
vn -0.00000000 -0.00000000 1.00000000
vn -0.00000000 -0.00000000 1.00000000
vn -0.00000000 -0.00000000 1.00000000
vn -0.00000000 -0.00000000 1.00000000
vn -0.00000000 -0.00000000 1.00000000
vn -0.00000000 -0.00000000 1.00000000
vn -0.00000000 -0.00000000 1.00000000
vn -0.00000000 -0.00000000 1.00000000
vn -0.00000000 -0.00000000 1.00000000
vn -0.00000000 -0.00000000 1.00000000
vn -0.00000000 -0.00000000 1.00000000
vn -0.00000000 -0.00000000 1.00000000
vn -0.00000000 -0.00000000 1.00000000
vn -0.00000000 -0.00000000 1.00000000
vn -0.00000000 -0.00000000 1.00000000
vn -0.00000000 -0.00000000 1.00000000
vn -0.00000000 -0.00000000 1.00000000
vn -0.00000000 -0.00000000 1.00000000
vn -0.00000000 -0.00000000 1.00000000
vn -0.00000000 -0.00000000 1.00000000
vn -0.00000000 -0.00000000 1.00000000
vn -0.00000000 -0.00000000 1.00000000
vn -0.00000000 -0.00000000 1.00000000
vn -0.00000000 -0.00000000 1.00000000
vn -0.00000000 -0.00000000 1.00000000
vn -0.00000000 -0.00000000 1.00000000
vn -0.00000000 -0.00000000 1.00000000
vn -0.00000000 -0.00000000 1.00000000
vn -0.00000000 -0.00000000 1.00000000
vn -0.00000000 -0.00000000 1.00000000
vn -0.00000000 -0.00000000 1.00000000
vn -0.00000000 -0.00000000 1.00000000
vn -0.00000000 -0.00000000 1.00000000
vn -0.00000000 -0.00000000 1.00000000
vn -0.00000000 -0.00000000 1.00000000
vn -0.00000000 -0.00000000 1.00000000
vn -0.00000000 -0.00000000 1.00000000
vn -0.00000000 -0.00000000 1.00000000
vn -0.00000000 -0.00000000 1.00000000
vn -0.00000000 -0.00000000 1.00000000
vn -0.00000000 -0.00000000 1.00000000
vn -0.00000000 -0.00000000 1.00000000
vn -0.00000000 -0.00000000 1.00000000
vn -0.00000000 -0.00000000 1.00000000
vn -0.00000000 -0.00000000 1.00000000
vn -0.00000000 -0.00000000 1.00000000
vn -0.00000000 -0.00000000 1.00000000
vn -0.00000000 -0.00000000 1.00000000
vn -0.00000000 -0.00000000 1.00000000
vn -0.00000000 -0.00000000 1.00000000
vn -0.00000000 -0.00000000 1.00000000
vn -0.00000000 -0.00000000 1.00000000
vn -0.00000000 -0.00000000 1.00000000
vn -0.00000000 -0.00000000 1.00000000
vn -0.00000000 -0.00000000 1.00000000
vn -0.00000000 -0.00000000 1.00000000
vn -0.00000000 -0.00000000 1.00000000
vn -0.00000000 -0.00000000 1.00000000
vn -0.00000000 -0.00000000 1.00000000
vn -0.00000000 -0.00000000 1.00000000
vn -0.00000000 -0.00000000 1.00000000
vn -0.00000000 -0.00000000 1.00000000
vn -0.00000000 -0.00000000 1.00000000
vn -0.00000000 -0.00000000 1.00000000
vn -0.00000000 -0.00000000 1.00000000
vn -0.00000000 -0.00000000 1.00000000
vn -0.00000000 -0.00000000 1.00000000
vn -0.00000000 -0.00000000 1.00000000
vn -0.00000000 -0.00000000 1.00000000
vn -0.00000000 -0.00000000 1.00000000
vn -0.00000000 -0.00000000 1.00000000
vn -0.00000000 -0.00000000 1.00000000
vn -0.00000000 -0.00000000 1.00000000
vn -0.00000000 -0.00000000 1.00000000
vn -0.00000000 -0.00000000 1.00000000
vn -0.00000000 -0.00000000 1.00000000
vn -0.00000000 -0.00000000 1.00000000
vn -0.00000000 -0.00000000 1.00000000
vn -0.00000000 -0.00000000 1.00000000
vn -0.00000000 -0.00000000 1.00000000
vn -0.00000000 -0.00000000 1.00000000
vn -0.00000000 -0.00000000 1.00000000
vn -0.00000000 -0.00000000 1.00000000
vn -0.00000000 -0.00000000 1.00000000
vn -0.00000000 -0.00000000 1.00000000
vn -0.00000000 -0.00000000 1.00000000
vn -0.00000000 -0.00000000 1.00000000
vn -0.00000000 -0.00000000 1.00000000
vn -0.00000000 -0.00000000 1.00000000
vn -0.00000000 -0.00000000 1.00000000
vn -0.00000000 -0.00000000 1.00000000
vn -0.00000000 -0.00000000 1.00000000
vn 1.00000000 -0.00000000 -0.00000000
vn 0.97820000 -0.20790000 -0.00000000
vn 0.99070000 -0.13610000 -0.00000000
vn 0.91350000 -0.40680000 -0.00000000
vn 0.91720000 -0.39840000 -0.00000000
vn 0.91350000 -0.40670000 -0.00000000
vn 0.96290000 -0.26980000 -0.00000000
vn 0.97810000 -0.20790000 -0.00000000
vn 0.97810000 -0.20790000 -0.00000000
vn 0.99070000 -0.13620000 -0.00000000
vn 0.91350000 -0.40680000 -0.00000000
vn 0.91350000 -0.40680000 -0.00000000
vn 0.85440000 -0.51960000 -0.00000000
vn 0.80900000 -0.58780000 -0.00000000
vn 0.80900000 -0.58780000 -0.00000000
vn 0.80900000 -0.58780000 -0.00000000
vn 0.80900000 -0.58780000 -0.00000000
vn 0.77570000 -0.63110000 -0.00000000
vn 0.66910000 -0.74310000 -0.00000000
vn 0.68260000 -0.73080000 -0.00000000
vn 0.50000000 -0.86600000 -0.00000000
vn 0.57670000 -0.81700000 -0.00000000
vn 0.66910000 -0.74310000 -0.00000000
vn 0.66910000 -0.74320000 -0.00000000
vn 0.68250000 -0.73080000 -0.00000000
vn 0.30900000 -0.95110000 -0.00000000
vn 0.33490000 -0.94230000 -0.00000000
vn 0.30910000 -0.95100000 -0.00000000
vn 0.46010000 -0.88790000 -0.00000000
vn 0.50000000 -0.86600000 -0.00000000
vn 0.50000000 -0.86600000 -0.00000000
vn 0.57670000 -0.81700000 -0.00000000
vn 0.30900000 -0.95110000 -0.00000000
vn 0.30900000 -0.95110000 -0.00000000
vn 0.20350000 -0.97910000 -0.00000000
vn 0.10460000 -0.99450000 -0.00000000
vn 0.10460000 -0.99450000 -0.00000000
vn 0.10450000 -0.99450000 -0.00000000
vn 0.10450000 -0.99450000 -0.00000000
vn 0.06820000 -0.99770000 -0.00000000
vn -0.10450000 -0.99450000 -0.00000000
vn -0.06820000 -0.99770000 -0.00000000
vn -0.30900000 -0.95110000 -0.00000000
vn -0.20350000 -0.97910000 -0.00000000
vn -0.10450000 -0.99450000 -0.00000000
vn -0.10450000 -0.99450000 -0.00000000
vn -0.06820000 -0.99770000 -0.00000000
vn -0.50000000 -0.86600000 -0.00000000
vn -0.46010000 -0.88790000 -0.00000000
vn -0.50000000 -0.86600000 -0.00000000
vn -0.33490000 -0.94230000 -0.00000000
vn -0.30900000 -0.95110000 -0.00000000
vn -0.30900000 -0.95110000 -0.00000000
vn -0.20350000 -0.97910000 -0.00000000
vn -0.50000000 -0.86600000 -0.00000000
vn -0.50000000 -0.86600000 -0.00000000
vn -0.57670000 -0.81700000 -0.00000000
vn -0.66910000 -0.74320000 -0.00000000
vn -0.66910000 -0.74320000 -0.00000000
vn -0.66920000 -0.74310000 -0.00000000
vn -0.66910000 -0.74310000 -0.00000000
vn -0.68260000 -0.73080000 -0.00000000
vn -0.80900000 -0.58780000 -0.00000000
vn -0.77570000 -0.63110000 -0.00000000
vn -0.91350000 -0.40680000 -0.00000000
vn -0.85440000 -0.51960000 -0.00000000
vn -0.80900000 -0.58780000 -0.00000000
vn -0.80900000 -0.58780000 -0.00000000
vn -0.77570000 -0.63110000 -0.00000000
vn -0.97810000 -0.20790000 -0.00000000
vn -0.96290000 -0.26980000 -0.00000000
vn -0.97810000 -0.20800000 -0.00000000
vn -0.91720000 -0.39840000 -0.00000000
vn -0.91360000 -0.40670000 -0.00000000
vn -0.91360000 -0.40670000 -0.00000000
vn -0.85440000 -0.51960000 -0.00000000
vn -0.97810000 -0.20790000 -0.00000000
vn -0.97820000 -0.20790000 -0.00000000
vn -0.99070000 -0.13610000 -0.00000000
vn -1.00000000 -0.00000000 -0.00000000
vn -1.00000000 -0.00000000 -0.00000000
vn -1.00000000 -0.00000000 -0.00000000
vn -1.00000000 -0.00000000 -0.00000000
vn -0.99070000 0.13610000 -0.00000000
vn -0.97820000 0.20790000 -0.00000000
vn -0.97810000 0.20790000 -0.00000000
vn -0.97820000 0.20790000 -0.00000000
vn -0.97810000 0.20790000 -0.00000000
vn -0.96290000 0.26980000 -0.00000000
vn -0.91350000 0.40670000 -0.00000000
vn -0.91720000 0.39840000 -0.00000000
vn -0.80900000 0.58780000 -0.00000000
vn -0.85440000 0.51960000 -0.00000000
vn -0.91350000 0.40680000 -0.00000000
vn -0.91350000 0.40680000 -0.00000000
vn -0.91720000 0.39840000 -0.00000000
vn -0.66910000 0.74320000 -0.00000000
vn -0.68260000 0.73080000 -0.00000000
vn -0.66920000 0.74310000 -0.00000000
vn -0.77570000 0.63110000 -0.00000000
vn -0.80900000 0.58780000 -0.00000000
vn -0.80900000 0.58780000 -0.00000000
vn -0.85440000 0.51960000 -0.00000000
vn -0.66910000 0.74320000 -0.00000000
vn -0.66910000 0.74320000 -0.00000000
vn -0.57670000 0.81700000 -0.00000000
vn -0.50000000 0.86600000 -0.00000000
vn -0.50000000 0.86600000 -0.00000000
vn -0.50000000 0.86600000 -0.00000000
vn -0.50000000 0.86600000 -0.00000000
vn -0.46010000 0.88790000 -0.00000000
vn -0.30910000 0.95100000 -0.00000000
vn -0.33490000 0.94230000 -0.00000000
vn -0.10460000 0.99450000 -0.00000000
vn -0.20350000 0.97910000 -0.00000000
vn -0.30900000 0.95110000 -0.00000000
vn -0.30900000 0.95110000 -0.00000000
vn -0.33490000 0.94230000 -0.00000000
vn 0.10450000 0.99450000 -0.00000000
vn 0.06820000 0.99770000 -0.00000000
vn 0.10450000 0.99450000 -0.00000000
vn -0.06820000 0.99770000 -0.00000000
vn -0.10450000 0.99450000 -0.00000000
vn -0.10450000 0.99450000 -0.00000000
vn -0.20340000 0.97910000 -0.00000000
vn 0.10460000 0.99450000 -0.00000000
vn 0.10450000 0.99450000 -0.00000000
vn 0.20350000 0.97910000 -0.00000000
vn 0.30900000 0.95110000 -0.00000000
vn 0.30900000 0.95110000 -0.00000000
vn 0.30900000 0.95110000 -0.00000000
vn 0.30900000 0.95110000 -0.00000000
vn 0.33490000 0.94230000 -0.00000000
vn 0.50000000 0.86600000 -0.00000000
vn 0.46000000 0.88790000 -0.00000000
vn 0.66910000 0.74320000 -0.00000000
vn 0.57670000 0.81700000 -0.00000000
vn 0.50000000 0.86600000 -0.00000000
vn 0.50000000 0.86600000 -0.00000000
vn 0.46010000 0.88790000 -0.00000000
vn 0.80900000 0.58780000 -0.00000000
vn 0.77570000 0.63110000 -0.00000000
vn 0.80900000 0.58780000 -0.00000000
vn 0.68260000 0.73080000 -0.00000000
vn 0.66920000 0.74310000 -0.00000000
vn 0.66910000 0.74320000 -0.00000000
vn 0.57670000 0.81700000 -0.00000000
vn 0.80900000 0.58780000 -0.00000000
vn 0.80900000 0.58780000 -0.00000000
vn 0.85440000 0.51960000 -0.00000000
vn 0.91350000 0.40680000 -0.00000000
vn 0.91350000 0.40680000 -0.00000000
vn 0.91350000 0.40670000 -0.00000000
vn 0.91360000 0.40670000 -0.00000000
vn 0.91720000 0.39840000 -0.00000000
vn 0.97810000 0.20790000 -0.00000000
vn 0.96290000 0.26980000 -0.00000000
vn 0.99070000 -0.13610000 -0.00000000
vn 1.00000000 -0.00000000 -0.00000000
vn 1.00000000 -0.00000000 -0.00000000
vn 0.99070000 0.13610000 -0.00000000
vn 0.97820000 0.20790000 -0.00000000
vn 0.97810000 0.20790000 -0.00000000
vn 0.96290000 0.26980000 -0.00000000
vn -0.70710000 0.70710000 -0.00000000
vn -0.70710000 0.70710000 -0.00000000
vn -0.70710000 0.70710000 -0.00000000
vn -0.70710000 0.70710000 -0.00000000
vn 0.70710000 0.70710000 -0.00000000
vn 0.70710000 0.70710000 -0.00000000
vn 0.70710000 0.70710000 -0.00000000
vn 0.70710000 0.70710000 -0.00000000
vn 0.70710000 -0.70710000 -0.00000000
vn 0.70710000 -0.70710000 -0.00000000
vn 0.70710000 -0.70710000 -0.00000000
vn 0.70710000 -0.70710000 -0.00000000
vn -0.70710000 -0.70710000 -0.00000000
vn -0.70710000 -0.70710000 -0.00000000
vn -0.70710000 -0.70710000 -0.00000000
vn -0.70710000 -0.70710000 -0.00000000
vn 0.57150000 -0.00000000 0.82060000
vn 0.75050000 -0.00000000 0.66080000
vn 0.74350000 -0.10220000 0.66080000
vn 0.75060000 -0.00000000 0.66080000
vn 0.88640000 -0.00000000 0.46290000
vn 0.87810000 -0.12070000 0.46290000
vn 0.97120000 -0.00000000 0.23830000
vn 1.00000000 -0.00000000 -0.00000000
vn 0.99070000 -0.13620000 -0.00000000
vn 0.88640000 -0.00000000 0.46290000
vn 0.97120000 -0.00000000 0.23830000
vn 0.96210000 -0.13220000 0.23830000
vn 0.99070000 -0.13620000 -0.00000000
vn 0.93520000 -0.26200000 0.23830000
vn 0.97810000 -0.20790000 -0.00000000
vn 0.97810000 -0.20790000 -0.00000000
vn 0.96290000 -0.26980000 -0.00000000
vn 0.93520000 -0.26200000 0.23830000
vn 0.91720000 -0.39840000 -0.00000000
vn 0.89080000 -0.38690000 0.23830000
vn 0.91350000 -0.40670000 -0.00000000
vn 0.82980000 -0.50460000 0.23830000
vn 0.85440000 -0.51960000 -0.00000000
vn 0.75340000 -0.61290000 0.23830000
vn 0.80900000 -0.58780000 -0.00000000
vn 0.80900000 -0.58780000 -0.00000000
vn 0.77570000 -0.63110000 -0.00000000
vn 0.75340000 -0.61290000 0.23830000
vn 0.68260000 -0.73080000 -0.00000000
vn 0.66290000 -0.70980000 0.23830000
vn 0.66910000 -0.74310000 -0.00000000
vn 0.56010000 -0.79340000 0.23830000
vn 0.57670000 -0.81700000 -0.00000000
vn 0.44680000 -0.86230000 0.23830000
vn 0.50000000 -0.86600000 -0.00000000
vn 0.50000000 -0.86600000 -0.00000000
vn 0.46010000 -0.88790000 -0.00000000
vn 0.44680000 -0.86230000 0.23830000
vn 0.33490000 -0.94230000 -0.00000000
vn 0.32520000 -0.91510000 0.23830000
vn 0.30900000 -0.95110000 -0.00000000
vn 0.19760000 -0.95090000 0.23830000
vn 0.20350000 -0.97910000 -0.00000000
vn 0.06630000 -0.96890000 0.23830000
vn 0.10450000 -0.99450000 -0.00000000
vn 0.10450000 -0.99450000 -0.00000000
vn 0.06820000 -0.99770000 -0.00000000
vn 0.06630000 -0.96890000 0.23830000
vn -0.06820000 -0.99770000 -0.00000000
vn -0.06630000 -0.96890000 0.23830000
vn -0.10450000 -0.99450000 -0.00000000
vn -0.19760000 -0.95090000 0.23830000
vn -0.20350000 -0.97910000 -0.00000000
vn -0.32520000 -0.91510000 0.23830000
vn -0.30900000 -0.95110000 -0.00000000
vn -0.30900000 -0.95110000 -0.00000000
vn -0.33490000 -0.94230000 -0.00000000
vn -0.32530000 -0.91510000 0.23830000
vn -0.46010000 -0.88790000 -0.00000000
vn -0.44680000 -0.86230000 0.23830000
vn -0.50000000 -0.86600000 -0.00000000
vn -0.56010000 -0.79340000 0.23830000
vn -0.57670000 -0.81700000 -0.00000000
vn -0.66290000 -0.70980000 0.23830000
vn -0.66910000 -0.74320000 -0.00000000
vn -0.66910000 -0.74310000 -0.00000000
vn -0.68260000 -0.73080000 -0.00000000
vn -0.66290000 -0.70980000 0.23830000
vn -0.77570000 -0.63110000 -0.00000000
vn -0.75340000 -0.61290000 0.23830000
vn -0.80900000 -0.58780000 -0.00000000
vn -0.82980000 -0.50460000 0.23830000
vn -0.85440000 -0.51960000 -0.00000000
vn -0.89080000 -0.38690000 0.23830000
vn -0.91350000 -0.40680000 -0.00000000
vn -0.91360000 -0.40670000 -0.00000000
vn -0.91720000 -0.39840000 -0.00000000
vn -0.89080000 -0.38690000 0.23830000
vn -0.96290000 -0.26980000 -0.00000000
vn -0.93520000 -0.26200000 0.23830000
vn -0.97810000 -0.20790000 -0.00000000
vn -0.96210000 -0.13220000 0.23830000
vn -0.97810000 -0.20790000 -0.00000000
vn -0.99070000 -0.13620000 -0.00000000
vn -0.96210000 -0.13220000 0.23830000
vn -1.00000000 -0.00000000 -0.00000000
vn -0.97120000 -0.00000000 0.23830000
vn 0.88640000 -0.00000000 0.46290000
vn 0.96210000 -0.13220000 0.23830000
vn 0.87820000 -0.12070000 0.46290000
vn 0.93520000 -0.26200000 0.23830000
vn 0.85360000 -0.23920000 0.46290000
vn 0.89080000 -0.38690000 0.23830000
vn 0.81300000 -0.35320000 0.46290000
vn 0.82980000 -0.50460000 0.23830000
vn 0.75740000 -0.46060000 0.46290000
vn 0.75340000 -0.61290000 0.23830000
vn 0.68760000 -0.55940000 0.46290000
vn 0.66290000 -0.70980000 0.23830000
vn 0.60500000 -0.64780000 0.46290000
vn 0.56010000 -0.79340000 0.23830000
vn 0.51120000 -0.72420000 0.46290000
vn 0.44680000 -0.86230000 0.23830000
vn 0.40780000 -0.78700000 0.46290000
vn 0.32520000 -0.91510000 0.23830000
vn 0.29680000 -0.83520000 0.46290000
vn 0.19760000 -0.95090000 0.23830000
vn 0.18030000 -0.86790000 0.46290000
vn 0.06630000 -0.96890000 0.23830000
vn 0.06050000 -0.88440000 0.46290000
vn -0.06630000 -0.96890000 0.23830000
vn -0.06050000 -0.88440000 0.46290000
vn -0.19760000 -0.95090000 0.23830000
vn -0.18040000 -0.86790000 0.46290000
vn -0.32520000 -0.91510000 0.23830000
vn -0.29690000 -0.83520000 0.46290000
vn -0.44680000 -0.86230000 0.23830000
vn -0.40780000 -0.78700000 0.46290000
vn -0.56010000 -0.79340000 0.23830000
vn -0.51120000 -0.72420000 0.46290000
vn -0.66290000 -0.70980000 0.23830000
vn -0.60500000 -0.64780000 0.46290000
vn -0.75340000 -0.61290000 0.23830000
vn -0.68760000 -0.55940000 0.46290000
vn -0.82980000 -0.50460000 0.23830000
vn -0.75740000 -0.46060000 0.46290000
vn -0.89080000 -0.38690000 0.23830000
vn -0.81300000 -0.35310000 0.46290000
vn -0.93520000 -0.26200000 0.23830000
vn -0.85360000 -0.23920000 0.46290000
vn -0.96210000 -0.13220000 0.23830000
vn -0.87820000 -0.12070000 0.46290000
vn -0.97120000 -0.00000000 0.23830000
vn -0.88640000 -0.00000000 0.46290000
vn 0.75060000 -0.00000000 0.66080000
vn 0.87810000 -0.12070000 0.46300000
vn 0.74360000 -0.10220000 0.66080000
vn 0.85350000 -0.23920000 0.46290000
vn 0.72270000 -0.20250000 0.66080000
vn 0.81300000 -0.35310000 0.46290000
vn 0.68840000 -0.29900000 0.66080000
vn 0.75730000 -0.46060000 0.46290000
vn 0.64130000 -0.39000000 0.66080000
vn 0.68760000 -0.55940000 0.46290000
vn 0.58220000 -0.47370000 0.66080000
vn 0.60500000 -0.64780000 0.46290000
vn 0.51230000 -0.54850000 0.66080000
vn 0.51120000 -0.72420000 0.46290000
vn 0.43280000 -0.61320000 0.66080000
vn 0.40780000 -0.78700000 0.46290000
vn 0.34530000 -0.66640000 0.66080000
vn 0.29680000 -0.83520000 0.46290000
vn 0.25130000 -0.70720000 0.66080000
vn 0.18030000 -0.86790000 0.46290000
vn 0.15270000 -0.73490000 0.66080000
vn 0.06050000 -0.88430000 0.46290000
vn 0.05120000 -0.74880000 0.66080000
vn -0.06050000 -0.88430000 0.46290000
vn -0.05120000 -0.74880000 0.66080000
vn -0.18030000 -0.86790000 0.46290000
vn -0.15270000 -0.73490000 0.66080000
vn -0.29680000 -0.83520000 0.46290000
vn -0.25140000 -0.70720000 0.66080000
vn -0.40780000 -0.78700000 0.46290000
vn -0.34530000 -0.66640000 0.66080000
vn -0.51120000 -0.72420000 0.46290000
vn -0.43280000 -0.61320000 0.66080000
vn -0.60500000 -0.64780000 0.46290000
vn -0.51230000 -0.54850000 0.66080000
vn -0.68760000 -0.55940000 0.46290000
vn -0.58220000 -0.47370000 0.66080000
vn -0.75740000 -0.46050000 0.46290000
vn -0.64130000 -0.39000000 0.66080000
vn -0.81300000 -0.35310000 0.46290000
vn -0.68840000 -0.29900000 0.66080000
vn -0.85350000 -0.23910000 0.46290000
vn -0.72270000 -0.20250000 0.66080000
vn -0.87810000 -0.12070000 0.46290000
vn -0.74360000 -0.10220000 0.66080000
vn -0.88640000 -0.00000000 0.46290000
vn -0.75060000 -0.00000000 0.66080000
vn 0.57150000 -0.00000000 0.82060000
vn 0.74350000 -0.10220000 0.66090000
vn 0.56610000 -0.07780000 0.82060000
vn 0.72270000 -0.20250000 0.66080000
vn 0.55030000 -0.15420000 0.82060000
vn 0.68840000 -0.29900000 0.66090000
vn 0.52410000 -0.22770000 0.82060000
vn 0.64130000 -0.39000000 0.66080000
vn 0.48830000 -0.29690000 0.82060000
vn 0.58220000 -0.47360000 0.66090000
vn 0.44330000 -0.36060000 0.82060000
vn 0.51230000 -0.54850000 0.66080000
vn 0.39000000 -0.41770000 0.82060000
vn 0.43280000 -0.61320000 0.66090000
vn 0.32950000 -0.46690000 0.82060000
vn 0.34530000 -0.66640000 0.66080000
vn 0.26290000 -0.50740000 0.82060000
vn 0.25130000 -0.70720000 0.66090000
vn 0.19140000 -0.53850000 0.82060000
vn 0.15270000 -0.73480000 0.66080000
vn 0.11630000 -0.55950000 0.82060000
vn 0.05120000 -0.74880000 0.66090000
vn 0.03900000 -0.57010000 0.82060000
vn -0.05120000 -0.74880000 0.66080000
vn -0.03900000 -0.57010000 0.82060000
vn -0.15270000 -0.73480000 0.66080000
vn -0.11630000 -0.55950000 0.82060000
vn -0.25130000 -0.70720000 0.66090000
vn -0.19140000 -0.53850000 0.82060000
vn -0.34530000 -0.66640000 0.66080000
vn -0.26290000 -0.50740000 0.82060000
vn -0.43280000 -0.61310000 0.66080000
vn -0.32960000 -0.46690000 0.82060000
vn -0.51230000 -0.54850000 0.66080000
vn -0.39010000 -0.41760000 0.82060000
vn -0.58220000 -0.47360000 0.66080000
vn -0.44330000 -0.36060000 0.82060000
vn -0.64130000 -0.39000000 0.66080000
vn -0.48830000 -0.29690000 0.82060000
vn -0.68840000 -0.29900000 0.66080000
vn -0.52420000 -0.22770000 0.82060000
vn -0.72270000 -0.20250000 0.66080000
vn -0.55030000 -0.15420000 0.82060000
vn -0.74350000 -0.10220000 0.66080000
vn -0.56610000 -0.07780000 0.82060000
vn -0.75050000 -0.00000000 0.66080000
vn -0.57150000 -0.00000000 0.82060000
vn -0.57150000 -0.00000000 0.82060000
vn -0.75050000 -0.00000000 0.66080000
vn -0.74350000 0.10220000 0.66080000
vn -0.75060000 -0.00000000 0.66080000
vn -0.88640000 -0.00000000 0.46290000
vn -0.87810000 0.12070000 0.46290000
vn -0.97120000 -0.00000000 0.23830000
vn -1.00000000 -0.00000000 -0.00000000
vn -0.99070000 0.13620000 -0.00000000
vn -0.88640000 -0.00000000 0.46290000
vn -0.97120000 -0.00000000 0.23830000
vn -0.96210000 0.13220000 0.23830000
vn -0.99070000 0.13620000 -0.00000000
vn -0.93520000 0.26200000 0.23830000
vn -0.97810000 0.20790000 -0.00000000
vn -0.97810000 0.20790000 -0.00000000
vn -0.96290000 0.26980000 -0.00000000
vn -0.93520000 0.26200000 0.23830000
vn -0.91720000 0.39840000 -0.00000000
vn -0.89080000 0.38690000 0.23830000
vn -0.91350000 0.40670000 -0.00000000
vn -0.82980000 0.50460000 0.23830000
vn -0.85440000 0.51960000 -0.00000000
vn -0.75340000 0.61290000 0.23830000
vn -0.80900000 0.58780000 -0.00000000
vn -0.80900000 0.58780000 -0.00000000
vn -0.77570000 0.63110000 -0.00000000
vn -0.75340000 0.61290000 0.23830000
vn -0.68260000 0.73080000 -0.00000000
vn -0.66290000 0.70980000 0.23830000
vn -0.66910000 0.74310000 -0.00000000
vn -0.56010000 0.79340000 0.23830000
vn -0.57670000 0.81700000 -0.00000000
vn -0.44680000 0.86230000 0.23830000
vn -0.50000000 0.86600000 -0.00000000
vn -0.50000000 0.86600000 -0.00000000
vn -0.46010000 0.88790000 -0.00000000
vn -0.44680000 0.86230000 0.23830000
vn -0.33490000 0.94230000 -0.00000000
vn -0.32520000 0.91510000 0.23830000
vn -0.30900000 0.95110000 -0.00000000
vn -0.19760000 0.95090000 0.23830000
vn -0.20350000 0.97910000 -0.00000000
vn -0.06630000 0.96890000 0.23830000
vn -0.10450000 0.99450000 -0.00000000
vn -0.10450000 0.99450000 -0.00000000
vn -0.06820000 0.99770000 -0.00000000
vn -0.06630000 0.96890000 0.23830000
vn 0.06820000 0.99770000 -0.00000000
vn 0.06630000 0.96890000 0.23830000
vn 0.10450000 0.99450000 -0.00000000
vn 0.19760000 0.95090000 0.23830000
vn 0.20350000 0.97910000 -0.00000000
vn 0.32520000 0.91510000 0.23830000
vn 0.30900000 0.95110000 -0.00000000
vn 0.30900000 0.95110000 -0.00000000
vn 0.33490000 0.94230000 -0.00000000
vn 0.32520000 0.91510000 0.23830000
vn 0.46010000 0.88790000 -0.00000000
vn 0.44680000 0.86230000 0.23830000
vn 0.50000000 0.86600000 -0.00000000
vn 0.56010000 0.79340000 0.23830000
vn 0.57670000 0.81700000 -0.00000000
vn 0.66290000 0.70980000 0.23830000
vn 0.66910000 0.74320000 -0.00000000
vn 0.66910000 0.74310000 -0.00000000
vn 0.68260000 0.73080000 -0.00000000
vn 0.66290000 0.70980000 0.23830000
vn 0.77570000 0.63110000 -0.00000000
vn 0.75340000 0.61290000 0.23830000
vn 0.80900000 0.58780000 -0.00000000
vn 0.82980000 0.50460000 0.23830000
vn 0.85440000 0.51960000 -0.00000000
vn 0.89080000 0.38690000 0.23830000
vn 0.91350000 0.40680000 -0.00000000
vn 0.91360000 0.40670000 -0.00000000
vn 0.91720000 0.39840000 -0.00000000
vn 0.89080000 0.38690000 0.23830000
vn 0.96290000 0.26980000 -0.00000000
vn 0.93520000 0.26200000 0.23830000
vn 0.97810000 0.20790000 -0.00000000
vn 0.96210000 0.13220000 0.23830000
vn 0.97810000 0.20790000 -0.00000000
vn 0.99070000 0.13620000 -0.00000000
vn 0.96210000 0.13220000 0.23830000
vn 1.00000000 -0.00000000 -0.00000000
vn 0.97120000 -0.00000000 0.23830000
vn -0.88640000 -0.00000000 0.46290000
vn -0.96210000 0.13220000 0.23830000
vn -0.87820000 0.12070000 0.46290000
vn -0.93520000 0.26200000 0.23830000
vn -0.85360000 0.23920000 0.46290000
vn -0.89080000 0.38690000 0.23830000
vn -0.81300000 0.35320000 0.46290000
vn -0.82980000 0.50460000 0.23830000
vn -0.75740000 0.46060000 0.46290000
vn -0.75340000 0.61290000 0.23830000
vn -0.68760000 0.55940000 0.46290000
vn -0.66290000 0.70980000 0.23830000
vn -0.60500000 0.64780000 0.46290000
vn -0.56010000 0.79340000 0.23830000
vn -0.51120000 0.72420000 0.46290000
vn -0.44680000 0.86230000 0.23830000
vn -0.40780000 0.78700000 0.46290000
vn -0.32520000 0.91510000 0.23830000
vn -0.29680000 0.83520000 0.46290000
vn -0.19760000 0.95090000 0.23830000
vn -0.18030000 0.86790000 0.46290000
vn -0.06630000 0.96890000 0.23830000
vn -0.06050000 0.88440000 0.46290000
vn 0.06630000 0.96890000 0.23840000
vn 0.06050000 0.88440000 0.46290000
vn 0.19760000 0.95090000 0.23830000
vn 0.18040000 0.86790000 0.46290000
vn 0.32520000 0.91510000 0.23830000
vn 0.29690000 0.83520000 0.46290000
vn 0.44680000 0.86230000 0.23830000
vn 0.40780000 0.78700000 0.46290000
vn 0.56010000 0.79340000 0.23830000
vn 0.51120000 0.72420000 0.46290000
vn 0.66290000 0.70980000 0.23830000
vn 0.60500000 0.64780000 0.46290000
vn 0.75340000 0.61290000 0.23830000
vn 0.68760000 0.55940000 0.46290000
vn 0.82980000 0.50460000 0.23830000
vn 0.75740000 0.46060000 0.46290000
vn 0.89080000 0.38690000 0.23830000
vn 0.81300000 0.35310000 0.46290000
vn 0.93520000 0.26200000 0.23830000
vn 0.85360000 0.23910000 0.46290000
vn 0.96210000 0.13220000 0.23830000
vn 0.87820000 0.12070000 0.46290000
vn 0.97120000 -0.00000000 0.23830000
vn 0.88640000 -0.00000000 0.46290000
vn -0.75060000 -0.00000000 0.66080000
vn -0.87810000 0.12070000 0.46300000
vn -0.74360000 0.10220000 0.66080000
vn -0.85350000 0.23920000 0.46290000
vn -0.72270000 0.20250000 0.66080000
vn -0.81300000 0.35310000 0.46290000
vn -0.68840000 0.29900000 0.66080000
vn -0.75730000 0.46060000 0.46290000
vn -0.64130000 0.39000000 0.66080000
vn -0.68760000 0.55940000 0.46290000
vn -0.58220000 0.47370000 0.66080000
vn -0.60500000 0.64780000 0.46290000
vn -0.51230000 0.54850000 0.66080000
vn -0.51120000 0.72420000 0.46290000
vn -0.43280000 0.61320000 0.66080000
vn -0.40780000 0.78700000 0.46290000
vn -0.34530000 0.66640000 0.66080000
vn -0.29680000 0.83520000 0.46290000
vn -0.25130000 0.70720000 0.66080000
vn -0.18030000 0.86790000 0.46290000
vn -0.15270000 0.73490000 0.66080000
vn -0.06050000 0.88430000 0.46290000
vn -0.05120000 0.74880000 0.66080000
vn 0.06050000 0.88430000 0.46290000
vn 0.05120000 0.74880000 0.66080000
vn 0.18030000 0.86780000 0.46290000
vn 0.15270000 0.73490000 0.66080000
vn 0.29680000 0.83520000 0.46290000
vn 0.25140000 0.70720000 0.66080000
vn 0.40780000 0.78700000 0.46290000
vn 0.34530000 0.66640000 0.66080000
vn 0.51120000 0.72420000 0.46290000
vn 0.43280000 0.61320000 0.66080000
vn 0.60500000 0.64780000 0.46290000
vn 0.51230000 0.54850000 0.66080000
vn 0.68760000 0.55940000 0.46290000
vn 0.58220000 0.47370000 0.66080000
vn 0.75740000 0.46050000 0.46290000
vn 0.64130000 0.39000000 0.66080000
vn 0.81300000 0.35310000 0.46290000
vn 0.68840000 0.29900000 0.66080000
vn 0.85350000 0.23910000 0.46290000
vn 0.72270000 0.20250000 0.66080000
vn 0.87810000 0.12070000 0.46290000
vn 0.74360000 0.10220000 0.66080000
vn 0.88640000 -0.00000000 0.46290000
vn 0.75060000 -0.00000000 0.66080000
vn -0.57150000 -0.00000000 0.82060000
vn -0.74350000 0.10220000 0.66090000
vn -0.56610000 0.07780000 0.82060000
vn -0.72270000 0.20250000 0.66080000
vn -0.55030000 0.15420000 0.82060000
vn -0.68840000 0.29900000 0.66080000
vn -0.52410000 0.22770000 0.82060000
vn -0.64130000 0.39000000 0.66080000
vn -0.48830000 0.29690000 0.82060000
vn -0.58220000 0.47360000 0.66090000
vn -0.44330000 0.36060000 0.82060000
vn -0.51230000 0.54850000 0.66080000
vn -0.39000000 0.41770000 0.82060000
vn -0.43280000 0.61320000 0.66080000
vn -0.32950000 0.46690000 0.82060000
vn -0.34530000 0.66640000 0.66090000
vn -0.26290000 0.50740000 0.82060000
vn -0.25130000 0.70720000 0.66080000
vn -0.19140000 0.53850000 0.82060000
vn -0.15270000 0.73480000 0.66080000
vn -0.11630000 0.55950000 0.82060000
vn -0.05120000 0.74880000 0.66080000
vn -0.03900000 0.57010000 0.82060000
vn 0.05120000 0.74880000 0.66080000
vn 0.03900000 0.57010000 0.82060000
vn 0.15270000 0.73480000 0.66080000
vn 0.11630000 0.55950000 0.82060000
vn 0.25130000 0.70720000 0.66080000
vn 0.19140000 0.53850000 0.82060000
vn 0.34530000 0.66640000 0.66090000
vn 0.26290000 0.50740000 0.82060000
vn 0.43280000 0.61310000 0.66080000
vn 0.32960000 0.46690000 0.82060000
vn 0.51230000 0.54850000 0.66080000
vn 0.39010000 0.41760000 0.82060000
vn 0.58220000 0.47360000 0.66090000
vn 0.44330000 0.36060000 0.82060000
vn 0.64130000 0.39000000 0.66080000
vn 0.48830000 0.29690000 0.82060000
vn 0.68840000 0.29900000 0.66080000
vn 0.52420000 0.22770000 0.82060000
vn 0.72270000 0.20250000 0.66080000
vn 0.55030000 0.15420000 0.82060000
vn 0.74350000 0.10220000 0.66080000
vn 0.56610000 0.07780000 0.82060000
vn 0.75050000 -0.00000000 0.66080000
vn 0.57150000 -0.00000000 0.82060000
vn 0.98430000 -0.10350000 0.14290000
vn 0.97190000 -0.18730000 0.14290000
vn 0.91140000 -0.17570000 0.37210000
vn 0.96810000 -0.20580000 0.14290000
vn 0.94970000 -0.27880000 0.14290000
vn 0.89060000 -0.26150000 0.37210000
vn 0.94130000 -0.30590000 0.14290000
vn 0.91880000 -0.36780000 0.14290000
vn 0.86170000 -0.34500000 0.37210000
vn 0.73550000 -0.66230000 0.14290000
vn 0.71630000 -0.68300000 0.14290000
vn 0.67180000 -0.64050000 0.37210000
vn 0.66230000 -0.73550000 0.14290000
vn 0.64810000 -0.74800000 0.14290000
vn 0.60790000 -0.70150000 0.37200000
vn 0.58180000 -0.80070000 0.14290000
vn 0.57410000 -0.80620000 0.14290000
vn 0.53840000 -0.75610000 0.37210000
vn 0.40260000 -0.90420000 0.14290000
vn 0.32370000 -0.93530000 0.14290000
vn 0.30360000 -0.87720000 0.37210000
vn 0.30580000 -0.94130000 0.14290000
vn 0.23330000 -0.96180000 0.14290000
vn 0.21880000 -0.90200000 0.37210000
vn 0.20580000 -0.96810000 0.14290000
vn 0.14090000 -0.97970000 0.14290000
vn 0.13210000 -0.91880000 0.37210000
vn -0.20580000 -0.96810000 0.14290000
vn -0.23330000 -0.96180000 0.14290000
vn -0.21880000 -0.90200000 0.37210000
vn -0.30590000 -0.94130000 0.14290000
vn -0.32370000 -0.93530000 0.14290000
vn -0.30360000 -0.87720000 0.37200000
vn -0.40260000 -0.90420000 0.14290000
vn -0.41110000 -0.90030000 0.14290000
vn -0.38560000 -0.84430000 0.37210000
vn -0.58180000 -0.80070000 0.14290000
vn -0.64810000 -0.74800000 0.14290000
vn -0.60780000 -0.70150000 0.37200000
vn -0.66230000 -0.73550000 0.14290000
vn -0.71630000 -0.68300000 0.14290000
vn -0.67180000 -0.64050000 0.37210000
vn -0.73550000 -0.66230000 0.14290000
vn -0.77800000 -0.61180000 0.14290000
vn -0.72960000 -0.57380000 0.37200000
vn -0.94130000 -0.30580000 0.14290000
vn -0.94960000 -0.27890000 0.14290000
vn -0.89060000 -0.26150000 0.37200000
vn -0.96810000 -0.20580000 0.14290000
vn -0.97190000 -0.18730000 0.14290000
vn -0.91140000 -0.17570000 0.37210000
vn -0.98430000 -0.10350000 0.14290000
vn -0.98530000 -0.09410000 0.14290000
vn -0.92400000 -0.08820000 0.37210000
vn -0.00000000 -0.00000000 1.00000000
vn -0.00000000 -0.00000000 1.00000000
vn -0.21880000 -0.08760000 0.97180000
vn -0.20950000 -0.10800000 0.97180000
vn -0.42520000 -0.17030000 0.88890000
vn -0.00000000 -0.00000000 1.00000000
vn -0.00000000 -0.00010000 1.00000000
vn -0.03350000 -0.23330000 0.97180000
vn -0.01120000 -0.23540000 0.97180000
vn -0.06520000 -0.45340000 0.88890000
vn -0.00000000 -0.00000000 1.00000000
vn -0.00000000 -0.00000000 1.00000000
vn 0.18520000 -0.14570000 0.97180000
vn 0.19820000 -0.12740000 0.97180000
vn 0.36010000 -0.28310000 0.88890000
vn -0.00010000 -0.00000000 1.00000000
vn -0.00000000 -0.00000000 1.00000000
vn -0.22610000 -0.06640000 0.97180000
vn -0.21880000 -0.08760000 0.97180000
vn -0.43950000 -0.12900000 0.88890000
vn -0.42530000 -0.17020000 0.88890000
vn -0.62810000 -0.18440000 0.75590000
vn -0.00000000 -0.00000000 1.00000000
vn -0.00000000 -0.00000000 1.00000000
vn -0.05560000 -0.22900000 0.97180000
vn -0.03350000 -0.23330000 0.97180000
vn -0.10800000 -0.44520000 0.88890000
vn -0.06520000 -0.45340000 0.88890000
vn -0.15430000 -0.63620000 0.75590000
vn -0.00000000 -0.00000000 1.00000000
vn -0.00000000 -0.00000000 1.00000000
vn 0.17060000 -0.16260000 0.97180000
vn 0.18530000 -0.14570000 0.97180000
vn 0.33150000 -0.31610000 0.88890000
vn 0.36010000 -0.28320000 0.88890000
vn 0.47380000 -0.45170000 0.75590000
vn -0.00010000 -0.00000000 1.00000000
vn -0.00000000 -0.00000000 1.00000000
vn -0.23140000 -0.04460000 0.97180000
vn -0.22610000 -0.06640000 0.97180000
vn -0.44980000 -0.08670000 0.88890000
vn -0.43950000 -0.12900000 0.88890000
vn -0.64280000 -0.12390000 0.75590000
vn -0.62810000 -0.18440000 0.75590000
vn -0.79960000 -0.15410000 0.58040000
vn -0.00000000 -0.00000000 1.00000000
vn -0.00000000 -0.00000000 1.00000000
vn -0.07710000 -0.22270000 0.97180000
vn -0.05560000 -0.22900000 0.97180000
vn -0.14980000 -0.43290000 0.88890000
vn -0.10800000 -0.44510000 0.88890000
vn -0.21410000 -0.61860000 0.75590000
vn -0.15430000 -0.63620000 0.75590000
vn -0.26630000 -0.76960000 0.58040000
vn -0.00000000 -0.00000000 1.00000000
vn -0.00000000 -0.00000000 1.00000000
vn 0.15430000 -0.17810000 0.97180000
vn 0.17060000 -0.16260000 0.97180000
vn 0.30000000 -0.34620000 0.88890000
vn 0.33150000 -0.31610000 0.88890000
vn 0.42870000 -0.49480000 0.75590000
vn 0.47380000 -0.45180000 0.75590000
vn 0.53330000 -0.61540000 0.58040000
vn -0.00000000 -0.00000000 1.00000000
vn -0.00000000 -0.00000000 1.00000000
vn -0.23460000 -0.02240000 0.97180000
vn -0.23140000 -0.04460000 0.97180000
vn -0.45600000 -0.04350000 0.88890000
vn -0.44980000 -0.08670000 0.88890000
vn -0.65170000 -0.06220000 0.75590000
vn -0.64280000 -0.12390000 0.75590000
vn -0.81070000 -0.07740000 0.58040000
vn -0.79960000 -0.15410000 0.58040000
vn -0.92400000 -0.08820000 0.37210000
vn -0.00000000 -0.00000000 1.00000000
vn -0.00000000 -0.00000000 1.00000000
vn -0.09790000 -0.21440000 0.97180000
vn -0.07710000 -0.22270000 0.97180000
vn -0.19030000 -0.41670000 0.88890000
vn -0.14980000 -0.43290000 0.88890000
vn -0.27200000 -0.59550000 0.75590000
vn -0.21410000 -0.61870000 0.75590000
vn -0.33830000 -0.74080000 0.58040000
vn -0.26640000 -0.76960000 0.58040000
vn -0.38560000 -0.84430000 0.37210000
vn -0.00000000 -0.00000000 1.00000000
vn -0.00000000 -0.00000000 1.00000000
vn 0.13670000 -0.19200000 0.97180000
vn 0.15430000 -0.17810000 0.97180000
vn 0.26570000 -0.37310000 0.88890000
vn 0.29990000 -0.34620000 0.88890000
vn 0.37970000 -0.53330000 0.75590000
vn 0.42870000 -0.49480000 0.75590000
vn 0.47240000 -0.66340000 0.58040000
vn 0.53330000 -0.61550000 0.58040000
vn 0.53840000 -0.75610000 0.37210000
vn -0.72380000 -0.37320000 0.58030000
vn -0.82500000 -0.42530000 0.37210000
vn -0.86170000 -0.34500000 0.37210000
vn -0.03880000 -0.81340000 0.58030000
vn -0.04420000 -0.92710000 0.37210000
vn -0.13210000 -0.91870000 0.37210000
vn 0.68510000 -0.44030000 0.58030000
vn 0.78080000 -0.50180000 0.37210000
vn 0.72960000 -0.57380000 0.37210000
vn -0.00000000 -0.00000000 1.00000000
vn -0.00010000 -0.00000000 1.00000000
vn -0.23570000 -0.00000000 0.97180000
vn -0.23460000 -0.02240000 0.97180000
vn -0.45810000 -0.00000000 0.88890000
vn -0.45600000 -0.04350000 0.88890000
vn -0.65470000 -0.00000000 0.75590000
vn -0.65170000 -0.06220000 0.75590000
vn -0.81440000 -0.00000000 0.58040000
vn -0.81070000 -0.07740000 0.58040000
vn -0.92820000 -0.00000000 0.37210000
vn -0.92400000 -0.08820000 0.37210000
vn -0.98970000 -0.00000000 0.14290000
vn -0.98530000 -0.09410000 0.14290000
vn -0.20950000 -0.10800000 0.97180000
vn -0.40710000 -0.20990000 0.88890000
vn -0.42530000 -0.17030000 0.88890000
vn -0.60780000 -0.24330000 0.75590000
vn -0.62810000 -0.18440000 0.75590000
vn -0.78140000 -0.22940000 0.58040000
vn -0.79960000 -0.15410000 0.58040000
vn -0.91140000 -0.17570000 0.37210000
vn -0.92400000 -0.08820000 0.37210000
vn -0.97190000 -0.18730000 0.14290000
vn -0.98430000 -0.10350000 0.14290000
vn -0.40720000 -0.20990000 0.88890000
vn -0.58190000 -0.30000000 0.75590000
vn -0.60780000 -0.24330000 0.75590000
vn -0.75600000 -0.30270000 0.58040000
vn -0.78140000 -0.22940000 0.58030000
vn -0.89060000 -0.26150000 0.37210000
vn -0.91140000 -0.17570000 0.37210000
vn -0.94970000 -0.27880000 0.14290000
vn -0.96810000 -0.20580000 0.14290000
vn -0.58190000 -0.30000000 0.75590000
vn -0.72380000 -0.37320000 0.58040000
vn -0.75610000 -0.30270000 0.58030000
vn -0.86170000 -0.34500000 0.37210000
vn -0.89060000 -0.26150000 0.37210000
vn -0.91880000 -0.36780000 0.14290000
vn -0.94130000 -0.30590000 0.14290000
vn -0.80070000 -0.58170000 0.14290000
vn -0.83260000 -0.53510000 0.14290000
vn -0.78090000 -0.50180000 0.37210000
vn -0.82500000 -0.42530000 0.37210000
vn -0.68510000 -0.44030000 0.58040000
vn -0.72380000 -0.37320000 0.58040000
vn -0.55070000 -0.35390000 0.75590000
vn -0.58190000 -0.30000000 0.75590000
vn -0.38540000 -0.24760000 0.88890000
vn -0.40710000 -0.20990000 0.88890000
vn -0.19830000 -0.12740000 0.97180000
vn -0.20950000 -0.10800000 0.97180000
vn -0.00000000 -0.00000000 1.00000000
vn -0.00000000 -0.00000000 1.00000000
vn -0.83260000 -0.53510000 0.14290000
vn -0.85710000 -0.49490000 0.14290000
vn -0.82500000 -0.42530000 0.37200000
vn -0.87970000 -0.45350000 0.14290000
vn -0.86170000 -0.34500000 0.37210000
vn -0.90420000 -0.40260000 0.14290000
vn -0.91880000 -0.36790000 0.14290000
vn -0.77800000 -0.61180000 0.14290000
vn -0.80070000 -0.58180000 0.14290000
vn -0.72960000 -0.57380000 0.37210000
vn -0.78080000 -0.50180000 0.37210000
vn -0.64010000 -0.50340000 0.58040000
vn -0.68510000 -0.44030000 0.58040000
vn -0.51460000 -0.40470000 0.75590000
vn -0.55070000 -0.35390000 0.75590000
vn -0.36010000 -0.28310000 0.88890000
vn -0.38540000 -0.24760000 0.88890000
vn -0.18520000 -0.14570000 0.97180000
vn -0.19830000 -0.12740000 0.97180000
vn -0.00000000 -0.00000000 1.00000000
vn -0.00000000 -0.00000000 1.00000000
vn -0.71630000 -0.68300000 0.14290000
vn -0.73550000 -0.66230000 0.14290000
vn -0.67180000 -0.64050000 0.37210000
vn -0.72960000 -0.57380000 0.37210000
vn -0.58940000 -0.56200000 0.58040000
vn -0.64010000 -0.50340000 0.58040000
vn -0.47380000 -0.45180000 0.75590000
vn -0.51460000 -0.40470000 0.75590000
vn -0.33150000 -0.31610000 0.88890000
vn -0.36010000 -0.28310000 0.88890000
vn -0.17060000 -0.16260000 0.97180000
vn -0.18530000 -0.14570000 0.97180000
vn -0.00000000 -0.00000000 1.00000000
vn -0.00000000 -0.00000000 1.00000000
vn -0.64810000 -0.74800000 0.14290000
vn -0.66230000 -0.73550000 0.14290000
vn -0.60780000 -0.70150000 0.37210000
vn -0.67180000 -0.64050000 0.37210000
vn -0.53330000 -0.61550000 0.58040000
vn -0.58940000 -0.56200000 0.58040000
vn -0.42870000 -0.49470000 0.75590000
vn -0.47380000 -0.45180000 0.75590000
vn -0.30000000 -0.34620000 0.88890000
vn -0.33150000 -0.31610000 0.88890000
vn -0.15430000 -0.17810000 0.97180000
vn -0.17060000 -0.16260000 0.97180000
vn -0.00000000 -0.00000000 1.00000000
vn -0.00000000 -0.00000000 1.00000000
vn -0.57410000 -0.80620000 0.14290000
vn -0.58180000 -0.80070000 0.14290000
vn -0.53840000 -0.75610000 0.37210000
vn -0.60780000 -0.70150000 0.37210000
vn -0.47240000 -0.66340000 0.58040000
vn -0.53330000 -0.61550000 0.58040000
vn -0.37980000 -0.53320000 0.75590000
vn -0.42870000 -0.49480000 0.75590000
vn -0.26570000 -0.37310000 0.88890000
vn -0.30000000 -0.34620000 0.88890000
vn -0.13670000 -0.19200000 0.97180000
vn -0.15430000 -0.17810000 0.97180000
vn -0.00000000 -0.00000000 1.00000000
vn -0.00000000 -0.00000000 1.00000000
vn -0.00000000 -0.00000000 1.00000000
vn -0.00000000 -0.00000000 1.00000000
vn -0.13670000 -0.19200000 0.97180000
vn -0.11780000 -0.20410000 0.97180000
vn -0.26570000 -0.37310000 0.88890000
vn -0.22910000 -0.39670000 0.88890000
vn -0.37970000 -0.53330000 0.75590000
vn -0.32740000 -0.56690000 0.75590000
vn -0.47240000 -0.66340000 0.58040000
vn -0.40720000 -0.70530000 0.58040000
vn -0.53840000 -0.75610000 0.37210000
vn -0.46410000 -0.80380000 0.37210000
vn -0.57410000 -0.80620000 0.14290000
vn -0.49490000 -0.85710000 0.14290000
vn -0.00000000 -0.00000000 1.00000000
vn -0.00000000 -0.00000000 1.00000000
vn -0.11780000 -0.20410000 0.97180000
vn -0.09790000 -0.21440000 0.97180000
vn -0.22900000 -0.39670000 0.88890000
vn -0.19030000 -0.41670000 0.88890000
vn -0.32730000 -0.56690000 0.75590000
vn -0.27200000 -0.59550000 0.75590000
vn -0.40720000 -0.70530000 0.58040000
vn -0.33830000 -0.74080000 0.58040000
vn -0.46410000 -0.80380000 0.37210000
vn -0.38560000 -0.84430000 0.37210000
vn -0.49490000 -0.85710000 0.14290000
vn -0.41110000 -0.90030000 0.14290000
vn -0.01120000 -0.23540000 0.97180000
vn -0.02180000 -0.45750000 0.88890000
vn -0.06520000 -0.45340000 0.88890000
vn -0.09320000 -0.64800000 0.75590000
vn -0.15430000 -0.63620000 0.75590000
vn -0.19200000 -0.79140000 0.58040000
vn -0.26640000 -0.76960000 0.58030000
vn -0.30360000 -0.87710000 0.37210000
vn -0.38560000 -0.84430000 0.37210000
vn -0.32370000 -0.93530000 0.14290000
vn -0.40260000 -0.90420000 0.14290000
vn -0.02180000 -0.45760000 0.88890000
vn -0.03120000 -0.65390000 0.75590000
vn -0.09320000 -0.64800000 0.75590000
vn -0.11590000 -0.80610000 0.58040000
vn -0.19200000 -0.79140000 0.58030000
vn -0.21880000 -0.90200000 0.37210000
vn -0.30360000 -0.87720000 0.37210000
vn -0.23330000 -0.96180000 0.14290000
vn -0.30580000 -0.94130000 0.14290000
vn -0.03120000 -0.65390000 0.75590000
vn -0.03880000 -0.81340000 0.58040000
vn -0.11590000 -0.80610000 0.58030000
vn -0.13210000 -0.91870000 0.37210000
vn -0.21880000 -0.90200000 0.37210000
vn -0.14090000 -0.97970000 0.14290000
vn -0.20580000 -0.96810000 0.14290000
vn 0.10340000 -0.98430000 0.14290000
vn 0.04710000 -0.98860000 0.14290000
vn 0.04420000 -0.92720000 0.37210000
vn -0.04410000 -0.92710000 0.37210000
vn 0.03880000 -0.81340000 0.58040000
vn -0.03870000 -0.81340000 0.58040000
vn 0.03120000 -0.65390000 0.75590000
vn -0.03120000 -0.65390000 0.75590000
vn 0.02180000 -0.45750000 0.88890000
vn -0.02180000 -0.45750000 0.88890000
vn 0.01120000 -0.23540000 0.97180000
vn -0.01120000 -0.23540000 0.97180000
vn -0.00000000 -0.00000000 1.00000000
vn -0.00000000 -0.00000000 1.00000000
vn 0.04710000 -0.98860000 0.14290000
vn -0.00000000 -0.98970000 0.14290000
vn -0.04420000 -0.92720000 0.37200000
vn -0.04710000 -0.98860000 0.14290000
vn -0.13210000 -0.91880000 0.37210000
vn -0.10340000 -0.98430000 0.14290000
vn -0.14080000 -0.97970000 0.14290000
vn 0.14080000 -0.97970000 0.14290000
vn 0.10350000 -0.98430000 0.14290000
vn 0.13210000 -0.91880000 0.37210000
vn 0.04420000 -0.92710000 0.37210000
vn 0.11590000 -0.80610000 0.58040000
vn 0.03880000 -0.81340000 0.58040000
vn 0.09310000 -0.64800000 0.75590000
vn 0.03110000 -0.65390000 0.75590000
vn 0.06520000 -0.45340000 0.88890000
vn 0.02180000 -0.45750000 0.88890000
vn 0.03360000 -0.23330000 0.97180000
vn 0.01120000 -0.23540000 0.97180000
vn -0.00000000 -0.00000000 1.00000000
vn -0.00000000 -0.00000000 1.00000000
vn 0.23330000 -0.96180000 0.14290000
vn 0.20580000 -0.96810000 0.14290000
vn 0.21880000 -0.90200000 0.37210000
vn 0.13210000 -0.91870000 0.37210000
vn 0.19200000 -0.79140000 0.58040000
vn 0.11590000 -0.80610000 0.58040000
vn 0.15430000 -0.63620000 0.75590000
vn 0.09320000 -0.64800000 0.75590000
vn 0.10800000 -0.44520000 0.88890000
vn 0.06520000 -0.45340000 0.88890000
vn 0.05560000 -0.22900000 0.97180000
vn 0.03350000 -0.23330000 0.97180000
vn -0.00000000 -0.00010000 1.00000000
vn -0.00000000 -0.00000000 1.00000000
vn 0.32370000 -0.93530000 0.14290000
vn 0.30580000 -0.94130000 0.14290000
vn 0.30360000 -0.87710000 0.37210000
vn 0.21880000 -0.90200000 0.37210000
vn 0.26640000 -0.76960000 0.58040000
vn 0.19200000 -0.79140000 0.58040000
vn 0.21410000 -0.61860000 0.75590000
vn 0.15430000 -0.63620000 0.75590000
vn 0.14980000 -0.43290000 0.88890000
vn 0.10800000 -0.44510000 0.88890000
vn 0.07710000 -0.22270000 0.97180000
vn 0.05560000 -0.22900000 0.97180000
vn -0.00000000 -0.00000000 1.00000000
vn -0.00000000 -0.00000000 1.00000000
vn 0.41110000 -0.90030000 0.14290000
vn 0.40260000 -0.90420000 0.14290000
vn 0.38560000 -0.84430000 0.37210000
vn 0.30360000 -0.87710000 0.37210000
vn 0.33830000 -0.74080000 0.58040000
vn 0.26640000 -0.76960000 0.58040000
vn 0.27190000 -0.59550000 0.75590000
vn 0.21410000 -0.61860000 0.75590000
vn 0.19030000 -0.41670000 0.88890000
vn 0.14980000 -0.43290000 0.88890000
vn 0.09790000 -0.21440000 0.97180000
vn 0.07710000 -0.22270000 0.97180000
vn -0.00000000 -0.00000000 1.00000000
vn -0.00000000 -0.00000000 1.00000000
vn -0.00000000 -0.00000000 1.00000000
vn -0.00000000 -0.00000000 1.00000000
vn 0.09790000 -0.21440000 0.97180000
vn 0.11780000 -0.20410000 0.97180000
vn 0.19030000 -0.41670000 0.88890000
vn 0.22900000 -0.39670000 0.88890000
vn 0.27200000 -0.59550000 0.75590000
vn 0.32730000 -0.56690000 0.75590000
vn 0.33830000 -0.74080000 0.58040000
vn 0.40720000 -0.70530000 0.58040000
vn 0.38560000 -0.84430000 0.37210000
vn 0.46410000 -0.80380000 0.37210000
vn 0.41120000 -0.90030000 0.14290000
vn 0.49490000 -0.85710000 0.14290000
vn -0.00000000 -0.00000000 1.00000000
vn -0.00000000 -0.00000000 1.00000000
vn 0.11780000 -0.20410000 0.97180000
vn 0.13670000 -0.19200000 0.97180000
vn 0.22910000 -0.39670000 0.88890000
vn 0.26570000 -0.37310000 0.88890000
vn 0.32730000 -0.56690000 0.75590000
vn 0.37970000 -0.53330000 0.75590000
vn 0.40720000 -0.70530000 0.58040000
vn 0.47240000 -0.66340000 0.58040000
vn 0.46410000 -0.80380000 0.37210000
vn 0.53840000 -0.75610000 0.37210000
vn 0.49490000 -0.85710000 0.14290000
vn 0.57410000 -0.80620000 0.14290000
vn 0.19830000 -0.12740000 0.97180000
vn 0.38530000 -0.24770000 0.88890000
vn 0.36010000 -0.28320000 0.88890000
vn 0.51460000 -0.40470000 0.75590000
vn 0.47380000 -0.45180000 0.75590000
vn 0.58940000 -0.56200000 0.58040000
vn 0.53330000 -0.61550000 0.58030000
vn 0.60780000 -0.70150000 0.37210000
vn 0.53840000 -0.75610000 0.37210000
vn 0.64810000 -0.74800000 0.14290000
vn 0.58180000 -0.80070000 0.14290000
vn 0.38540000 -0.24770000 0.88890000
vn 0.55070000 -0.35390000 0.75590000
vn 0.51460000 -0.40470000 0.75590000
vn 0.64010000 -0.50340000 0.58040000
vn 0.58940000 -0.56200000 0.58030000
vn 0.67180000 -0.64050000 0.37210000
vn 0.60790000 -0.70150000 0.37210000
vn 0.71630000 -0.68300000 0.14290000
vn 0.66230000 -0.73550000 0.14290000
vn 0.55070000 -0.35390000 0.75590000
vn 0.68510000 -0.44030000 0.58040000
vn 0.64020000 -0.50340000 0.58030000
vn 0.72960000 -0.57380000 0.37210000
vn 0.67180000 -0.64050000 0.37210000
vn 0.77800000 -0.61180000 0.14290000
vn 0.73550000 -0.66230000 0.14290000
vn 0.90420000 -0.40260000 0.14290000
vn 0.87970000 -0.45350000 0.14290000
vn 0.82500000 -0.42530000 0.37210000
vn 0.78090000 -0.50180000 0.37210000
vn 0.72380000 -0.37320000 0.58040000
vn 0.68510000 -0.44030000 0.58040000
vn 0.58190000 -0.30000000 0.75590000
vn 0.55070000 -0.35390000 0.75590000
vn 0.40710000 -0.20990000 0.88890000
vn 0.38530000 -0.24770000 0.88890000
vn 0.20940000 -0.10800000 0.97180000
vn 0.19830000 -0.12740000 0.97180000
vn -0.00000000 -0.00000000 1.00000000
vn -0.00000000 -0.00000000 1.00000000
vn 0.87970000 -0.45350000 0.14290000
vn 0.85710000 -0.49490000 0.14290000
vn 0.78090000 -0.50180000 0.37200000
vn 0.83260000 -0.53510000 0.14290000
vn 0.72960000 -0.57380000 0.37210000
vn 0.80070000 -0.58170000 0.14290000
vn 0.77800000 -0.61180000 0.14290000
vn 0.91880000 -0.36790000 0.14290000
vn 0.90420000 -0.40260000 0.14290000
vn 0.86170000 -0.34500000 0.37210000
vn 0.82500000 -0.42530000 0.37210000
vn 0.75600000 -0.30270000 0.58040000
vn 0.72380000 -0.37320000 0.58040000
vn 0.60780000 -0.24330000 0.75590000
vn 0.58190000 -0.30000000 0.75590000
vn 0.42520000 -0.17030000 0.88890000
vn 0.40720000 -0.20990000 0.88890000
vn 0.21880000 -0.08760000 0.97180000
vn 0.20950000 -0.10800000 0.97180000
vn -0.00000000 -0.00000000 1.00000000
vn -0.00000000 -0.00000000 1.00000000
vn 0.94960000 -0.27890000 0.14290000
vn 0.94130000 -0.30590000 0.14290000
vn 0.89060000 -0.26150000 0.37210000
vn 0.86170000 -0.34500000 0.37210000
vn 0.78140000 -0.22940000 0.58040000
vn 0.75600000 -0.30270000 0.58040000
vn 0.62810000 -0.18440000 0.75590000
vn 0.60780000 -0.24330000 0.75590000
vn 0.43950000 -0.12910000 0.88890000
vn 0.42520000 -0.17030000 0.88890000
vn 0.22610000 -0.06640000 0.97180000
vn 0.21880000 -0.08760000 0.97180000
vn -0.00000000 -0.00000000 1.00000000
vn -0.00000000 -0.00000000 1.00000000
vn 0.97190000 -0.18730000 0.14290000
vn 0.96810000 -0.20580000 0.14290000
vn 0.91140000 -0.17570000 0.37210000
vn 0.89060000 -0.26150000 0.37210000
vn 0.79960000 -0.15410000 0.58040000
vn 0.78140000 -0.22940000 0.58040000
vn 0.64280000 -0.12390000 0.75590000
vn 0.62810000 -0.18440000 0.75590000
vn 0.44980000 -0.08670000 0.88890000
vn 0.43950000 -0.12910000 0.88890000
vn 0.23140000 -0.04460000 0.97180000
vn 0.22610000 -0.06640000 0.97180000
vn -0.00000000 -0.00000000 1.00000000
vn -0.00000000 -0.00000000 1.00000000
vn 0.98530000 -0.09410000 0.14290000
vn 0.98430000 -0.10350000 0.14290000
vn 0.92400000 -0.08820000 0.37210000
vn 0.91140000 -0.17560000 0.37210000
vn 0.81070000 -0.07740000 0.58040000
vn 0.79960000 -0.15410000 0.58040000
vn 0.65170000 -0.06230000 0.75590000
vn 0.64280000 -0.12390000 0.75590000
vn 0.45600000 -0.04360000 0.88890000
vn 0.44980000 -0.08670000 0.88890000
vn 0.23460000 -0.02240000 0.97180000
vn 0.23140000 -0.04460000 0.97180000
vn -0.00000000 -0.00000000 1.00000000
vn -0.00000000 -0.00000000 1.00000000
vn -0.00000000 -0.00000000 1.00000000
vn 0.00010000 -0.00000000 1.00000000
vn 0.23460000 -0.02240000 0.97180000
vn 0.23570000 -0.00000000 0.97180000
vn 0.45600000 -0.04360000 0.88890000
vn 0.45810000 -0.00000000 0.88890000
vn 0.65170000 -0.06220000 0.75590000
vn 0.65470000 -0.00000000 0.75590000
vn 0.81070000 -0.07740000 0.58040000
vn 0.81440000 -0.00000000 0.58040000
vn 0.92400000 -0.08820000 0.37210000
vn 0.92820000 -0.00000000 0.37210000
vn 0.98530000 -0.09410000 0.14290000
vn 0.98970000 -0.00000000 0.14290000
vn -0.98430000 0.10350000 0.14290000
vn -0.97190000 0.18730000 0.14290000
vn -0.91140000 0.17570000 0.37210000
vn -0.96810000 0.20580000 0.14290000
vn -0.94970000 0.27880000 0.14290000
vn -0.89060000 0.26150000 0.37210000
vn -0.94130000 0.30580000 0.14290000
vn -0.91880000 0.36780000 0.14290000
vn -0.86170000 0.34500000 0.37210000
vn -0.73550000 0.66230000 0.14290000
vn -0.71630000 0.68300000 0.14290000
vn -0.67180000 0.64050000 0.37200000
vn -0.66230000 0.73550000 0.14290000
vn -0.64820000 0.74800000 0.14290000
vn -0.60790000 0.70150000 0.37200000
vn -0.58170000 0.80070000 0.14290000
vn -0.57410000 0.80620000 0.14290000
vn -0.53840000 0.75610000 0.37210000
vn -0.40260000 0.90420000 0.14290000
vn -0.32370000 0.93530000 0.14290000
vn -0.30360000 0.87720000 0.37210000
vn -0.30580000 0.94130000 0.14290000
vn -0.23340000 0.96180000 0.14290000
vn -0.21880000 0.90200000 0.37210000
vn -0.20580000 0.96810000 0.14290000
vn -0.14090000 0.97970000 0.14290000
vn -0.13210000 0.91880000 0.37200000
vn 0.20580000 0.96810000 0.14290000
vn 0.23330000 0.96180000 0.14290000
vn 0.21880000 0.90210000 0.37200000
vn 0.30580000 0.94130000 0.14290000
vn 0.32370000 0.93530000 0.14290000
vn 0.30360000 0.87720000 0.37210000
vn 0.40260000 0.90420000 0.14290000
vn 0.41110000 0.90030000 0.14290000
vn 0.38560000 0.84430000 0.37200000
vn 0.58180000 0.80070000 0.14290000
vn 0.64810000 0.74800000 0.14290000
vn 0.60780000 0.70150000 0.37210000
vn 0.66230000 0.73550000 0.14290000
vn 0.71630000 0.68300000 0.14290000
vn 0.67180000 0.64060000 0.37210000
vn 0.73550000 0.66230000 0.14290000
vn 0.77800000 0.61180000 0.14290000
vn 0.72960000 0.57380000 0.37210000
vn 0.94130000 0.30580000 0.14290000
vn 0.94960000 0.27890000 0.14290000
vn 0.89060000 0.26150000 0.37200000
vn 0.96810000 0.20580000 0.14290000
vn 0.97190000 0.18730000 0.14290000
vn 0.91140000 0.17570000 0.37210000
vn 0.98430000 0.10350000 0.14290000
vn 0.98530000 0.09410000 0.14290000
vn 0.92400000 0.08820000 0.37210000
vn -0.00000000 -0.00000000 1.00000000
vn 0.00010000 -0.00000000 1.00000000
vn 0.21880000 0.08760000 0.97180000
vn 0.20950000 0.10800000 0.97180000
vn 0.42520000 0.17030000 0.88890000
vn -0.00000000 0.00010000 1.00000000
vn -0.00000000 -0.00000000 1.00000000
vn 0.03350000 0.23330000 0.97180000
vn 0.01120000 0.23540000 0.97180000
vn 0.06520000 0.45340000 0.88890000
vn -0.00000000 -0.00000000 1.00000000
vn -0.00000000 -0.00000000 1.00000000
vn -0.18520000 0.14570000 0.97180000
vn -0.19820000 0.12740000 0.97180000
vn -0.36010000 0.28310000 0.88890000
vn -0.00000000 -0.00000000 1.00000000
vn -0.00000000 -0.00000000 1.00000000
vn 0.22610000 0.06640000 0.97180000
vn 0.21880000 0.08760000 0.97180000
vn 0.43950000 0.12900000 0.88890000
vn 0.42530000 0.17020000 0.88890000
vn 0.62810000 0.18440000 0.75590000
vn -0.00000000 -0.00000000 1.00000000
vn -0.00000000 -0.00000000 1.00000000
vn 0.05560000 0.22900000 0.97180000
vn 0.03350000 0.23330000 0.97180000
vn 0.10800000 0.44520000 0.88890000
vn 0.06520000 0.45340000 0.88890000
vn 0.15430000 0.63620000 0.75590000
vn -0.00000000 -0.00000000 1.00000000
vn -0.00000000 -0.00000000 1.00000000
vn -0.17060000 0.16260000 0.97180000
vn -0.18530000 0.14570000 0.97180000
vn -0.33150000 0.31610000 0.88890000
vn -0.36010000 0.28320000 0.88890000
vn -0.47380000 0.45170000 0.75590000
vn 0.00010000 -0.00000000 1.00000000
vn -0.00000000 -0.00000000 1.00000000
vn 0.23140000 0.04460000 0.97180000
vn 0.22610000 0.06640000 0.97180000
vn 0.44980000 0.08670000 0.88890000
vn 0.43950000 0.12900000 0.88890000
vn 0.64280000 0.12390000 0.75590000
vn 0.62810000 0.18440000 0.75590000
vn 0.79960000 0.15410000 0.58040000
vn -0.00000000 -0.00000000 1.00000000
vn -0.00000000 -0.00000000 1.00000000
vn 0.07710000 0.22270000 0.97180000
vn 0.05560000 0.22900000 0.97180000
vn 0.14980000 0.43290000 0.88890000
vn 0.10800000 0.44510000 0.88890000
vn 0.21410000 0.61860000 0.75590000
vn 0.15430000 0.63620000 0.75590000
vn 0.26630000 0.76960000 0.58040000
vn -0.00000000 -0.00000000 1.00000000
vn -0.00000000 -0.00000000 1.00000000
vn -0.15430000 0.17810000 0.97180000
vn -0.17060000 0.16260000 0.97180000
vn -0.30000000 0.34620000 0.88890000
vn -0.33150000 0.31610000 0.88890000
vn -0.42870000 0.49480000 0.75590000
vn -0.47380000 0.45180000 0.75590000
vn -0.53330000 0.61540000 0.58040000
vn -0.00000000 -0.00000000 1.00000000
vn -0.00000000 -0.00000000 1.00000000
vn 0.23460000 0.02240000 0.97180000
vn 0.23140000 0.04460000 0.97180000
vn 0.45600000 0.04350000 0.88890000
vn 0.44980000 0.08670000 0.88890000
vn 0.65170000 0.06220000 0.75590000
vn 0.64280000 0.12390000 0.75590000
vn 0.81070000 0.07740000 0.58040000
vn 0.79960000 0.15410000 0.58040000
vn 0.92400000 0.08820000 0.37210000
vn -0.00000000 0.00010000 1.00000000
vn -0.00000000 -0.00000000 1.00000000
vn 0.09790000 0.21440000 0.97180000
vn 0.07710000 0.22270000 0.97180000
vn 0.19030000 0.41670000 0.88890000
vn 0.14980000 0.43290000 0.88890000
vn 0.27200000 0.59550000 0.75590000
vn 0.21410000 0.61870000 0.75590000
vn 0.33830000 0.74080000 0.58040000
vn 0.26640000 0.76960000 0.58040000
vn 0.38560000 0.84430000 0.37210000
vn -0.00000000 -0.00000000 1.00000000
vn -0.00000000 -0.00000000 1.00000000
vn -0.13670000 0.19200000 0.97180000
vn -0.15430000 0.17810000 0.97180000
vn -0.26570000 0.37310000 0.88890000
vn -0.29990000 0.34620000 0.88890000
vn -0.37970000 0.53330000 0.75590000
vn -0.42870000 0.49480000 0.75590000
vn -0.47240000 0.66340000 0.58040000
vn -0.53330000 0.61550000 0.58040000
vn -0.53840000 0.75610000 0.37210000
vn 0.72380000 0.37320000 0.58030000
vn 0.82500000 0.42530000 0.37210000
vn 0.86170000 0.34500000 0.37210000
vn 0.03880000 0.81340000 0.58030000
vn 0.04420000 0.92710000 0.37210000
vn 0.13210000 0.91870000 0.37210000
vn -0.68510000 0.44030000 0.58030000
vn -0.78080000 0.50180000 0.37210000
vn -0.72960000 0.57380000 0.37210000
vn 0.00010000 -0.00000000 1.00000000
vn -0.00000000 -0.00000000 1.00000000
vn 0.23570000 -0.00000000 0.97180000
vn 0.23460000 0.02240000 0.97180000
vn 0.45810000 -0.00000000 0.88890000
vn 0.45600000 0.04350000 0.88890000
vn 0.65470000 -0.00000000 0.75590000
vn 0.65170000 0.06220000 0.75590000
vn 0.81440000 -0.00000000 0.58040000
vn 0.81070000 0.07740000 0.58040000
vn 0.92820000 -0.00000000 0.37210000
vn 0.92400000 0.08820000 0.37210000
vn 0.98970000 -0.00000000 0.14290000
vn 0.98530000 0.09410000 0.14290000
vn 0.20950000 0.10800000 0.97180000
vn 0.40710000 0.20990000 0.88890000
vn 0.42530000 0.17030000 0.88890000
vn 0.60780000 0.24330000 0.75590000
vn 0.62810000 0.18440000 0.75590000
vn 0.78140000 0.22940000 0.58040000
vn 0.79970000 0.15410000 0.58030000
vn 0.91140000 0.17570000 0.37210000
vn 0.92400000 0.08820000 0.37210000
vn 0.97190000 0.18730000 0.14290000
vn 0.98430000 0.10350000 0.14290000
vn 0.40720000 0.20990000 0.88890000
vn 0.58190000 0.30000000 0.75590000
vn 0.60780000 0.24330000 0.75590000
vn 0.75600000 0.30270000 0.58040000
vn 0.78140000 0.22940000 0.58030000
vn 0.89060000 0.26150000 0.37210000
vn 0.91140000 0.17570000 0.37210000
vn 0.94970000 0.27880000 0.14290000
vn 0.96810000 0.20580000 0.14290000
vn 0.58190000 0.30000000 0.75590000
vn 0.72380000 0.37320000 0.58040000
vn 0.75610000 0.30270000 0.58030000
vn 0.86170000 0.34500000 0.37210000
vn 0.89060000 0.26150000 0.37210000
vn 0.91880000 0.36780000 0.14290000
vn 0.94130000 0.30590000 0.14290000
vn 0.80070000 0.58180000 0.14290000
vn 0.83260000 0.53510000 0.14290000
vn 0.78090000 0.50180000 0.37210000
vn 0.82500000 0.42530000 0.37210000
vn 0.68510000 0.44030000 0.58040000
vn 0.72380000 0.37320000 0.58040000
vn 0.55070000 0.35390000 0.75590000
vn 0.58190000 0.30000000 0.75590000
vn 0.38540000 0.24760000 0.88890000
vn 0.40710000 0.20990000 0.88890000
vn 0.19830000 0.12740000 0.97180000
vn 0.20950000 0.10800000 0.97180000
vn -0.00000000 -0.00000000 1.00000000
vn -0.00000000 -0.00000000 1.00000000
vn 0.83260000 0.53510000 0.14290000
vn 0.85710000 0.49490000 0.14290000
vn 0.82500000 0.42530000 0.37200000
vn 0.87970000 0.45350000 0.14290000
vn 0.86170000 0.34500000 0.37210000
vn 0.90420000 0.40260000 0.14290000
vn 0.91880000 0.36790000 0.14290000
vn 0.77800000 0.61180000 0.14290000
vn 0.80070000 0.58180000 0.14290000
vn 0.72960000 0.57380000 0.37210000
vn 0.78080000 0.50180000 0.37210000
vn 0.64010000 0.50340000 0.58040000
vn 0.68510000 0.44030000 0.58040000
vn 0.51460000 0.40460000 0.75590000
vn 0.55070000 0.35390000 0.75590000
vn 0.36010000 0.28310000 0.88890000
vn 0.38540000 0.24760000 0.88890000
vn 0.18520000 0.14570000 0.97180000
vn 0.19830000 0.12740000 0.97180000
vn -0.00000000 -0.00000000 1.00000000
vn -0.00000000 -0.00000000 1.00000000
vn 0.71630000 0.68300000 0.14290000
vn 0.73550000 0.66230000 0.14290000
vn 0.67180000 0.64050000 0.37210000
vn 0.72960000 0.57380000 0.37210000
vn 0.58940000 0.56200000 0.58040000
vn 0.64010000 0.50340000 0.58040000
vn 0.47380000 0.45180000 0.75590000
vn 0.51460000 0.40470000 0.75590000
vn 0.33150000 0.31610000 0.88890000
vn 0.36010000 0.28310000 0.88890000
vn 0.17060000 0.16260000 0.97180000
vn 0.18530000 0.14570000 0.97180000
vn -0.00000000 -0.00000000 1.00000000
vn -0.00000000 -0.00000000 1.00000000
vn 0.64810000 0.74800000 0.14290000
vn 0.66230000 0.73550000 0.14290000
vn 0.60780000 0.70150000 0.37210000
vn 0.67180000 0.64050000 0.37210000
vn 0.53330000 0.61550000 0.58040000
vn 0.58940000 0.56200000 0.58040000
vn 0.42870000 0.49470000 0.75590000
vn 0.47380000 0.45180000 0.75590000
vn 0.30000000 0.34620000 0.88890000
vn 0.33150000 0.31610000 0.88890000
vn 0.15430000 0.17810000 0.97180000
vn 0.17060000 0.16260000 0.97180000
vn -0.00000000 -0.00000000 1.00000000
vn -0.00000000 -0.00000000 1.00000000
vn 0.57410000 0.80620000 0.14290000
vn 0.58180000 0.80070000 0.14290000
vn 0.53840000 0.75610000 0.37210000
vn 0.60780000 0.70150000 0.37210000
vn 0.47240000 0.66340000 0.58040000
vn 0.53330000 0.61550000 0.58040000
vn 0.37980000 0.53320000 0.75590000
vn 0.42870000 0.49480000 0.75590000
vn 0.26570000 0.37310000 0.88890000
vn 0.30000000 0.34620000 0.88890000
vn 0.13670000 0.19200000 0.97180000
vn 0.15430000 0.17810000 0.97180000
vn -0.00000000 -0.00000000 1.00000000
vn -0.00000000 -0.00000000 1.00000000
vn -0.00000000 -0.00000000 1.00000000
vn -0.00000000 -0.00000000 1.00000000
vn 0.13670000 0.19200000 0.97180000
vn 0.11780000 0.20410000 0.97180000
vn 0.26570000 0.37310000 0.88890000
vn 0.22910000 0.39670000 0.88890000
vn 0.37970000 0.53330000 0.75590000
vn 0.32730000 0.56700000 0.75590000
vn 0.47240000 0.66340000 0.58040000
vn 0.40720000 0.70530000 0.58040000
vn 0.53840000 0.75610000 0.37210000
vn 0.46410000 0.80380000 0.37210000
vn 0.57410000 0.80620000 0.14290000
vn 0.49490000 0.85710000 0.14290000
vn -0.00000000 -0.00000000 1.00000000
vn -0.00000000 -0.00000000 1.00000000
vn 0.11780000 0.20410000 0.97180000
vn 0.09790000 0.21440000 0.97180000
vn 0.22900000 0.39670000 0.88890000
vn 0.19030000 0.41670000 0.88890000
vn 0.32730000 0.56690000 0.75590000
vn 0.27200000 0.59550000 0.75590000
vn 0.40720000 0.70530000 0.58040000
vn 0.33830000 0.74080000 0.58040000
vn 0.46410000 0.80380000 0.37210000
vn 0.38560000 0.84430000 0.37210000
vn 0.49490000 0.85710000 0.14290000
vn 0.41120000 0.90030000 0.14290000
vn 0.01120000 0.23540000 0.97180000
vn 0.02180000 0.45750000 0.88890000
vn 0.06520000 0.45340000 0.88890000
vn 0.09320000 0.64800000 0.75590000
vn 0.15430000 0.63620000 0.75590000
vn 0.19200000 0.79140000 0.58040000
vn 0.26640000 0.76960000 0.58030000
vn 0.30360000 0.87710000 0.37210000
vn 0.38560000 0.84430000 0.37210000
vn 0.32370000 0.93530000 0.14290000
vn 0.40250000 0.90420000 0.14290000
vn 0.02180000 0.45760000 0.88890000
vn 0.03120000 0.65390000 0.75590000
vn 0.09320000 0.64800000 0.75590000
vn 0.11590000 0.80600000 0.58040000
vn 0.19200000 0.79140000 0.58030000
vn 0.21880000 0.90200000 0.37210000
vn 0.30360000 0.87720000 0.37210000
vn 0.23330000 0.96180000 0.14290000
vn 0.30580000 0.94130000 0.14290000
vn 0.03120000 0.65390000 0.75590000
vn 0.03880000 0.81340000 0.58040000
vn 0.11590000 0.80610000 0.58040000
vn 0.13210000 0.91870000 0.37210000
vn 0.21880000 0.90200000 0.37210000
vn 0.14090000 0.97970000 0.14290000
vn 0.20580000 0.96810000 0.14290000
vn -0.10350000 0.98430000 0.14290000
vn -0.04710000 0.98860000 0.14290000
vn -0.04420000 0.92720000 0.37210000
vn 0.04410000 0.92710000 0.37210000
vn -0.03880000 0.81340000 0.58040000
vn 0.03870000 0.81340000 0.58040000
vn -0.03120000 0.65390000 0.75590000
vn 0.03120000 0.65390000 0.75590000
vn -0.02180000 0.45750000 0.88890000
vn 0.02180000 0.45750000 0.88890000
vn -0.01120000 0.23540000 0.97180000
vn 0.01120000 0.23540000 0.97180000
vn -0.00000000 -0.00000000 1.00000000
vn -0.00000000 -0.00000000 1.00000000
vn -0.04710000 0.98860000 0.14290000
vn -0.00000000 0.98970000 0.14290000
vn 0.04420000 0.92720000 0.37200000
vn 0.04710000 0.98860000 0.14290000
vn 0.13210000 0.91880000 0.37210000
vn 0.10340000 0.98430000 0.14290000
vn 0.14080000 0.97970000 0.14290000
vn -0.14080000 0.97970000 0.14290000
vn -0.10350000 0.98430000 0.14290000
vn -0.13210000 0.91880000 0.37210000
vn -0.04420000 0.92710000 0.37210000
vn -0.11590000 0.80610000 0.58040000
vn -0.03880000 0.81340000 0.58040000
vn -0.09320000 0.64800000 0.75590000
vn -0.03110000 0.65390000 0.75590000
vn -0.06520000 0.45340000 0.88890000
vn -0.02180000 0.45750000 0.88890000
vn -0.03360000 0.23330000 0.97180000
vn -0.01120000 0.23540000 0.97180000
vn -0.00000000 -0.00000000 1.00000000
vn -0.00000000 -0.00000000 1.00000000
vn -0.23330000 0.96180000 0.14290000
vn -0.20580000 0.96810000 0.14290000
vn -0.21880000 0.90200000 0.37210000
vn -0.13210000 0.91870000 0.37210000
vn -0.19200000 0.79140000 0.58040000
vn -0.11590000 0.80610000 0.58040000
vn -0.15430000 0.63620000 0.75590000
vn -0.09320000 0.64800000 0.75590000
vn -0.10800000 0.44520000 0.88890000
vn -0.06520000 0.45340000 0.88890000
vn -0.05560000 0.22900000 0.97180000
vn -0.03350000 0.23330000 0.97180000
vn -0.00000000 0.00010000 1.00000000
vn -0.00000000 0.00010000 1.00000000
vn -0.32370000 0.93530000 0.14290000
vn -0.30580000 0.94130000 0.14290000
vn -0.30360000 0.87710000 0.37210000
vn -0.21880000 0.90200000 0.37210000
vn -0.26640000 0.76960000 0.58040000
vn -0.19200000 0.79140000 0.58040000
vn -0.21410000 0.61870000 0.75590000
vn -0.15430000 0.63620000 0.75590000
vn -0.14980000 0.43290000 0.88890000
vn -0.10800000 0.44520000 0.88890000
vn -0.07710000 0.22270000 0.97180000
vn -0.05560000 0.22900000 0.97180000
vn -0.00000000 -0.00000000 1.00000000
vn -0.00000000 -0.00000000 1.00000000
vn -0.41120000 0.90030000 0.14290000
vn -0.40260000 0.90420000 0.14290000
vn -0.38560000 0.84430000 0.37210000
vn -0.30360000 0.87710000 0.37210000
vn -0.33830000 0.74080000 0.58040000
vn -0.26640000 0.76960000 0.58040000
vn -0.27190000 0.59550000 0.75590000
vn -0.21410000 0.61860000 0.75590000
vn -0.19030000 0.41670000 0.88890000
vn -0.14990000 0.43290000 0.88890000
vn -0.09790000 0.21440000 0.97180000
vn -0.07710000 0.22270000 0.97180000
vn -0.00000000 -0.00000000 1.00000000
vn -0.00000000 -0.00000000 1.00000000
vn -0.00000000 -0.00000000 1.00000000
vn -0.00000000 -0.00000000 1.00000000
vn -0.09790000 0.21440000 0.97180000
vn -0.11780000 0.20410000 0.97180000
vn -0.19030000 0.41670000 0.88890000
vn -0.22900000 0.39670000 0.88890000
vn -0.27200000 0.59550000 0.75590000
vn -0.32730000 0.56690000 0.75590000
vn -0.33830000 0.74080000 0.58040000
vn -0.40720000 0.70530000 0.58040000
vn -0.38560000 0.84430000 0.37210000
vn -0.46410000 0.80380000 0.37210000
vn -0.41120000 0.90030000 0.14290000
vn -0.49490000 0.85710000 0.14290000
vn -0.00000000 -0.00000000 1.00000000
vn -0.00000000 -0.00000000 1.00000000
vn -0.11780000 0.20410000 0.97180000
vn -0.13670000 0.19200000 0.97180000
vn -0.22910000 0.39670000 0.88890000
vn -0.26570000 0.37310000 0.88890000
vn -0.32730000 0.56690000 0.75590000
vn -0.37970000 0.53330000 0.75590000
vn -0.40720000 0.70530000 0.58040000
vn -0.47240000 0.66340000 0.58040000
vn -0.46410000 0.80380000 0.37210000
vn -0.53840000 0.75610000 0.37210000
vn -0.49490000 0.85710000 0.14290000
vn -0.57410000 0.80620000 0.14290000
vn -0.19830000 0.12740000 0.97180000
vn -0.38530000 0.24770000 0.88890000
vn -0.36010000 0.28320000 0.88890000
vn -0.51460000 0.40470000 0.75590000
vn -0.47380000 0.45180000 0.75590000
vn -0.58940000 0.56200000 0.58040000
vn -0.53330000 0.61550000 0.58030000
vn -0.60780000 0.70150000 0.37210000
vn -0.53840000 0.75610000 0.37210000
vn -0.64810000 0.74800000 0.14290000
vn -0.58180000 0.80070000 0.14290000
vn -0.38540000 0.24770000 0.88890000
vn -0.55070000 0.35390000 0.75590000
vn -0.51460000 0.40470000 0.75590000
vn -0.64010000 0.50340000 0.58040000
vn -0.58940000 0.56200000 0.58030000
vn -0.67180000 0.64050000 0.37210000
vn -0.60790000 0.70150000 0.37210000
vn -0.71630000 0.68300000 0.14290000
vn -0.66230000 0.73550000 0.14290000
vn -0.55070000 0.35390000 0.75590000
vn -0.68510000 0.44030000 0.58040000
vn -0.64020000 0.50340000 0.58030000
vn -0.72960000 0.57380000 0.37210000
vn -0.67180000 0.64050000 0.37210000
vn -0.77800000 0.61180000 0.14290000
vn -0.73550000 0.66230000 0.14290000
vn -0.90420000 0.40260000 0.14290000
vn -0.87970000 0.45350000 0.14290000
vn -0.82500000 0.42530000 0.37210000
vn -0.78090000 0.50180000 0.37210000
vn -0.72380000 0.37320000 0.58040000
vn -0.68510000 0.44030000 0.58040000
vn -0.58190000 0.30000000 0.75590000
vn -0.55070000 0.35390000 0.75590000
vn -0.40710000 0.20990000 0.88890000
vn -0.38530000 0.24770000 0.88890000
vn -0.20950000 0.10800000 0.97180000
vn -0.19830000 0.12740000 0.97180000
vn -0.00000000 -0.00000000 1.00000000
vn -0.00000000 -0.00000000 1.00000000
vn -0.87970000 0.45350000 0.14290000
vn -0.85710000 0.49490000 0.14290000
vn -0.78090000 0.50180000 0.37200000
vn -0.83260000 0.53510000 0.14290000
vn -0.72960000 0.57380000 0.37210000
vn -0.80070000 0.58170000 0.14290000
vn -0.77800000 0.61180000 0.14290000
vn -0.91880000 0.36790000 0.14290000
vn -0.90420000 0.40260000 0.14290000
vn -0.86170000 0.34500000 0.37210000
vn -0.82500000 0.42530000 0.37210000
vn -0.75600000 0.30270000 0.58040000
vn -0.72380000 0.37320000 0.58040000
vn -0.60780000 0.24330000 0.75590000
vn -0.58190000 0.30000000 0.75590000
vn -0.42520000 0.17030000 0.88890000
vn -0.40720000 0.20990000 0.88890000
vn -0.21880000 0.08760000 0.97180000
vn -0.20950000 0.10800000 0.97180000
vn -0.00000000 -0.00000000 1.00000000
vn -0.00000000 -0.00000000 1.00000000
vn -0.94960000 0.27890000 0.14290000
vn -0.94130000 0.30580000 0.14290000
vn -0.89060000 0.26150000 0.37210000
vn -0.86170000 0.34500000 0.37210000
vn -0.78140000 0.22940000 0.58040000
vn -0.75600000 0.30270000 0.58040000
vn -0.62810000 0.18440000 0.75590000
vn -0.60780000 0.24330000 0.75590000
vn -0.43950000 0.12910000 0.88890000
vn -0.42520000 0.17030000 0.88890000
vn -0.22610000 0.06640000 0.97180000
vn -0.21880000 0.08760000 0.97180000
vn -0.00000000 -0.00000000 1.00000000
vn -0.00000000 -0.00000000 1.00000000
vn -0.97190000 0.18730000 0.14290000
vn -0.96810000 0.20580000 0.14290000
vn -0.91140000 0.17570000 0.37210000
vn -0.89060000 0.26150000 0.37210000
vn -0.79960000 0.15410000 0.58040000
vn -0.78140000 0.22940000 0.58040000
vn -0.64280000 0.12390000 0.75590000
vn -0.62810000 0.18440000 0.75590000
vn -0.44980000 0.08670000 0.88890000
vn -0.43950000 0.12910000 0.88890000
vn -0.23140000 0.04460000 0.97180000
vn -0.22610000 0.06640000 0.97180000
vn -0.00000000 -0.00000000 1.00000000
vn -0.00000000 -0.00000000 1.00000000
vn -0.98530000 0.09410000 0.14290000
vn -0.98430000 0.10350000 0.14290000
vn -0.92400000 0.08820000 0.37210000
vn -0.91140000 0.17560000 0.37210000
vn -0.81070000 0.07740000 0.58040000
vn -0.79960000 0.15410000 0.58040000
vn -0.65170000 0.06230000 0.75590000
vn -0.64280000 0.12390000 0.75590000
vn -0.45600000 0.04360000 0.88890000
vn -0.44980000 0.08670000 0.88890000
vn -0.23460000 0.02240000 0.97180000
vn -0.23140000 0.04460000 0.97180000
vn -0.00000000 -0.00000000 1.00000000
vn -0.00000000 -0.00000000 1.00000000
vn -0.00010000 -0.00000000 1.00000000
vn -0.00000000 -0.00000000 1.00000000
vn -0.23460000 0.02240000 0.97180000
vn -0.23570000 -0.00000000 0.97180000
vn -0.45600000 0.04360000 0.88890000
vn -0.45810000 -0.00000000 0.88890000
vn -0.65170000 0.06220000 0.75590000
vn -0.65470000 -0.00000000 0.75590000
vn -0.81070000 0.07740000 0.58040000
vn -0.81440000 -0.00000000 0.58040000
vn -0.92400000 0.08820000 0.37210000
vn -0.92820000 -0.00000000 0.37210000
vn -0.98530000 0.09410000 0.14290000
vn -0.98970000 -0.00000000 0.14290000
vn 0.58780000 0.80900000 -0.00000000
vn 0.70710000 0.70710000 -0.00000000
vn 0.55560000 0.83150000 -0.00000000
vn 0.70710000 0.70710000 -0.00000000
vn 0.58780000 0.80900000 -0.00000000
vn 0.55550000 0.83150000 -0.00000000
vn 0.45400000 0.89100000 -0.00000000
vn 0.38270000 0.92390000 -0.00000000
vn 0.38270000 0.92390000 -0.00000000
vn 0.38270000 0.92390000 -0.00000000
vn 0.38270000 0.92390000 -0.00000000
vn 0.30900000 0.95110000 -0.00000000
vn 0.19510000 0.98080000 -0.00010000
vn 0.15640000 0.98770000 0.00010000
vn -0.00000000 1.00000000 -0.00000000
vn -0.00000000 1.00000000 -0.00000000
vn 1.00000000 -0.00000000 -0.00000000
vn 1.00000000 -0.00000000 -0.00000000
vn 0.98080000 0.19500000 -0.00000000
vn 0.70710000 0.70710000 -0.00000000
vn 0.70710000 0.70710000 -0.00000000
vn 0.80900000 0.58780000 -0.00000000
vn 0.70710000 0.70710000 -0.00000000
vn 0.80900000 0.58780000 -0.00000000
vn 0.83150000 0.55560000 -0.00010000
vn 0.89100000 0.45400000 -0.00000000
vn 0.92390000 0.38270000 -0.00000000
vn 0.89100000 0.45400000 -0.00000000
vn 0.92390000 0.38270000 -0.00000000
vn 0.92390000 0.38270000 -0.00000000
vn 0.95110000 0.30900000 -0.00000000
vn 0.98080000 0.19510000 -0.00000000
vn 0.98770000 0.15640000 -0.00000000
vn 1.00000000 -0.00000000 -0.00000000
vn 0.80900000 -0.58780000 -0.00000000
vn 0.70710000 -0.70710000 -0.00000000
vn 0.83150000 -0.55560000 -0.00000000
vn 0.70710000 -0.70710000 -0.00000000
vn 0.80900000 -0.58780000 -0.00000000
vn 0.83150000 -0.55550000 -0.00000000
vn 0.89100000 -0.45400000 -0.00000000
vn 0.92390000 -0.38270000 -0.00000000
vn 0.92390000 -0.38270000 -0.00000000
vn 0.92390000 -0.38270000 -0.00000000
vn 0.92390000 -0.38270000 -0.00000000
vn 0.95110000 -0.30900000 -0.00000000
vn 0.98080000 -0.19510000 -0.00010000
vn 0.98770000 -0.15640000 0.00010000
vn 1.00000000 -0.00000000 -0.00000000
vn 1.00000000 -0.00000000 -0.00000000
vn -0.00000000 -1.00000000 -0.00000000
vn -0.00000000 -1.00000000 -0.00000000
vn 0.19500000 -0.98080000 -0.00000000
vn 0.70710000 -0.70710000 -0.00000000
vn 0.70710000 -0.70710000 -0.00000000
vn 0.58780000 -0.80900000 -0.00000000
vn 0.70710000 -0.70710000 -0.00000000
vn 0.58780000 -0.80900000 -0.00000000
vn 0.55560000 -0.83150000 -0.00010000
vn 0.45400000 -0.89100000 -0.00000000
vn 0.38270000 -0.92390000 -0.00000000
vn 0.45400000 -0.89100000 -0.00000000
vn 0.38270000 -0.92390000 -0.00000000
vn 0.38270000 -0.92390000 -0.00000000
vn 0.30900000 -0.95110000 -0.00000000
vn 0.19510000 -0.98080000 -0.00000000
vn 0.15640000 -0.98770000 -0.00000000
vn -0.00000000 -1.00000000 -0.00000000
vn -0.58780000 -0.80900000 -0.00000000
vn -0.70710000 -0.70710000 -0.00000000
vn -0.55560000 -0.83150000 -0.00000000
vn -0.70710000 -0.70710000 -0.00000000
vn -0.58780000 -0.80900000 -0.00000000
vn -0.55550000 -0.83150000 -0.00000000
vn -0.45400000 -0.89100000 -0.00000000
vn -0.38270000 -0.92390000 -0.00000000
vn -0.38270000 -0.92390000 -0.00000000
vn -0.38270000 -0.92390000 -0.00000000
vn -0.38270000 -0.92390000 -0.00000000
vn -0.30900000 -0.95110000 -0.00000000
vn -0.19510000 -0.98080000 -0.00010000
vn -0.15640000 -0.98770000 0.00010000
vn -0.00000000 -1.00000000 -0.00000000
vn -0.00000000 -1.00000000 -0.00000000
vn -1.00000000 -0.00000000 -0.00000000
vn -1.00000000 -0.00000000 -0.00000000
vn -0.98080000 -0.19500000 -0.00000000
vn -0.70710000 -0.70710000 -0.00000000
vn -0.70710000 -0.70710000 -0.00000000
vn -0.80900000 -0.58780000 -0.00000000
vn -0.70710000 -0.70710000 -0.00000000
vn -0.80900000 -0.58780000 -0.00000000
vn -0.83150000 -0.55560000 -0.00010000
vn -0.89100000 -0.45400000 -0.00000000
vn -0.92390000 -0.38270000 -0.00000000
vn -0.89100000 -0.45400000 -0.00000000
vn -0.92390000 -0.38270000 -0.00000000
vn -0.92390000 -0.38270000 -0.00000000
vn -0.95110000 -0.30900000 -0.00000000
vn -0.98080000 -0.19510000 -0.00000000
vn -0.98770000 -0.15630000 -0.00010000
vn -1.00000000 -0.00000000 -0.00000000
vn -0.80900000 0.58780000 -0.00000000
vn -0.70710000 0.70710000 -0.00000000
vn -0.83150000 0.55560000 -0.00000000
vn -0.70710000 0.70710000 -0.00000000
vn -0.80900000 0.58780000 -0.00000000
vn -0.83150000 0.55550000 -0.00000000
vn -0.89100000 0.45400000 -0.00000000
vn -0.92390000 0.38270000 -0.00000000
vn -0.92390000 0.38270000 -0.00000000
vn -0.92390000 0.38270000 -0.00000000
vn -0.92390000 0.38270000 -0.00000000
vn -0.95110000 0.30900000 -0.00000000
vn -0.98080000 0.19510000 -0.00010000
vn -0.98770000 0.15640000 0.00010000
vn -1.00000000 -0.00000000 -0.00000000
vn -1.00000000 -0.00000000 -0.00000000
vn -0.00000000 1.00000000 -0.00000000
vn -0.00000000 1.00000000 -0.00000000
vn -0.19500000 0.98080000 -0.00000000
vn -0.70710000 0.70710000 -0.00000000
vn -0.70710000 0.70710000 -0.00000000
vn -0.58780000 0.80900000 -0.00000000
vn -0.70710000 0.70710000 -0.00000000
vn -0.58780000 0.80900000 -0.00000000
vn -0.55560000 0.83150000 -0.00010000
vn -0.45400000 0.89100000 -0.00000000
vn -0.38270000 0.92390000 -0.00000000
vn -0.45400000 0.89100000 -0.00000000
vn -0.38270000 0.92390000 -0.00000000
vn -0.38270000 0.92390000 -0.00000000
vn -0.30900000 0.95110000 -0.00000000
vn -0.19510000 0.98080000 -0.00000000
vn -0.15630000 0.98770000 -0.00010000
vn -0.00000000 1.00000000 -0.00000000
vn 0.57310000 -0.78870000 0.22250000
vn 0.58780000 -0.80900000 -0.00000000
vn 0.70710000 -0.70710000 -0.00000000
vn 0.38270000 -0.92390000 -0.00000000
vn 0.45400000 -0.89100000 -0.00000000
vn 0.44260000 -0.86870000 0.22250000
vn -0.00000000 -1.00000000 -0.00000000
vn 0.15640000 -0.98770000 -0.00000000
vn -0.00000000 -0.97490000 0.22250000
vn 0.15250000 -0.96290000 0.22250000
vn -0.00000000 -0.96590000 0.25880000
vn 0.14090000 -0.88990000 0.43390000
vn 0.70710000 -0.70710000 -0.00000000
vn 0.68940000 -0.68940000 0.22250000
vn 0.57310000 -0.78870000 0.22250000
vn 0.68300000 -0.68300000 0.25880000
vn 0.52960000 -0.72890000 0.43390000
vn 0.12230000 -0.77220000 0.62350000
vn -0.00000000 -0.86600000 0.50000000
vn 0.14090000 -0.88990000 0.43390000
vn -0.00000000 -0.90100000 0.43390000
vn -0.00000000 -0.96590000 0.25880000
vn 0.68300000 -0.68300000 0.25880000
vn 0.63710000 -0.63710000 0.43390000
vn 0.52960000 -0.72890000 0.43390000
vn 0.61240000 -0.61240000 0.50000000
vn 0.45960000 -0.63250000 0.62350000
vn 0.09750000 -0.61590000 0.78180000
vn -0.00000000 -0.70710000 0.70710000
vn 0.12230000 -0.77220000 0.62350000
vn -0.00000000 -0.78180000 0.62350000
vn -0.00000000 -0.86600000 0.50000000
vn 0.61240000 -0.61240000 0.50000000
vn 0.55280000 -0.55290000 0.62350000
vn 0.45950000 -0.63250000 0.62350000
vn 0.50000000 -0.50000000 0.70710000
vn 0.36650000 -0.50440000 0.78180000
vn -0.00000000 -0.25890000 0.96590000
vn -0.00000000 -0.43390000 0.90100000
vn 0.06790000 -0.42850000 0.90100000
vn -0.00000000 -0.50000000 0.86600000
vn 0.09750000 -0.61580000 0.78190000
vn -0.00000000 -0.62350000 0.78180000
vn -0.00000000 -0.70710000 0.70710000
vn 0.15650000 -0.98770000 -0.00000000
vn 0.30900000 -0.95110000 -0.00000000
vn 0.15250000 -0.96290000 0.22250000
vn 0.30120000 -0.92720000 0.22250000
vn 0.14100000 -0.88990000 0.43390000
vn 0.27840000 -0.85690000 0.43390000
vn 0.12230000 -0.77220000 0.62350000
vn 0.24160000 -0.74360000 0.62350000
vn 0.09760000 -0.61580000 0.78180000
vn 0.19270000 -0.59300000 0.78180000
vn 0.06790000 -0.42860000 0.90100000
vn 0.13410000 -0.41270000 0.90100000
vn 0.30900000 -0.95110000 -0.00000000
vn 0.38270000 -0.92390000 -0.00000000
vn 0.30130000 -0.92720000 0.22250000
vn 0.44260000 -0.86870000 0.22250000
vn 0.27840000 -0.85690000 0.43390000
vn 0.40900000 -0.80280000 0.43390000
vn 0.24160000 -0.74360000 0.62350000
vn 0.35490000 -0.69660000 0.62350000
vn 0.19270000 -0.59300000 0.78180000
vn 0.28300000 -0.55560000 0.78180000
vn 0.13410000 -0.41270000 0.90100000
vn 0.19700000 -0.38660000 0.90100000
vn 0.45400000 -0.89100000 -0.00000000
vn 0.58780000 -0.80900000 -0.00000000
vn 0.44260000 -0.86870000 0.22250000
vn 0.57300000 -0.78870000 0.22250000
vn 0.40900000 -0.80280000 0.43390000
vn 0.52960000 -0.72890000 0.43390000
vn 0.35500000 -0.69660000 0.62350000
vn 0.45950000 -0.63250000 0.62350000
vn 0.28310000 -0.55550000 0.78180000
vn 0.36640000 -0.50440000 0.78180000
vn 0.19700000 -0.38660000 0.90100000
vn 0.25500000 -0.35100000 0.90100000
vn -0.00000000 -0.00000000 1.00000000
vn -0.00000000 -0.22250000 0.97490000
vn 0.03480000 -0.21980000 0.97490000
vn -0.00000000 -0.25880000 0.96590000
vn 0.50000000 -0.50000000 0.70710000
vn 0.44090000 -0.44090000 0.78180000
vn 0.36650000 -0.50440000 0.78190000
vn 0.35350000 -0.35360000 0.86600000
vn 0.25500000 -0.35100000 0.90100000
vn 0.30680000 -0.30680000 0.90100000
vn 0.18300000 -0.18310000 0.96590000
vn -0.00000000 -0.25890000 0.96590000
vn 0.06790000 -0.42850000 0.90100000
vn 0.03480000 -0.21980000 0.97490000
vn 0.13410000 -0.41260000 0.90100000
vn 0.06880000 -0.21160000 0.97490000
vn 0.19700000 -0.38660000 0.90100000
vn 0.10100000 -0.19830000 0.97490000
vn 0.25500000 -0.35100000 0.90100000
vn 0.13080000 -0.18000000 0.97490000
vn 0.18300000 -0.18300000 0.96590000
vn 0.15730000 -0.15740000 0.97490000
vn -0.00000000 -0.00000000 1.00000000
vn 0.03480000 -0.21970000 0.97490000
vn -0.00000000 -0.00000000 1.00000000
vn 0.06880000 -0.21160000 0.97490000
vn -0.00000000 -0.00000000 1.00000000
vn 0.10100000 -0.19830000 0.97490000
vn -0.00000000 -0.00000000 1.00000000
vn 0.13080000 -0.18000000 0.97490000
vn -0.00000000 -0.00000000 1.00000000
vn 0.15730000 -0.15730000 0.97490000
vn -0.00000000 -0.00000000 1.00000000
vn 0.70710000 -0.70710000 -0.00000000
vn 0.70710000 -0.70710000 -0.00000000
vn 0.68940000 -0.68940000 0.22250000
vn 0.68940000 -0.68940000 0.22250000
vn 0.68300000 -0.68300000 0.25880000
vn 0.68300000 -0.68300000 0.25880000
vn 0.63710000 -0.63710000 0.43390000
vn 0.63710000 -0.63710000 0.43390000
vn 0.61240000 -0.61240000 0.50000000
vn 0.61240000 -0.61240000 0.50000000
vn 0.55280000 -0.55280000 0.62350000
vn 0.55280000 -0.55280000 0.62350000
vn 0.50000000 -0.50000000 0.70710000
vn 0.50000000 -0.50000000 0.70710000
vn 0.44090000 -0.44090000 0.78180000
vn 0.44090000 -0.44090000 0.78180000
vn 0.35360000 -0.35360000 0.86600000
vn 0.35360000 -0.35360000 0.86600000
vn 0.30680000 -0.30680000 0.90100000
vn 0.30680000 -0.30680000 0.90100000
vn 0.18300000 -0.18300000 0.96590000
vn 0.18300000 -0.18300000 0.96590000
vn 0.15730000 -0.15730000 0.97490000
vn 0.15730000 -0.15740000 0.97490000
vn -0.00000000 -0.00000000 1.00000000
vn -0.00000000 -0.00000000 1.00000000
vn -0.00000000 -1.00000000 -0.00000000
vn -0.00000000 -1.00000000 -0.00000000
vn -0.00000000 -0.97490000 0.22250000
vn -0.00000000 -0.97490000 0.22250000
vn -0.00000000 -0.96590000 0.25880000
vn -0.00000000 -0.96590000 0.25880000
vn -0.00000000 -0.90100000 0.43390000
vn -0.00000000 -0.90100000 0.43390000
vn -0.00000000 -0.86600000 0.50000000
vn -0.00000000 -0.86600000 0.50000000
vn -0.00000000 -0.78180000 0.62350000
vn -0.00000000 -0.78180000 0.62350000
vn -0.00000000 -0.70710000 0.70710000
vn -0.00000000 -0.70710000 0.70710000
vn -0.00000000 -0.62350000 0.78180000
vn -0.00000000 -0.62350000 0.78180000
vn -0.00000000 -0.50000000 0.86600000
vn -0.00000000 -0.50000000 0.86600000
vn -0.00000000 -0.43390000 0.90100000
vn -0.00000000 -0.43390000 0.90100000
vn -0.00000000 -0.25880000 0.96590000
vn -0.00000000 -0.25880000 0.96590000
vn -0.00000000 -0.22250000 0.97490000
vn -0.00000000 -0.22250000 0.97490000
vn -0.00000000 -0.00000000 1.00000000
vn -0.00000000 -0.00000000 1.00000000
vn 0.96290000 -0.15250000 0.22250000
vn 0.98770000 -0.15640000 -0.00000000
vn 1.00000000 -0.00000000 0.00010000
vn 0.92390000 -0.38270000 -0.00000000
vn 0.95110000 -0.30900000 -0.00000000
vn 0.92720000 -0.30130000 0.22250000
vn 0.70710000 -0.70710000 -0.00000000
vn 0.80900000 -0.58780000 -0.00000000
vn 0.68940000 -0.68940000 0.22250000
vn 0.78870000 -0.57310000 0.22250000
vn 0.68300000 -0.68300000 0.25880000
vn 0.72890000 -0.52960000 0.43390000
vn 1.00000000 -0.00000000 -0.00000000
vn 0.97490000 -0.00000000 0.22250000
vn 0.96290000 -0.15250000 0.22250000
vn 0.96590000 -0.00000000 0.25880000
vn 0.88990000 -0.14090000 0.43390000
vn 0.63250000 -0.45960000 0.62350000
vn 0.61240000 -0.61240000 0.50000000
vn 0.72890000 -0.52960000 0.43390000
vn 0.63710000 -0.63710000 0.43390000
vn 0.68300000 -0.68300000 0.25880000
vn 0.96590000 -0.00000000 0.25880000
vn 0.90100000 -0.00000000 0.43390000
vn 0.88990000 -0.14090000 0.43390000
vn 0.86600000 -0.00000000 0.50000000
vn 0.77220000 -0.12230000 0.62350000
vn 0.50440000 -0.36650000 0.78180000
vn 0.50000000 -0.50000000 0.70710000
vn 0.63250000 -0.45950000 0.62350000
vn 0.55290000 -0.55280000 0.62350000
vn 0.61240000 -0.61240000 0.50000000
vn 0.86600000 -0.00000000 0.50000000
vn 0.78180000 -0.00000000 0.62350000
vn 0.77220000 -0.12230000 0.62350000
vn 0.70710000 -0.00000000 0.70710000
vn 0.61580000 -0.09750000 0.78180000
vn 0.18300000 -0.18300000 0.96590000
vn 0.30680000 -0.30680000 0.90100000
vn 0.35100000 -0.25500000 0.90100000
vn 0.35360000 -0.35350000 0.86600000
vn 0.50440000 -0.36650000 0.78190000
vn 0.44090000 -0.44090000 0.78180000
vn 0.50000000 -0.50000000 0.70710000
vn 0.80900000 -0.58780000 -0.00000000
vn 0.89100000 -0.45400000 -0.00000000
vn 0.78870000 -0.57300000 0.22250000
vn 0.86870000 -0.44260000 0.22250000
vn 0.72890000 -0.52960000 0.43390000
vn 0.80280000 -0.40900000 0.43390000
vn 0.63250000 -0.45950000 0.62350000
vn 0.69660000 -0.35500000 0.62350000
vn 0.50440000 -0.36650000 0.78180000
vn 0.55550000 -0.28310000 0.78180000
vn 0.35100000 -0.25500000 0.90100000
vn 0.38660000 -0.19700000 0.90100000
vn 0.89100000 -0.45400000 -0.00000000
vn 0.92390000 -0.38270000 -0.00000000
vn 0.86870000 -0.44260000 0.22250000
vn 0.92720000 -0.30130000 0.22250000
vn 0.80280000 -0.40900000 0.43390000
vn 0.85690000 -0.27840000 0.43390000
vn 0.69660000 -0.35490000 0.62350000
vn 0.74360000 -0.24160000 0.62350000
vn 0.55550000 -0.28300000 0.78180000
vn 0.59300000 -0.19270000 0.78180000
vn 0.38660000 -0.19700000 0.90100000
vn 0.41270000 -0.13410000 0.90100000
vn 0.95110000 -0.30900000 -0.00000000
vn 0.98770000 -0.15650000 -0.00000000
vn 0.92720000 -0.30130000 0.22250000
vn 0.96290000 -0.15250000 0.22250000
vn 0.85690000 -0.27840000 0.43390000
vn 0.88990000 -0.14100000 0.43390000
vn 0.74360000 -0.24160000 0.62350000
vn 0.77220000 -0.12230000 0.62350000
vn 0.59300000 -0.19270000 0.78180000
vn 0.61580000 -0.09750000 0.78180000
vn 0.41270000 -0.13410000 0.90100000
vn 0.42860000 -0.06790000 0.90100000
vn -0.00000000 -0.00000000 1.00000000
vn 0.15730000 -0.15730000 0.97490000
vn 0.18000000 -0.13080000 0.97490000
vn 0.18300000 -0.18300000 0.96590000
vn 0.70710000 -0.00000000 0.70710000
vn 0.62350000 -0.00000000 0.78180000
vn 0.61580000 -0.09750000 0.78190000
vn 0.50000000 -0.00000000 0.86600000
vn 0.42850000 -0.06790000 0.90100000
vn 0.43390000 -0.00000000 0.90100000
vn 0.25890000 -0.00000000 0.96590000
vn 0.18300000 -0.18300000 0.96590000
vn 0.35100000 -0.25500000 0.90100000
vn 0.18000000 -0.13080000 0.97490000
vn 0.38660000 -0.19700000 0.90100000
vn 0.19830000 -0.10100000 0.97490000
vn 0.41260000 -0.13410000 0.90100000
vn 0.21160000 -0.06880000 0.97490000
vn 0.42850000 -0.06790000 0.90100000
vn 0.21980000 -0.03480000 0.97490000
vn 0.25880000 -0.00000000 0.96590000
vn 0.22250000 -0.00000000 0.97490000
vn -0.00000000 -0.00000000 1.00000000
vn 0.18000000 -0.13080000 0.97490000
vn -0.00000000 -0.00000000 1.00000000
vn 0.19830000 -0.10100000 0.97490000
vn -0.00000000 -0.00000000 1.00000000
vn 0.21160000 -0.06880000 0.97490000
vn -0.00000000 -0.00000000 1.00000000
vn 0.21980000 -0.03480000 0.97490000
vn -0.00000000 -0.00000000 1.00000000
vn 0.22250000 -0.00000000 0.97490000
vn -0.00000000 -0.00000000 1.00000000
vn -0.15250000 -0.96290000 0.22250000
vn -0.15640000 -0.98770000 -0.00000000
vn -0.00000000 -1.00000000 -0.00000000
vn -0.38270000 -0.92390000 -0.00000000
vn -0.30900000 -0.95110000 -0.00000000
vn -0.30130000 -0.92720000 0.22250000
vn -0.38270000 -0.92390000 0.00010000
vn -0.30130000 -0.92720000 0.22250000
vn -0.45400000 -0.89100000 -0.00000000
vn -0.68940000 -0.68940000 0.22250000
vn -0.57300000 -0.78870000 0.22250000
vn -0.68300000 -0.68300000 0.25880000
vn -0.52960000 -0.72890000 0.43390000
vn -0.00000000 -1.00000000 -0.00000000
vn -0.00000000 -0.97490000 0.22250000
vn -0.15250000 -0.96290000 0.22250000
vn -0.00000000 -0.96590000 0.25880000
vn -0.14090000 -0.88990000 0.43390000
vn -0.45960000 -0.63250000 0.62350000
vn -0.61240000 -0.61240000 0.50000000
vn -0.52960000 -0.72890000 0.43390000
vn -0.63710000 -0.63710000 0.43390000
vn -0.68300000 -0.68300000 0.25880000
vn -0.00000000 -0.96590000 0.25880000
vn -0.00000000 -0.90100000 0.43390000
vn -0.14090000 -0.88990000 0.43390000
vn -0.00000000 -0.86600000 0.50000000
vn -0.12230000 -0.77220000 0.62350000
vn -0.36650000 -0.50440000 0.78180000
vn -0.50000000 -0.50000000 0.70710000
vn -0.45960000 -0.63250000 0.62350000
vn -0.55280000 -0.55290000 0.62350000
vn -0.61240000 -0.61240000 0.50000000
vn -0.00000000 -0.86600000 0.50000000
vn -0.00000000 -0.78180000 0.62350000
vn -0.12230000 -0.77220000 0.62350000
vn -0.00000000 -0.70710000 0.70710000
vn -0.09750000 -0.61590000 0.78180000
vn -0.18300000 -0.18310000 0.96590000
vn -0.30680000 -0.30680000 0.90100000
vn -0.25500000 -0.35100000 0.90100000
vn -0.35350000 -0.35360000 0.86600000
vn -0.36650000 -0.50440000 0.78180000
vn -0.44090000 -0.44090000 0.78180000
vn -0.50000000 -0.50000000 0.70710000
vn -0.57300000 -0.78870000 0.22250000
vn -0.44260000 -0.86870000 0.22260000
vn -0.52960000 -0.72890000 0.43390000
vn -0.40900000 -0.80280000 0.43390000
vn -0.45950000 -0.63250000 0.62350000
vn -0.35500000 -0.69660000 0.62350000
vn -0.36650000 -0.50440000 0.78180000
vn -0.28310000 -0.55550000 0.78180000
vn -0.25500000 -0.35100000 0.90100000
vn -0.19700000 -0.38660000 0.90100000
vn -0.13410000 -0.41270000 0.90100000
vn -0.19700000 -0.38660000 0.90100000
vn -0.19270000 -0.59300000 0.78180000
vn -0.28300000 -0.55550000 0.78180000
vn -0.24160000 -0.74360000 0.62350000
vn -0.35490000 -0.69660000 0.62350000
vn -0.27840000 -0.85690000 0.43390000
vn -0.40900000 -0.80280000 0.43390000
vn -0.30130000 -0.92720000 0.22250000
vn -0.44260000 -0.86870000 0.22250000
vn -0.45400000 -0.89100000 -0.00000000
vn -0.57310000 -0.78870000 0.22250000
vn -0.58780000 -0.80900000 -0.00000000
vn -0.68940000 -0.68940000 0.22250000
vn -0.70710000 -0.70710000 -0.00000000
vn -0.30900000 -0.95110000 -0.00000000
vn -0.15650000 -0.98770000 -0.00000000
vn -0.30130000 -0.92720000 0.22250000
vn -0.15250000 -0.96290000 0.22250000
vn -0.27840000 -0.85690000 0.43390000
vn -0.14100000 -0.88990000 0.43390000
vn -0.24160000 -0.74360000 0.62350000
vn -0.12230000 -0.77220000 0.62350000
vn -0.19270000 -0.59300000 0.78180000
vn -0.09750000 -0.61580000 0.78180000
vn -0.13410000 -0.41270000 0.90100000
vn -0.06790000 -0.42860000 0.90100000
vn -0.00000000 -0.00000000 1.00000000
vn -0.15730000 -0.15730000 0.97490000
vn -0.13080000 -0.18000000 0.97490000
vn -0.18300000 -0.18300000 0.96590000
vn -0.00000000 -0.70710000 0.70710000
vn -0.00000000 -0.62350000 0.78180000
vn -0.09750000 -0.61580000 0.78190000
vn -0.00000000 -0.50000000 0.86600000
vn -0.06790000 -0.42850000 0.90100000
vn -0.00000000 -0.43390000 0.90100000
vn -0.00000000 -0.25890000 0.96590000
vn -0.18300000 -0.18300000 0.96590000
vn -0.25500000 -0.35100000 0.90100000
vn -0.13080000 -0.18000000 0.97490000
vn -0.19700000 -0.38660000 0.90100000
vn -0.10100000 -0.19830000 0.97490000
vn -0.13410000 -0.41260000 0.90100000
vn -0.06880000 -0.21160000 0.97490000
vn -0.06790000 -0.42850000 0.90100000
vn -0.03480000 -0.21980000 0.97490000
vn -0.00000000 -0.25880000 0.96590000
vn -0.00000000 -0.22250000 0.97490000
vn -0.00000000 -0.00000000 1.00000000
vn -0.13080000 -0.18000000 0.97490000
vn -0.00000000 -0.00000000 1.00000000
vn -0.10100000 -0.19830000 0.97490000
vn -0.00000000 -0.00000000 1.00000000
vn -0.06880000 -0.21160000 0.97490000
vn -0.00000000 -0.00000000 1.00000000
vn -0.03480000 -0.21980000 0.97490000
vn -0.00000000 -0.00000000 1.00000000
vn -0.00000000 -0.22250000 0.97490000
vn -0.00000000 -0.00000000 1.00000000
vn 1.00000000 -0.00000000 -0.00000000
vn 1.00000000 -0.00000000 -0.00000000
vn 0.97490000 -0.00000000 0.22250000
vn 0.96590000 -0.00000000 0.25880000
vn 0.96590000 -0.00000000 0.25880000
vn 0.96590000 -0.00000000 0.25880000
vn 0.96590000 -0.00000000 0.25890000
vn 0.90100000 -0.00000000 0.43390000
vn 0.86610000 -0.00000000 0.50000000
vn 0.86600000 -0.00000000 0.50000000
vn 0.86600000 -0.00000000 0.50000000
vn 0.86600000 -0.00000000 0.50000000
vn 0.78180000 -0.00000000 0.62350000
vn 0.70710000 -0.00000000 0.70710000
vn 0.70710000 -0.00000000 0.70710000
vn 0.70710000 -0.00000000 0.70710000
vn 0.70710000 -0.00000000 0.70710000
vn 0.62350000 -0.00000000 0.78180000
vn 0.50000000 -0.00000000 0.86600000
vn 0.50000000 -0.00000000 0.86600000
vn 0.50000000 -0.00000000 0.86600000
vn 0.50000000 -0.00000000 0.86600000
vn 0.43390000 -0.00000000 0.90100000
vn 0.25890000 -0.00000000 0.96590000
vn 0.25880000 -0.00000000 0.96590000
vn 0.25880000 -0.00000000 0.96590000
vn 0.25880000 -0.00000000 0.96590000
vn 0.22250000 -0.00000000 0.97490000
vn -0.00000000 -0.00000000 1.00000000
vn -0.00000000 -0.00000000 1.00000000
vn -0.70710000 -0.70710000 -0.00000000
vn -0.70710000 -0.70710000 -0.00000000
vn -0.68940000 -0.68940000 0.22250000
vn -0.68940000 -0.68940000 0.22250000
vn -0.68300000 -0.68300000 0.25880000
vn -0.68300000 -0.68300000 0.25880000
vn -0.63710000 -0.63710000 0.43390000
vn -0.63710000 -0.63710000 0.43390000
vn -0.61240000 -0.61240000 0.50000000
vn -0.61240000 -0.61240000 0.50000000
vn -0.55280000 -0.55280000 0.62350000
vn -0.55280000 -0.55280000 0.62350000
vn -0.50000000 -0.50000000 0.70710000
vn -0.50000000 -0.50000000 0.70710000
vn -0.44090000 -0.44090000 0.78180000
vn -0.44090000 -0.44090000 0.78180000
vn -0.35360000 -0.35360000 0.86600000
vn -0.35360000 -0.35360000 0.86600000
vn -0.30680000 -0.30680000 0.90100000
vn -0.30680000 -0.30680000 0.90100000
vn -0.18300000 -0.18300000 0.96590000
vn -0.18300000 -0.18300000 0.96590000
vn -0.15730000 -0.15730000 0.97490000
vn -0.15730000 -0.15730000 0.97490000
vn -0.00000000 -0.00000000 1.00000000
vn -0.00000000 -0.00000000 1.00000000
vn 1.00000000 -0.00000000 -0.00000000
vn 0.97490000 -0.00000000 0.22250000
vn 1.00000000 -0.00000000 -0.00000000
vn 0.96590000 -0.00000000 0.25880000
vn 0.97490000 -0.00000000 0.22250000
vn 0.96590000 -0.00000000 0.25880000
vn 0.96590000 -0.00000000 0.25880000
vn 0.90100000 -0.00000000 0.43390000
vn 0.86600000 -0.00000000 0.50000000
vn 0.90100000 -0.00000000 0.43390000
vn 0.86600000 -0.00000000 0.50000000
vn 0.86600000 -0.00000000 0.50000000
vn 0.78180000 -0.00000000 0.62350000
vn 0.70710000 -0.00000000 0.70710000
vn 0.78180000 -0.00000000 0.62350000
vn 0.70710000 -0.00000000 0.70710000
vn 0.70710000 -0.00000000 0.70710000
vn 0.62350000 -0.00000000 0.78180000
vn 0.50000000 -0.00000000 0.86600000
vn 0.62350000 -0.00000000 0.78180000
vn 0.50000000 -0.00000000 0.86600000
vn 0.50000000 -0.00000000 0.86600000
vn 0.43390000 -0.00000000 0.90100000
vn 0.25890000 -0.00000000 0.96590000
vn -0.00000000 -0.00000000 1.00000000
vn -0.00000000 -0.00000000 1.00000000
vn 0.22250000 -0.00000000 0.97490000
vn 0.25880000 -0.00000000 0.96590000
vn 0.25880000 -0.00000000 0.96590000
vn 0.43390000 -0.00000000 0.90100000
vn -0.78870000 -0.57310000 0.22250000
vn -0.80900000 -0.58780000 -0.00000000
vn -0.70710000 -0.70710000 -0.00000000
vn -0.92390000 -0.38270000 -0.00000000
vn -0.89100000 -0.45400000 -0.00000000
vn -0.86870000 -0.44260000 0.22250000
vn -1.00000000 -0.00000000 -0.00000000
vn -0.98770000 -0.15640000 -0.00000000
vn -0.97490000 -0.00000000 0.22250000
vn -0.96290000 -0.15250000 0.22250000
vn -0.96590000 -0.00000000 0.25880000
vn -0.88990000 -0.14090000 0.43390000
vn -0.70710000 -0.70710000 -0.00000000
vn -0.68940000 -0.68940000 0.22250000
vn -0.78870000 -0.57310000 0.22250000
vn -0.68300000 -0.68300000 0.25880000
vn -0.72890000 -0.52960000 0.43390000
vn -0.77220000 -0.12230000 0.62350000
vn -0.86600000 -0.00000000 0.50000000
vn -0.88990000 -0.14090000 0.43390000
vn -0.90100000 -0.00000000 0.43390000
vn -0.96590000 -0.00000000 0.25880000
vn -0.68300000 -0.68300000 0.25880000
vn -0.63710000 -0.63710000 0.43390000
vn -0.72890000 -0.52960000 0.43390000
vn -0.61240000 -0.61240000 0.50000000
vn -0.63250000 -0.45960000 0.62350000
vn -0.61580000 -0.09750000 0.78180000
vn -0.70710000 -0.00000000 0.70710000
vn -0.77220000 -0.12230000 0.62350000
vn -0.78180000 -0.00000000 0.62350000
vn -0.86600000 -0.00000000 0.50000000
vn -0.61240000 -0.61240000 0.50000000
vn -0.55290000 -0.55280000 0.62350000
vn -0.63250000 -0.45960000 0.62350000
vn -0.50000000 -0.50000000 0.70710000
vn -0.50440000 -0.36650000 0.78180000
vn -0.25890000 -0.00000000 0.96590000
vn -0.43390000 -0.00000000 0.90100000
vn -0.42850000 -0.06790000 0.90100000
vn -0.50000000 -0.00000000 0.86600000
vn -0.61580000 -0.09750000 0.78190000
vn -0.62350000 -0.00000000 0.78180000
vn -0.70710000 -0.00000000 0.70710000
vn -0.98770000 -0.15650000 -0.00000000
vn -0.95110000 -0.30900000 -0.00000000
vn -0.96290000 -0.15250000 0.22250000
vn -0.92720000 -0.30130000 0.22250000
vn -0.88990000 -0.14100000 0.43390000
vn -0.85690000 -0.27840000 0.43390000
vn -0.77220000 -0.12230000 0.62350000
vn -0.74360000 -0.24160000 0.62350000
vn -0.61580000 -0.09760000 0.78180000
vn -0.59300000 -0.19260000 0.78180000
vn -0.42860000 -0.06790000 0.90100000
vn -0.41270000 -0.13410000 0.90100000
vn -0.95110000 -0.30900000 -0.00000000
vn -0.92390000 -0.38270000 -0.00000000
vn -0.92720000 -0.30130000 0.22250000
vn -0.86870000 -0.44260000 0.22250000
vn -0.85690000 -0.27840000 0.43390000
vn -0.80280000 -0.40900000 0.43390000
vn -0.74360000 -0.24160000 0.62350000
vn -0.69660000 -0.35490000 0.62350000
vn -0.59300000 -0.19270000 0.78180000
vn -0.55550000 -0.28310000 0.78180000
vn -0.41270000 -0.13410000 0.90100000
vn -0.38660000 -0.19700000 0.90100000
vn -0.89100000 -0.45400000 -0.00000000
vn -0.80900000 -0.58780000 -0.00000000
vn -0.86870000 -0.44260000 0.22250000
vn -0.78870000 -0.57300000 0.22250000
vn -0.80280000 -0.40900000 0.43390000
vn -0.72890000 -0.52960000 0.43390000
vn -0.69660000 -0.35500000 0.62350000
vn -0.63250000 -0.45950000 0.62350000
vn -0.55550000 -0.28310000 0.78180000
vn -0.50440000 -0.36650000 0.78180000
vn -0.38660000 -0.19700000 0.90100000
vn -0.35100000 -0.25500000 0.90100000
vn -0.00000000 -0.00000000 1.00000000
vn -0.22250000 -0.00000000 0.97490000
vn -0.21980000 -0.03480000 0.97490000
vn -0.25880000 -0.00000000 0.96590000
vn -0.50000000 -0.50000000 0.70710000
vn -0.44090000 -0.44090000 0.78180000
vn -0.50440000 -0.36650000 0.78190000
vn -0.35360000 -0.35350000 0.86600000
vn -0.35100000 -0.25500000 0.90100000
vn -0.30680000 -0.30680000 0.90100000
vn -0.18300000 -0.18300000 0.96590000
vn -0.25880000 -0.00000000 0.96590000
vn -0.42850000 -0.06790000 0.90100000
vn -0.21980000 -0.03480000 0.97490000
vn -0.41260000 -0.13410000 0.90100000
vn -0.21160000 -0.06880000 0.97490000
vn -0.38660000 -0.19700000 0.90100000
vn -0.19830000 -0.10100000 0.97490000
vn -0.35100000 -0.25500000 0.90100000
vn -0.18000000 -0.13080000 0.97490000
vn -0.18300000 -0.18300000 0.96590000
vn -0.15730000 -0.15730000 0.97490000
vn -0.00000000 -0.00000000 1.00000000
vn -0.21970000 -0.03480000 0.97490000
vn -0.00000000 -0.00000000 1.00000000
vn -0.21160000 -0.06880000 0.97490000
vn -0.00000000 -0.00000000 1.00000000
vn -0.19830000 -0.10100000 0.97490000
vn -0.00000000 -0.00000000 1.00000000
vn -0.18000000 -0.13080000 0.97490000
vn -0.00000000 -0.00000000 1.00000000
vn -0.15730000 -0.15730000 0.97490000
vn -0.00000000 -0.00000000 1.00000000
vn 0.78870000 0.57310000 0.22250000
vn 0.80900000 0.58780000 -0.00000000
vn 0.70710000 0.70710000 -0.00000000
vn 0.92390000 0.38270000 -0.00000000
vn 0.89100000 0.45400000 -0.00000000
vn 0.86870000 0.44260000 0.22250000
vn 1.00000000 -0.00000000 -0.00000000
vn 0.98770000 0.15640000 -0.00000000
vn 0.97490000 -0.00000000 0.22250000
vn 0.96290000 0.15250000 0.22250000
vn 0.96590000 -0.00000000 0.25880000
vn 0.88990000 0.14090000 0.43390000
vn 0.70710000 0.70710000 -0.00000000
vn 0.68940000 0.68940000 0.22250000
vn 0.78870000 0.57310000 0.22250000
vn 0.68300000 0.68300000 0.25880000
vn 0.72890000 0.52960000 0.43390000
vn 0.77220000 0.12230000 0.62350000
vn 0.86600000 -0.00000000 0.50000000
vn 0.88990000 0.14090000 0.43390000
vn 0.90100000 -0.00000000 0.43390000
vn 0.96590000 -0.00000000 0.25880000
vn 0.68300000 0.68300000 0.25880000
vn 0.63710000 0.63710000 0.43390000
vn 0.72890000 0.52960000 0.43390000
vn 0.61240000 0.61240000 0.50000000
vn 0.63250000 0.45960000 0.62350000
vn 0.61580000 0.09750000 0.78180000
vn 0.70710000 -0.00000000 0.70710000
vn 0.77220000 0.12230000 0.62350000
vn 0.78180000 -0.00000000 0.62350000
vn 0.86600000 -0.00000000 0.50000000
vn 0.61240000 0.61240000 0.50000000
vn 0.55290000 0.55280000 0.62350000
vn 0.63250000 0.45960000 0.62350000
vn 0.50000000 0.50000000 0.70710000
vn 0.50440000 0.36650000 0.78180000
vn 0.25880000 -0.00000000 0.96590000
vn 0.43390000 -0.00000000 0.90100000
vn 0.42850000 0.06790000 0.90100000
vn 0.50000000 -0.00000000 0.86600000
vn 0.61580000 0.09750000 0.78190000
vn 0.62350000 -0.00000000 0.78180000
vn 0.70710000 -0.00000000 0.70710000
vn 0.98770000 0.15650000 -0.00000000
vn 0.95110000 0.30900000 -0.00000000
vn 0.96290000 0.15250000 0.22250000
vn 0.92720000 0.30130000 0.22250000
vn 0.88990000 0.14100000 0.43390000
vn 0.85690000 0.27840000 0.43390000
vn 0.77220000 0.12230000 0.62350000
vn 0.74360000 0.24160000 0.62350000
vn 0.61580000 0.09760000 0.78180000
vn 0.59300000 0.19260000 0.78180000
vn 0.42850000 0.06790000 0.90100000
vn 0.41270000 0.13410000 0.90100000
vn 0.95110000 0.30900000 -0.00000000
vn 0.92390000 0.38270000 -0.00000000
vn 0.92720000 0.30130000 0.22250000
vn 0.86870000 0.44260000 0.22250000
vn 0.85690000 0.27840000 0.43390000
vn 0.80280000 0.40900000 0.43390000
vn 0.74360000 0.24160000 0.62350000
vn 0.69660000 0.35490000 0.62350000
vn 0.59300000 0.19270000 0.78180000
vn 0.55550000 0.28310000 0.78180000
vn 0.41270000 0.13410000 0.90100000
vn 0.38660000 0.19700000 0.90100000
vn 0.89100000 0.45400000 -0.00000000
vn 0.80900000 0.58780000 -0.00000000
vn 0.86870000 0.44260000 0.22250000
vn 0.78870000 0.57300000 0.22250000
vn 0.80280000 0.40900000 0.43390000
vn 0.72890000 0.52960000 0.43390000
vn 0.69660000 0.35500000 0.62350000
vn 0.63250000 0.45950000 0.62350000
vn 0.55550000 0.28310000 0.78180000
vn 0.50440000 0.36650000 0.78180000
vn 0.38660000 0.19700000 0.90100000
vn 0.35100000 0.25500000 0.90100000
vn -0.00000000 -0.00000000 1.00000000
vn 0.22250000 -0.00000000 0.97490000
vn 0.21980000 0.03480000 0.97490000
vn 0.25880000 -0.00000000 0.96590000
vn 0.50000000 0.50000000 0.70710000
vn 0.44090000 0.44090000 0.78180000
vn 0.50440000 0.36650000 0.78190000
vn 0.35360000 0.35350000 0.86600000
vn 0.35100000 0.25500000 0.90100000
vn 0.30680000 0.30680000 0.90100000
vn 0.18300000 0.18300000 0.96590000
vn 0.25880000 -0.00000000 0.96590000
vn 0.42850000 0.06790000 0.90100000
vn 0.21980000 0.03480000 0.97490000
vn 0.41260000 0.13410000 0.90100000
vn 0.21160000 0.06880000 0.97490000
vn 0.38660000 0.19700000 0.90100000
vn 0.19830000 0.10100000 0.97490000
vn 0.35100000 0.25500000 0.90100000
vn 0.18000000 0.13080000 0.97490000
vn 0.18300000 0.18300000 0.96590000
vn 0.15730000 0.15730000 0.97490000
vn -0.00000000 -0.00000000 1.00000000
vn 0.21970000 0.03480000 0.97490000
vn -0.00000000 -0.00000000 1.00000000
vn 0.21160000 0.06880000 0.97490000
vn -0.00000000 -0.00000000 1.00000000
vn 0.19830000 0.10100000 0.97490000
vn -0.00000000 -0.00000000 1.00000000
vn 0.18000000 0.13080000 0.97490000
vn -0.00000000 -0.00000000 1.00000000
vn 0.15730000 0.15730000 0.97490000
vn -0.00000000 -0.00000000 1.00000000
vn -1.00000000 -0.00000000 -0.00000000
vn -0.97490000 -0.00000000 0.22250000
vn -1.00000000 -0.00000000 -0.00000000
vn -0.96590000 -0.00000000 0.25880000
vn -0.97490000 -0.00000000 0.22250000
vn -0.96590000 -0.00000000 0.25880000
vn -0.96590000 -0.00000000 0.25880000
vn -0.90100000 -0.00000000 0.43390000
vn -0.86600000 -0.00000000 0.50000000
vn -0.90100000 -0.00000000 0.43390000
vn -0.86600000 -0.00000000 0.50000000
vn -0.86600000 -0.00000000 0.50000000
vn -0.78180000 -0.00000000 0.62350000
vn -0.70710000 -0.00000000 0.70710000
vn -0.78180000 -0.00000000 0.62350000
vn -0.70710000 -0.00000000 0.70710000
vn -0.70710000 -0.00000000 0.70710000
vn -0.62350000 -0.00000000 0.78180000
vn -0.50000000 -0.00000000 0.86600000
vn -0.62350000 -0.00000000 0.78180000
vn -0.50000000 -0.00000000 0.86600000
vn -0.50000000 -0.00000000 0.86600000
vn -0.43390000 -0.00000000 0.90100000
vn -0.25890000 -0.00000000 0.96590000
vn -0.00000000 -0.00000000 1.00000000
vn -0.00000000 -0.00000000 1.00000000
vn -0.22250000 -0.00000000 0.97490000
vn -0.25880000 -0.00000000 0.96590000
vn -0.25880000 -0.00000000 0.96590000
vn -0.43390000 -0.00000000 0.90100000
vn 0.70710000 0.70710000 -0.00000000
vn 0.70710000 0.70710000 -0.00000000
vn 0.68940000 0.68940000 0.22250000
vn 0.68940000 0.68940000 0.22250000
vn 0.68300000 0.68300000 0.25880000
vn 0.68300000 0.68300000 0.25880000
vn 0.63710000 0.63710000 0.43390000
vn 0.63710000 0.63710000 0.43390000
vn 0.61240000 0.61240000 0.50000000
vn 0.61240000 0.61240000 0.50000000
vn 0.55280000 0.55280000 0.62350000
vn 0.55280000 0.55280000 0.62350000
vn 0.50000000 0.50000000 0.70710000
vn 0.50000000 0.50000000 0.70710000
vn 0.44090000 0.44090000 0.78180000
vn 0.44090000 0.44090000 0.78180000
vn 0.35360000 0.35360000 0.86600000
vn 0.35360000 0.35360000 0.86600000
vn 0.30680000 0.30680000 0.90100000
vn 0.30680000 0.30680000 0.90100000
vn 0.18300000 0.18300000 0.96590000
vn 0.18300000 0.18300000 0.96590000
vn 0.15730000 0.15730000 0.97490000
vn 0.15740000 0.15730000 0.97490000
vn -0.00000000 -0.00000000 1.00000000
vn -0.00000000 -0.00000000 1.00000000
vn -1.00000000 -0.00000000 -0.00000000
vn -1.00000000 -0.00000000 -0.00000000
vn -0.97490000 -0.00000000 0.22250000
vn -0.96590000 -0.00000000 0.25880000
vn -0.96590000 -0.00000000 0.25880000
vn -0.96590000 -0.00000000 0.25880000
vn -0.96590000 -0.00000000 0.25890000
vn -0.90100000 -0.00000000 0.43390000
vn -0.86610000 -0.00000000 0.50000000
vn -0.86600000 -0.00000000 0.50000000
vn -0.86600000 -0.00000000 0.50000000
vn -0.86600000 -0.00000000 0.50000000
vn -0.78180000 -0.00000000 0.62350000
vn -0.70710000 -0.00000000 0.70710000
vn -0.70710000 -0.00000000 0.70710000
vn -0.70710000 -0.00000000 0.70710000
vn -0.70710000 -0.00000000 0.70710000
vn -0.62350000 -0.00000000 0.78180000
vn -0.50000000 -0.00000000 0.86600000
vn -0.50000000 -0.00000000 0.86600000
vn -0.50000000 -0.00000000 0.86600000
vn -0.50000000 -0.00000000 0.86610000
vn -0.43390000 -0.00000000 0.90100000
vn -0.25890000 -0.00000000 0.96590000
vn -0.25880000 -0.00000000 0.96590000
vn -0.25880000 -0.00000000 0.96590000
vn -0.25880000 -0.00000000 0.96590000
vn -0.22250000 -0.00000000 0.97490000
vn -0.00000000 -0.00000000 1.00000000
vn -0.00000000 -0.00000000 1.00000000
vn 0.15250000 0.96290000 0.22250000
vn 0.15640000 0.98770000 -0.00000000
vn -0.00000000 1.00000000 -0.00000000
vn 0.38270000 0.92390000 -0.00000000
vn 0.30900000 0.95110000 -0.00000000
vn 0.30130000 0.92720000 0.22250000
vn 0.38270000 0.92390000 0.00010000
vn 0.30130000 0.92720000 0.22250000
vn 0.45400000 0.89100000 0.00010000
vn 0.68940000 0.68940000 0.22250000
vn 0.57310000 0.78870000 0.22260000
vn 0.68300000 0.68300000 0.25880000
vn 0.52960000 0.72890000 0.43390000
vn -0.00000000 1.00000000 -0.00000000
vn -0.00000000 0.97490000 0.22250000
vn 0.15250000 0.96290000 0.22250000
vn -0.00000000 0.96590000 0.25880000
vn 0.14090000 0.88990000 0.43380000
vn 0.45960000 0.63250000 0.62350000
vn 0.61240000 0.61240000 0.50000000
vn 0.52960000 0.72890000 0.43390000
vn 0.63710000 0.63710000 0.43390000
vn 0.68300000 0.68300000 0.25880000
vn -0.00000000 0.96590000 0.25880000
vn -0.00000000 0.90100000 0.43390000
vn 0.14090000 0.88990000 0.43390000
vn -0.00000000 0.86600000 0.50000000
vn 0.12230000 0.77220000 0.62350000
vn 0.36650000 0.50440000 0.78180000
vn 0.50000000 0.50000000 0.70710000
vn 0.45960000 0.63250000 0.62350000
vn 0.55280000 0.55290000 0.62350000
vn 0.61240000 0.61240000 0.50000000
vn -0.00000000 0.86600000 0.50000000
vn -0.00000000 0.78180000 0.62350000
vn 0.12230000 0.77220000 0.62350000
vn -0.00000000 0.70710000 0.70710000
vn 0.09750000 0.61580000 0.78180000
vn 0.18300000 0.18310000 0.96590000
vn 0.30680000 0.30680000 0.90100000
vn 0.25500000 0.35100000 0.90100000
vn 0.35350000 0.35360000 0.86600000
vn 0.36650000 0.50440000 0.78190000
vn 0.44090000 0.44090000 0.78180000
vn 0.50000000 0.50000000 0.70710000
vn 0.57300000 0.78870000 0.22250000
vn 0.44260000 0.86870000 0.22250000
vn 0.52960000 0.72890000 0.43390000
vn 0.40900000 0.80280000 0.43390000
vn 0.45950000 0.63250000 0.62350000
vn 0.35490000 0.69660000 0.62350000
vn 0.36650000 0.50440000 0.78180000
vn 0.28300000 0.55550000 0.78180000
vn 0.25500000 0.35100000 0.90100000
vn 0.19700000 0.38660000 0.90100000
vn 0.13410000 0.41270000 0.90100000
vn 0.19700000 0.38660000 0.90100000
vn 0.19270000 0.59300000 0.78180000
vn 0.28300000 0.55550000 0.78180000
vn 0.24160000 0.74360000 0.62350000
vn 0.35490000 0.69660000 0.62350000
vn 0.27840000 0.85690000 0.43390000
vn 0.40900000 0.80280000 0.43390000
vn 0.30130000 0.92720000 0.22250000
vn 0.44260000 0.86870000 0.22250000
vn 0.45400000 0.89100000 -0.00000000
vn 0.57310000 0.78870000 0.22250000
vn 0.58780000 0.80900000 -0.00000000
vn 0.68940000 0.68940000 0.22250000
vn 0.70710000 0.70710000 -0.00000000
vn 0.30900000 0.95110000 -0.00000000
vn 0.15640000 0.98770000 -0.00000000
vn 0.30130000 0.92720000 0.22250000
vn 0.15250000 0.96290000 0.22250000
vn 0.27840000 0.85690000 0.43390000
vn 0.14090000 0.88990000 0.43390000
vn 0.24160000 0.74360000 0.62350000
vn 0.12230000 0.77220000 0.62350000
vn 0.19270000 0.59300000 0.78180000
vn 0.09750000 0.61580000 0.78180000
vn 0.13410000 0.41270000 0.90100000
vn 0.06790000 0.42860000 0.90100000
vn -0.00000000 -0.00000000 1.00000000
vn 0.15730000 0.15730000 0.97490000
vn 0.13080000 0.18000000 0.97490000
vn 0.18300000 0.18300000 0.96590000
vn -0.00000000 0.70710000 0.70710000
vn -0.00000000 0.62350000 0.78180000
vn 0.09750000 0.61580000 0.78190000
vn -0.00000000 0.50000000 0.86600000
vn 0.06790000 0.42850000 0.90100000
vn -0.00000000 0.43390000 0.90100000
vn -0.00000000 0.25890000 0.96590000
vn 0.18300000 0.18300000 0.96590000
vn 0.25500000 0.35100000 0.90100000
vn 0.13080000 0.18000000 0.97490000
vn 0.19700000 0.38660000 0.90100000
vn 0.10100000 0.19830000 0.97490000
vn 0.13410000 0.41260000 0.90100000
vn 0.06880000 0.21160000 0.97490000
vn 0.06790000 0.42850000 0.90100000
vn 0.03480000 0.21980000 0.97490000
vn -0.00000000 0.25880000 0.96590000
vn -0.00000000 0.22250000 0.97490000
vn -0.00000000 -0.00000000 1.00000000
vn 0.13080000 0.18000000 0.97490000
vn -0.00000000 -0.00000000 1.00000000
vn 0.10100000 0.19830000 0.97490000
vn -0.00000000 -0.00000000 1.00000000
vn 0.06880000 0.21160000 0.97490000
vn -0.00000000 -0.00000000 1.00000000
vn 0.03480000 0.21980000 0.97490000
vn -0.00000000 -0.00000000 1.00000000
vn -0.00000000 0.22250000 0.97490000
vn -0.00000000 -0.00000000 1.00000000
vn -0.96290000 0.15250000 0.22250000
vn -0.98770000 0.15640000 -0.00000000
vn -1.00000000 -0.00000000 0.00010000
vn -0.92390000 0.38270000 -0.00000000
vn -0.95110000 0.30900000 -0.00000000
vn -0.92720000 0.30130000 0.22250000
vn -0.70710000 0.70710000 -0.00000000
vn -0.80900000 0.58780000 -0.00000000
vn -0.68940000 0.68940000 0.22250000
vn -0.78870000 0.57310000 0.22250000
vn -0.68300000 0.68300000 0.25880000
vn -0.72890000 0.52960000 0.43390000
vn -1.00000000 -0.00000000 -0.00000000
vn -0.97490000 -0.00000000 0.22250000
vn -0.96290000 0.15250000 0.22250000
vn -0.96590000 -0.00000000 0.25880000
vn -0.88990000 0.14090000 0.43390000
vn -0.63250000 0.45960000 0.62350000
vn -0.61240000 0.61240000 0.50000000
vn -0.72890000 0.52960000 0.43390000
vn -0.63710000 0.63710000 0.43390000
vn -0.68300000 0.68300000 0.25880000
vn -0.96590000 -0.00000000 0.25880000
vn -0.90100000 -0.00000000 0.43390000
vn -0.88990000 0.14090000 0.43390000
vn -0.86600000 -0.00000000 0.50000000
vn -0.77220000 0.12230000 0.62350000
vn -0.50440000 0.36650000 0.78180000
vn -0.50000000 0.50000000 0.70710000
vn -0.63250000 0.45950000 0.62350000
vn -0.55290000 0.55280000 0.62350000
vn -0.61240000 0.61240000 0.50000000
vn -0.86600000 -0.00000000 0.50000000
vn -0.78180000 -0.00000000 0.62350000
vn -0.77220000 0.12230000 0.62350000
vn -0.70710000 -0.00000000 0.70710000
vn -0.61580000 0.09750000 0.78180000
vn -0.18300000 0.18300000 0.96590000
vn -0.30680000 0.30680000 0.90100000
vn -0.35100000 0.25500000 0.90100000
vn -0.35360000 0.35360000 0.86600000
vn -0.50440000 0.36650000 0.78190000
vn -0.44090000 0.44090000 0.78180000
vn -0.50000000 0.50000000 0.70710000
vn -0.80900000 0.58780000 -0.00000000
vn -0.89100000 0.45400000 -0.00000000
vn -0.78870000 0.57300000 0.22250000
vn -0.86870000 0.44260000 0.22250000
vn -0.72890000 0.52960000 0.43390000
vn -0.80280000 0.40900000 0.43390000
vn -0.63250000 0.45950000 0.62350000
vn -0.69660000 0.35500000 0.62350000
vn -0.50440000 0.36650000 0.78180000
vn -0.55550000 0.28300000 0.78180000
vn -0.35100000 0.25500000 0.90100000
vn -0.38660000 0.19700000 0.90100000
vn -0.89100000 0.45400000 -0.00000000
vn -0.92390000 0.38270000 0.00010000
vn -0.86870000 0.44260000 0.22250000
vn -0.92720000 0.30130000 0.22250000
vn -0.80280000 0.40900000 0.43390000
vn -0.85690000 0.27840000 0.43390000
vn -0.69660000 0.35490000 0.62350000
vn -0.74360000 0.24160000 0.62350000
vn -0.55550000 0.28300000 0.78180000
vn -0.59300000 0.19270000 0.78180000
vn -0.38660000 0.19700000 0.90100000
vn -0.41270000 0.13410000 0.90100000
vn -0.95110000 0.30900000 -0.00000000
vn -0.98770000 0.15650000 -0.00000000
vn -0.92720000 0.30130000 0.22250000
vn -0.96290000 0.15250000 0.22250000
vn -0.85690000 0.27840000 0.43390000
vn -0.88990000 0.14100000 0.43390000
vn -0.74360000 0.24160000 0.62350000
vn -0.77220000 0.12230000 0.62350000
vn -0.59300000 0.19270000 0.78180000
vn -0.61580000 0.09750000 0.78180000
vn -0.41270000 0.13410000 0.90100000
vn -0.42860000 0.06790000 0.90100000
vn -0.00000000 -0.00000000 1.00000000
vn -0.15730000 0.15730000 0.97490000
vn -0.18000000 0.13080000 0.97490000
vn -0.18300000 0.18300000 0.96590000
vn -0.70710000 -0.00000000 0.70710000
vn -0.62350000 -0.00000000 0.78180000
vn -0.61580000 0.09750000 0.78190000
vn -0.50000000 -0.00000000 0.86600000
vn -0.42850000 0.06790000 0.90100000
vn -0.43390000 -0.00000000 0.90100000
vn -0.25880000 -0.00000000 0.96590000
vn -0.18300000 0.18300000 0.96590000
vn -0.35100000 0.25500000 0.90100000
vn -0.18000000 0.13080000 0.97490000
vn -0.38660000 0.19700000 0.90100000
vn -0.19830000 0.10100000 0.97490000
vn -0.41260000 0.13410000 0.90100000
vn -0.21170000 0.06880000 0.97490000
vn -0.42850000 0.06790000 0.90100000
vn -0.21980000 0.03480000 0.97490000
vn -0.25880000 -0.00000000 0.96590000
vn -0.22250000 -0.00000000 0.97490000
vn -0.00000000 -0.00000000 1.00000000
vn -0.18000000 0.13080000 0.97490000
vn -0.00000000 -0.00000000 1.00000000
vn -0.19830000 0.10100000 0.97490000
vn -0.00000000 -0.00000000 1.00000000
vn -0.21160000 0.06880000 0.97490000
vn -0.00000000 -0.00000000 1.00000000
vn -0.21980000 0.03480000 0.97490000
vn -0.00000000 -0.00000000 1.00000000
vn -0.22250000 -0.00000000 0.97490000
vn -0.00000000 -0.00000000 1.00000000
vn -0.00000000 1.00000000 -0.00000000
vn -0.00000000 1.00000000 -0.00000000
vn -0.00000000 0.97490000 0.22250000
vn -0.00000000 0.97490000 0.22250000
vn -0.00000000 0.96590000 0.25880000
vn -0.00000000 0.96590000 0.25880000
vn -0.00000000 0.90100000 0.43390000
vn -0.00000000 0.90100000 0.43390000
vn -0.00000000 0.86600000 0.50000000
vn -0.00000000 0.86600000 0.50000000
vn -0.00000000 0.78180000 0.62350000
vn -0.00000000 0.78180000 0.62350000
vn -0.00000000 0.70710000 0.70710000
vn -0.00000000 0.70710000 0.70710000
vn -0.00000000 0.62350000 0.78180000
vn -0.00000000 0.62350000 0.78180000
vn -0.00000000 0.50000000 0.86600000
vn -0.00000000 0.50000000 0.86600000
vn -0.00000000 0.43390000 0.90100000
vn -0.00000000 0.43390000 0.90100000
vn -0.00000000 0.25880000 0.96590000
vn -0.00000000 0.25880000 0.96590000
vn -0.00000000 0.22250000 0.97490000
vn -0.00000000 0.22250000 0.97490000
vn -0.00000000 -0.00000000 1.00000000
vn -0.00000000 -0.00000000 1.00000000
vn -0.70710000 0.70710000 -0.00000000
vn -0.70710000 0.70710000 -0.00000000
vn -0.68940000 0.68940000 0.22250000
vn -0.68940000 0.68940000 0.22250000
vn -0.68300000 0.68300000 0.25890000
vn -0.68300000 0.68300000 0.25880000
vn -0.63710000 0.63710000 0.43390000
vn -0.63710000 0.63710000 0.43390000
vn -0.61240000 0.61240000 0.50000000
vn -0.61240000 0.61240000 0.50000000
vn -0.55280000 0.55280000 0.62350000
vn -0.55280000 0.55280000 0.62350000
vn -0.50000000 0.50000000 0.70710000
vn -0.50000000 0.50000000 0.70710000
vn -0.44090000 0.44090000 0.78180000
vn -0.44090000 0.44090000 0.78180000
vn -0.35360000 0.35360000 0.86600000
vn -0.35360000 0.35360000 0.86600000
vn -0.30680000 0.30680000 0.90100000
vn -0.30680000 0.30680000 0.90100000
vn -0.18300000 0.18300000 0.96590000
vn -0.18300000 0.18300000 0.96590000
vn -0.15730000 0.15730000 0.97490000
vn -0.15730000 0.15730000 0.97490000
vn -0.00000000 -0.00000000 1.00000000
vn -0.00000000 -0.00000000 1.00000000
vn -0.57310000 0.78870000 0.22250000
vn -0.58780000 0.80900000 -0.00000000
vn -0.70710000 0.70710000 -0.00000000
vn -0.38270000 0.92390000 -0.00000000
vn -0.45400000 0.89100000 -0.00000000
vn -0.44260000 0.86870000 0.22250000
vn -0.00000000 1.00000000 -0.00000000
vn -0.15640000 0.98770000 -0.00000000
vn -0.00000000 0.97490000 0.22250000
vn -0.15250000 0.96290000 0.22250000
vn -0.00000000 0.96590000 0.25880000
vn -0.14090000 0.88990000 0.43380000
vn -0.70710000 0.70710000 -0.00000000
vn -0.68940000 0.68940000 0.22250000
vn -0.57310000 0.78870000 0.22250000
vn -0.68300000 0.68300000 0.25880000
vn -0.52960000 0.72890000 0.43390000
vn -0.12230000 0.77220000 0.62350000
vn -0.00000000 0.86600000 0.50000000
vn -0.14090000 0.88990000 0.43390000
vn -0.00000000 0.90100000 0.43390000
vn -0.00000000 0.96590000 0.25880000
vn -0.68300000 0.68300000 0.25880000
vn -0.63710000 0.63710000 0.43390000
vn -0.52960000 0.72890000 0.43390000
vn -0.61240000 0.61240000 0.50000000
vn -0.45960000 0.63250000 0.62350000
vn -0.09750000 0.61580000 0.78180000
vn -0.00000000 0.70710000 0.70710000
vn -0.12230000 0.77220000 0.62350000
vn -0.00000000 0.78180000 0.62350000
vn -0.00000000 0.86600000 0.50000000
vn -0.61240000 0.61240000 0.50000000
vn -0.55280000 0.55290000 0.62350000
vn -0.45960000 0.63250000 0.62350000
vn -0.50000000 0.50000000 0.70710000
vn -0.36650000 0.50440000 0.78180000
vn -0.00000000 0.25890000 0.96590000
vn -0.00000000 0.43390000 0.90100000
vn -0.06790000 0.42850000 0.90100000
vn -0.00000000 0.50000000 0.86600000
vn -0.09750000 0.61580000 0.78190000
vn -0.00000000 0.62350000 0.78180000
vn -0.00000000 0.70710000 0.70710000
vn -0.15640000 0.98770000 -0.00000000
vn -0.30900000 0.95110000 -0.00000000
vn -0.15250000 0.96290000 0.22250000
vn -0.30120000 0.92720000 0.22250000
vn -0.14100000 0.88990000 0.43390000
vn -0.27840000 0.85690000 0.43390000
vn -0.12230000 0.77220000 0.62350000
vn -0.24160000 0.74360000 0.62350000
vn -0.09750000 0.61580000 0.78180000
vn -0.19270000 0.59300000 0.78180000
vn -0.06790000 0.42850000 0.90100000
vn -0.13410000 0.41270000 0.90100000
vn -0.30900000 0.95110000 -0.00000000
vn -0.38270000 0.92390000 -0.00000000
vn -0.30130000 0.92720000 0.22250000
vn -0.44260000 0.86870000 0.22250000
vn -0.27840000 0.85690000 0.43390000
vn -0.40900000 0.80280000 0.43390000
vn -0.24160000 0.74360000 0.62350000
vn -0.35490000 0.69660000 0.62350000
vn -0.19270000 0.59300000 0.78180000
vn -0.28300000 0.55560000 0.78180000
vn -0.13410000 0.41270000 0.90100000
vn -0.19700000 0.38660000 0.90100000
vn -0.45400000 0.89100000 -0.00000000
vn -0.58780000 0.80900000 -0.00000000
vn -0.44260000 0.86870000 0.22250000
vn -0.57300000 0.78870000 0.22250000
vn -0.40900000 0.80280000 0.43390000
vn -0.52960000 0.72890000 0.43390000
vn -0.35500000 0.69660000 0.62350000
vn -0.45950000 0.63250000 0.62350000
vn -0.28310000 0.55550000 0.78180000
vn -0.36650000 0.50440000 0.78180000
vn -0.19700000 0.38660000 0.90100000
vn -0.25500000 0.35100000 0.90100000
vn -0.00000000 -0.00000000 1.00000000
vn -0.00000000 0.22250000 0.97490000
vn -0.03480000 0.21980000 0.97490000
vn -0.00000000 0.25880000 0.96590000
vn -0.50000000 0.50000000 0.70710000
vn -0.44090000 0.44090000 0.78180000
vn -0.36650000 0.50440000 0.78180000
vn -0.35350000 0.35360000 0.86600000
vn -0.25500000 0.35100000 0.90100000
vn -0.30680000 0.30680000 0.90100000
vn -0.18300000 0.18300000 0.96590000
vn -0.00000000 0.25890000 0.96590000
vn -0.06790000 0.42850000 0.90100000
vn -0.03480000 0.21980000 0.97490000
vn -0.13410000 0.41260000 0.90100000
vn -0.06880000 0.21160000 0.97490000
vn -0.19700000 0.38660000 0.90100000
vn -0.10100000 0.19830000 0.97490000
vn -0.25500000 0.35100000 0.90100000
vn -0.13080000 0.18000000 0.97490000
vn -0.18300000 0.18300000 0.96590000
vn -0.15730000 0.15740000 0.97490000
vn -0.00000000 -0.00000000 1.00000000
vn -0.03480000 0.21970000 0.97490000
vn -0.00000000 -0.00000000 1.00000000
vn -0.06880000 0.21160000 0.97490000
vn -0.00000000 -0.00000000 1.00000000
vn -0.10100000 0.19830000 0.97490000
vn -0.00000000 -0.00000000 1.00000000
vn -0.13080000 0.18000000 0.97490000
vn -0.00000000 -0.00000000 1.00000000
vn -0.15730000 0.15730000 0.97490000
vn -0.00000000 -0.00000000 1.00000000
vt 0.63571400 0.53136000
vt 0.63571400 0.53448600
vt 0.60223900 0.53379600
vt 0.63571400 0.56243700
vt 0.63571400 0.56859300
vt 0.60223900 0.56722200
vt 0.63571400 0.59294800
vt 0.63571400 0.60194900
vt 0.60223900 0.59991100
vt 0.63571400 0.62261700
vt 0.63571400 0.63418800
vt 0.60223900 0.63150500
vt 0.63571400 0.65117600
vt 0.63571400 0.66495700
vt 0.60223900 0.66165900
vt 0.63571400 0.67836500
vt 0.63571400 0.69391900
vt 0.60223900 0.69004200
vt 0.63571400 0.70394000
vt 0.63571400 0.72075600
vt 0.60223900 0.71634200
vt 0.63571400 0.72766700
vt 0.27924400 0.36428600
vt 0.28365800 0.39776100
vt 0.28395200 0.36428600
vt 0.30608100 0.36428600
vt 0.30995800 0.39776100
vt 0.30863100 0.36428600
vt 0.33504300 0.36428600
vt 0.33834100 0.39776100
vt 0.36294900 0.36428600
vt 0.36581200 0.36428600
vt 0.36849500 0.39776100
vt 0.39209600 0.36428600
vt 0.39805100 0.36428600
vt 0.40008900 0.39776100
vt 0.42222000 0.36428600
vt 0.43140700 0.36428600
vt 0.43277800 0.39776100
vt 0.54695200 0.36428600
vt 0.56859300 0.36428600
vt 0.56722200 0.39776100
vt 0.57778000 0.36428600
vt 0.60194900 0.36428600
vt 0.59991100 0.39776100
vt 0.60790400 0.36428600
vt 0.63418800 0.36428600
vt 0.63150500 0.39776100
vt 0.63705100 0.36428600
vt 0.66495700 0.36428600
vt 0.66165900 0.39776100
vt 0.69136900 0.36428600
vt 0.69391900 0.36428600
vt 0.69004200 0.39776100
vt 0.71604800 0.36428600
vt 0.72075600 0.36428600
vt 0.71634200 0.39776100
vt 0.36428600 0.72766700
vt 0.36428600 0.72075600
vt 0.39776100 0.71634200
vt 0.36428600 0.70394000
vt 0.36428600 0.69391900
vt 0.39776100 0.69004200
vt 0.39015600 0.65561300
vt 0.41236900 0.66912100
vt 0.39127900 0.68831000
vt 0.41155900 0.69864200
vt 0.40151800 0.72119500
vt 0.31129800 0.52593600
vt 0.31658700 0.55139000
vt 0.28731000 0.54520900
vt 0.30952400 0.50000000
vt 0.31129800 0.52593600
vt 0.28375000 0.52272900
vt 0.70968900 0.62106400
vt 0.67591400 0.62780900
vt 0.68831000 0.60872100
vt 0.64775400 0.62020700
vt 0.66274600 0.59896800
vt 0.36999000 0.63920700
vt 0.39015600 0.65561300
vt 0.37219100 0.67591400
vt 0.39127900 0.68831000
vt 0.37893600 0.70968900
vt 0.40151800 0.72119500
vt 0.60749200 0.51981200
vt 0.48018800 0.60749200
vt 0.70968900 0.62106400
vt 0.72119500 0.59848200
vt 0.68831000 0.60872100
vt 0.69864200 0.58844100
vt 0.66274600 0.59896800
vt 0.67470700 0.57588600
vt 0.35224600 0.62020700
vt 0.36999000 0.63920700
vt 0.35450400 0.66159000
vt 0.37219100 0.67591400
vt 0.35768100 0.69588600
vt 0.37893600 0.70968900
vt 0.63213900 0.51981200
vt 0.60749200 0.51981200
vt 0.61537500 0.49173300
vt 0.50826700 0.58765600
vt 0.48018800 0.60749200
vt 0.48018800 0.58166700
vt 0.72119500 0.59848200
vt 0.45423700 0.57482200
vt 0.69864200 0.58844100
vt 0.70679900 0.56719300
vt 0.67470700 0.57588600
vt 0.68341300 0.55139000
vt 0.59272700 0.46182000
vt 0.61537500 0.49173300
vt 0.58765600 0.49173300
vt 0.60749200 0.51981200
vt 0.58166700 0.51981200
vt 0.40151800 0.72119500
vt 0.57482200 0.54576300
vt 0.41155900 0.69864200
vt 0.43280700 0.70679900
vt 0.41236900 0.66912100
vt 0.43621300 0.67947800
vt 0.53818000 0.56238800
vt 0.50826700 0.58765600
vt 0.50826700 0.55897600
vt 0.48018800 0.58166700
vt 0.48018800 0.55494600
vt 0.45423700 0.57482200
vt 0.45423700 0.55034100
vt 0.70679900 0.56719300
vt 0.71269000 0.54520900
vt 0.68341300 0.55139000
vt 0.56514600 0.43038600
vt 0.59272700 0.46182000
vt 0.56238800 0.46182000
vt 0.58765600 0.49173300
vt 0.55897600 0.49173300
vt 0.58166700 0.51981200
vt 0.55494600 0.51981200
vt 0.57482200 0.54576300
vt 0.55034100 0.54576300
vt 0.43280700 0.70679900
vt 0.45479100 0.71269000
vt 0.43621300 0.67947800
vt 0.46124600 0.68649200
vt 0.56961400 0.53275300
vt 0.53818000 0.56238800
vt 0.53818000 0.53136600
vt 0.50826700 0.55897600
vt 0.50826700 0.52965100
vt 0.48018800 0.55494600
vt 0.48018800 0.52762500
vt 0.45423700 0.55034100
vt 0.45423700 0.52530900
vt 0.71269000 0.54520900
vt 0.71625000 0.52272900
vt 0.68341300 0.55139000
vt 0.68870200 0.52593600
vt 0.53379600 0.39776100
vt 0.56514600 0.43038600
vt 0.53275300 0.43038600
vt 0.56238800 0.46182000
vt 0.53136600 0.46182000
vt 0.55897600 0.49173300
vt 0.52965100 0.49173300
vt 0.55494600 0.51981200
vt 0.52762500 0.51981200
vt 0.55034100 0.54576300
vt 0.52530900 0.54576300
vt 0.45479100 0.71269000
vt 0.47727100 0.71625000
vt 0.46124600 0.68649200
vt 0.48700100 0.69003200
vt 0.60223900 0.50000000
vt 0.56961400 0.53275300
vt 0.56961400 0.50000000
vt 0.53818000 0.53136600
vt 0.53818000 0.50000000
vt 0.50826700 0.52965100
vt 0.50826700 0.50000000
vt 0.48018800 0.52762500
vt 0.48018800 0.50000000
vt 0.45423700 0.52530900
vt 0.45423700 0.50000000
vt 0.71625000 0.52272900
vt 0.71744100 0.50000000
vt 0.68870200 0.52593600
vt 0.69047600 0.50000000
vt 0.39776100 0.66165900
vt 0.39776100 0.63150500
vt 0.43038600 0.62744500
vt 0.46620400 0.39776100
vt 0.50000000 0.39776100
vt 0.50000000 0.43038600
vt 0.39776100 0.53379600
vt 0.36428600 0.53448600
vt 0.36428600 0.53136000
vt 0.30952400 0.50000000
vt 0.28375000 0.52272900
vt 0.28255900 0.50000000
vt 0.54576300 0.52530900
vt 0.54576300 0.50000000
vt 0.51981200 0.52762500
vt 0.51981200 0.50000000
vt 0.49173300 0.52965100
vt 0.49173300 0.50000000
vt 0.46182000 0.53136600
vt 0.46182000 0.50000000
vt 0.43038600 0.53275300
vt 0.43038600 0.50000000
vt 0.39776100 0.53379600
vt 0.39776100 0.50000000
vt 0.36428600 0.53136000
vt 0.36428600 0.50000000
vt 0.39776100 0.56722200
vt 0.36428600 0.56859300
vt 0.36428600 0.56243700
vt 0.31129800 0.52593600
vt 0.28731000 0.54520900
vt 0.28375000 0.52272900
vt 0.54576300 0.55034100
vt 0.54576300 0.52530900
vt 0.51981200 0.55494600
vt 0.51981200 0.52762500
vt 0.49173300 0.55897600
vt 0.49173300 0.52965100
vt 0.46182000 0.56238800
vt 0.46182000 0.53136600
vt 0.43038600 0.56514600
vt 0.43038600 0.53275300
vt 0.39776100 0.56722200
vt 0.39776100 0.53379600
vt 0.36428600 0.56243700
vt 0.36428600 0.53448600
vt 0.39776100 0.59991100
vt 0.36428600 0.60194900
vt 0.36428600 0.59294800
vt 0.46182000 0.59272700
vt 0.43038600 0.62744500
vt 0.43038600 0.59682600
vt 0.39776100 0.63150500
vt 0.39776100 0.59991100
vt 0.36428600 0.62261700
vt 0.36428600 0.60194900
vt 0.36428600 0.67836500
vt 0.36428600 0.66495700
vt 0.39776100 0.66165900
vt 0.36428600 0.65117600
vt 0.39776100 0.63150500
vt 0.36428600 0.63418800
vt 0.36428600 0.62261700
vt 0.36428600 0.69391900
vt 0.36428600 0.67836500
vt 0.39776100 0.69004200
vt 0.39776100 0.66165900
vt 0.43038600 0.65666800
vt 0.43038600 0.62744500
vt 0.46182000 0.62204900
vt 0.46182000 0.59272700
vt 0.49173300 0.58765600
vt 0.36428600 0.72075600
vt 0.36428600 0.70394000
vt 0.39776100 0.71634200
vt 0.39776100 0.69004200
vt 0.43038600 0.68417400
vt 0.43038600 0.65666800
vt 0.46182000 0.65003500
vt 0.46182000 0.62204900
vt 0.49173300 0.61537500
vt 0.49173300 0.58765600
vt 0.51981200 0.58166700
vt 0.72075600 0.36428600
vt 0.36428600 0.72766700
vt 0.71634200 0.39776100
vt 0.39776100 0.71634200
vt 0.43038600 0.70966200
vt 0.43038600 0.68417400
vt 0.46182000 0.67637600
vt 0.46182000 0.65003500
vt 0.49173300 0.64183000
vt 0.49173300 0.61537500
vt 0.51981200 0.60749200
vt 0.51981200 0.58166700
vt 0.54576300 0.57482200
vt 0.69391900 0.36428600
vt 0.71604800 0.36428600
vt 0.69004200 0.39776100
vt 0.71634200 0.39776100
vt 0.70966200 0.43038600
vt 0.43038600 0.70966200
vt 0.46182000 0.70078600
vt 0.46182000 0.67637600
vt 0.49173300 0.66673100
vt 0.49173300 0.64183000
vt 0.51981200 0.63213900
vt 0.51981200 0.60749200
vt 0.27880500 0.59848200
vt 0.54576300 0.57482200
vt 0.29320100 0.56719300
vt 0.66495700 0.36428600
vt 0.69136900 0.36428600
vt 0.66165900 0.39776100
vt 0.69004200 0.39776100
vt 0.68417400 0.43038600
vt 0.70966200 0.43038600
vt 0.70078600 0.46182000
vt 0.46182000 0.70078600
vt 0.49173300 0.68980500
vt 0.49173300 0.66673100
vt 0.51981200 0.65533900
vt 0.51981200 0.63213900
vt 0.29031100 0.62106400
vt 0.27880500 0.59848200
vt 0.30135800 0.58844100
vt 0.29320100 0.56719300
vt 0.63418800 0.36428600
vt 0.63705100 0.36428600
vt 0.63150500 0.39776100
vt 0.66165900 0.39776100
vt 0.65666800 0.43038600
vt 0.68417400 0.43038600
vt 0.67637600 0.46182000
vt 0.70078600 0.46182000
vt 0.68980500 0.49173300
vt 0.49173300 0.68980500
vt 0.30360300 0.67683700
vt 0.51981200 0.65533900
vt 0.30411400 0.64231900
vt 0.29031100 0.62106400
vt 0.31169000 0.60872100
vt 0.30135800 0.58844100
vt 0.60194900 0.36428600
vt 0.60790400 0.36428600
vt 0.59991100 0.39776100
vt 0.63150500 0.39776100
vt 0.62744500 0.43038600
vt 0.65666800 0.43038600
vt 0.65003500 0.46182000
vt 0.67637600 0.46182000
vt 0.66673100 0.49173300
vt 0.68980500 0.49173300
vt 0.32316300 0.69639700
vt 0.30360300 0.67683700
vt 0.32006400 0.66201500
vt 0.30411400 0.64231900
vt 0.32408600 0.62780900
vt 0.31169000 0.60872100
vt 0.56859300 0.36428600
vt 0.57778000 0.36428600
vt 0.56722200 0.39776100
vt 0.59991100 0.39776100
vt 0.59682600 0.43038600
vt 0.62744500 0.43038600
vt 0.62204900 0.46182000
vt 0.65003500 0.46182000
vt 0.64183000 0.49173300
vt 0.66673100 0.49173300
vt 0.65533900 0.51981200
vt 0.32316300 0.69639700
vt 0.33798500 0.67993600
vt 0.32006400 0.66201500
vt 0.33841000 0.64549600
vt 0.32408600 0.62780900
vt 0.53448600 0.36428600
vt 0.54695200 0.36428600
vt 0.53379600 0.39776100
vt 0.56722200 0.39776100
vt 0.56514600 0.43038600
vt 0.59682600 0.43038600
vt 0.59272700 0.46182000
vt 0.62204900 0.46182000
vt 0.61537500 0.49173300
vt 0.64183000 0.49173300
vt 0.63213900 0.51981200
vt 0.65533900 0.51981200
vt 0.35768100 0.69588600
vt 0.33798500 0.67993600
vt 0.35450400 0.66159000
vt 0.33841000 0.64549600
vt 0.35224600 0.62020700
vt 0.32408600 0.62780900
vt 0.33725400 0.59896800
vt 0.31169000 0.60872100
vt 0.32529300 0.57588600
vt 0.30135800 0.58844100
vt 0.31658700 0.55139000
vt 0.29320100 0.56719300
vt 0.28731000 0.54520900
vt 0.54576300 0.57482200
vt 0.54576300 0.55034100
vt 0.51981200 0.58166700
vt 0.51981200 0.55494600
vt 0.49173300 0.58765600
vt 0.49173300 0.55897600
vt 0.46182000 0.59272700
vt 0.46182000 0.56238800
vt 0.43038600 0.59682600
vt 0.43038600 0.56514600
vt 0.39776100 0.59991100
vt 0.39776100 0.56722200
vt 0.36428600 0.59294800
vt 0.36428600 0.56859300
vt 0.45304800 0.36428600
vt 0.46551500 0.36428600
vt 0.46620400 0.39776100
vt 0.48430200 0.36428600
vt 0.50000000 0.39776100
vt 0.50000000 0.36428600
vt 0.51569800 0.36428600
vt 0.43140700 0.36428600
vt 0.45304800 0.36428600
vt 0.43277800 0.39776100
vt 0.46620400 0.39776100
vt 0.46724700 0.43038600
vt 0.50000000 0.43038600
vt 0.50000000 0.46182000
vt 0.39805100 0.36428600
vt 0.42222000 0.36428600
vt 0.40008900 0.39776100
vt 0.43277800 0.39776100
vt 0.43485400 0.43038600
vt 0.46724700 0.43038600
vt 0.46863400 0.46182000
vt 0.50000000 0.46182000
vt 0.50000000 0.49173300
vt 0.36581200 0.36428600
vt 0.39209600 0.36428600
vt 0.36849500 0.39776100
vt 0.40008900 0.39776100
vt 0.40317400 0.43038600
vt 0.43485400 0.43038600
vt 0.43761200 0.46182000
vt 0.46863400 0.46182000
vt 0.47034900 0.49173300
vt 0.50000000 0.49173300
vt 0.50000000 0.51981200
vt 0.33504300 0.36428600
vt 0.36294900 0.36428600
vt 0.33834100 0.39776100
vt 0.36849500 0.39776100
vt 0.37255500 0.43038600
vt 0.40317400 0.43038600
vt 0.40727300 0.46182000
vt 0.43761200 0.46182000
vt 0.44102400 0.49173300
vt 0.47034900 0.49173300
vt 0.47237500 0.51981200
vt 0.50000000 0.51981200
vt 0.50000000 0.54576300
vt 0.30608100 0.36428600
vt 0.30863100 0.36428600
vt 0.30995800 0.39776100
vt 0.33834100 0.39776100
vt 0.34333200 0.43038600
vt 0.37255500 0.43038600
vt 0.37795100 0.46182000
vt 0.40727300 0.46182000
vt 0.41234400 0.49173300
vt 0.44102400 0.49173300
vt 0.44505300 0.51981200
vt 0.47237500 0.51981200
vt 0.47469100 0.54576300
vt 0.50000000 0.54576300
vt 0.50000000 0.71744100
vt 0.27924400 0.36428600
vt 0.28395200 0.36428600
vt 0.28365800 0.39776100
vt 0.30995800 0.39776100
vt 0.31582600 0.43038600
vt 0.34333200 0.43038600
vt 0.34996500 0.46182000
vt 0.37795100 0.46182000
vt 0.38462500 0.49173300
vt 0.41234400 0.49173300
vt 0.41833400 0.51981200
vt 0.44505300 0.51981200
vt 0.44965900 0.54576300
vt 0.47469100 0.54576300
vt 0.52272900 0.71625000
vt 0.50000000 0.71744100
vt 0.63571400 0.72075600
vt 0.63571400 0.72766700
vt 0.60223900 0.71634200
vt 0.28365800 0.39776100
vt 0.29033800 0.43038600
vt 0.31582600 0.43038600
vt 0.32362400 0.46182000
vt 0.34996500 0.46182000
vt 0.35817000 0.49173300
vt 0.38462500 0.49173300
vt 0.39250800 0.51981200
vt 0.41833400 0.51981200
vt 0.42517800 0.54576300
vt 0.44965900 0.54576300
vt 0.54520900 0.71269000
vt 0.52272900 0.71625000
vt 0.63571400 0.69391900
vt 0.63571400 0.70394000
vt 0.60223900 0.69004200
vt 0.60223900 0.71634200
vt 0.56961400 0.70966200
vt 0.29033800 0.43038600
vt 0.29921400 0.46182000
vt 0.32362400 0.46182000
vt 0.33326900 0.49173300
vt 0.35817000 0.49173300
vt 0.36786100 0.51981200
vt 0.39250800 0.51981200
vt 0.59848200 0.72119500
vt 0.42517800 0.54576300
vt 0.56719300 0.70679900
vt 0.54520900 0.71269000
vt 0.63571400 0.66495700
vt 0.63571400 0.67836500
vt 0.60223900 0.66165900
vt 0.60223900 0.69004200
vt 0.56961400 0.68417400
vt 0.56961400 0.70966200
vt 0.53818000 0.70078600
vt 0.29921400 0.46182000
vt 0.31019500 0.49173300
vt 0.33326900 0.49173300
vt 0.34466100 0.51981200
vt 0.36786100 0.51981200
vt 0.62106400 0.70968900
vt 0.59848200 0.72119500
vt 0.58844100 0.69864200
vt 0.56719300 0.70679900
vt 0.63571400 0.63418800
vt 0.63571400 0.65117600
vt 0.60223900 0.63150500
vt 0.60223900 0.66165900
vt 0.56961400 0.65666800
vt 0.56961400 0.68417400
vt 0.53818000 0.67637600
vt 0.53818000 0.70078600
vt 0.50826700 0.68980500
vt 0.31019500 0.49173300
vt 0.67683700 0.69639700
vt 0.34466100 0.51981200
vt 0.64231900 0.69588600
vt 0.62106400 0.70968900
vt 0.60872100 0.68831000
vt 0.58844100 0.69864200
vt 0.63571400 0.60194900
vt 0.63571400 0.62261700
vt 0.60223900 0.59991100
vt 0.60223900 0.63150500
vt 0.56961400 0.62744500
vt 0.56961400 0.65666800
vt 0.53818000 0.65003500
vt 0.53818000 0.67637600
vt 0.50826700 0.66673100
vt 0.50826700 0.68980500
vt 0.69639700 0.67683700
vt 0.67683700 0.69639700
vt 0.66201500 0.67993600
vt 0.64231900 0.69588600
vt 0.62780900 0.67591400
vt 0.60872100 0.68831000
vt 0.58763100 0.66912100
vt 0.58844100 0.69864200
vt 0.56378700 0.67947800
vt 0.56719300 0.70679900
vt 0.53875400 0.68649200
vt 0.54520900 0.71269000
vt 0.51299900 0.69003200
vt 0.52272900 0.71625000
vt 0.48700100 0.69003200
vt 0.50000000 0.71744100
vt 0.47727100 0.71625000
vt 0.50000000 0.54576300
vt 0.52530900 0.54576300
vt 0.50000000 0.51981200
vt 0.52762500 0.51981200
vt 0.50000000 0.49173300
vt 0.52965100 0.49173300
vt 0.50000000 0.46182000
vt 0.53136600 0.46182000
vt 0.50000000 0.43038600
vt 0.53275300 0.43038600
vt 0.50000000 0.39776100
vt 0.53379600 0.39776100
vt 0.51569800 0.36428600
vt 0.53448600 0.36428600
vt 0.63571400 0.56859300
vt 0.63571400 0.59294800
vt 0.60223900 0.56722200
vt 0.60223900 0.59991100
vt 0.56961400 0.59682600
vt 0.56961400 0.62744500
vt 0.53818000 0.62204900
vt 0.53818000 0.65003500
vt 0.50826700 0.64183000
vt 0.50826700 0.66673100
vt 0.48018800 0.65533900
vt 0.69639700 0.67683700
vt 0.67993600 0.66201500
vt 0.66201500 0.67993600
vt 0.64549600 0.66159000
vt 0.62780900 0.67591400
vt 0.60984400 0.65561300
vt 0.58763100 0.66912100
vt 0.63571400 0.53448600
vt 0.63571400 0.56243700
vt 0.60223900 0.53379600
vt 0.60223900 0.56722200
vt 0.56961400 0.56514600
vt 0.56961400 0.59682600
vt 0.53818000 0.59272700
vt 0.53818000 0.62204900
vt 0.50826700 0.61537500
vt 0.50826700 0.64183000
vt 0.48018800 0.63213900
vt 0.48018800 0.65533900
vt 0.69588600 0.64231900
vt 0.67993600 0.66201500
vt 0.66159000 0.64549600
vt 0.64549600 0.66159000
vt 0.63001000 0.63920700
vt 0.60984400 0.65561300
vt 0.63571400 0.50000000
vt 0.63571400 0.53136000
vt 0.60223900 0.50000000
vt 0.60223900 0.53379600
vt 0.56961400 0.53275300
vt 0.56961400 0.56514600
vt 0.53818000 0.56238800
vt 0.53818000 0.59272700
vt 0.50826700 0.58765600
vt 0.50826700 0.61537500
vt 0.48018800 0.60749200
vt 0.48018800 0.63213900
vt 0.70968900 0.62106400
vt 0.69588600 0.64231900
vt 0.67591400 0.62780900
vt 0.66159000 0.64549600
vt 0.64775400 0.62020700
vt 0.63001000 0.63920700
vt 0.36428600 0.46864000
vt 0.36428600 0.46551500
vt 0.39776100 0.46620400
vt 0.36428600 0.43756300
vt 0.36428600 0.43140700
vt 0.39776100 0.43277800
vt 0.36428600 0.40705200
vt 0.36428600 0.39805100
vt 0.39776100 0.40008900
vt 0.36428600 0.37738300
vt 0.36428600 0.36581200
vt 0.39776100 0.36849500
vt 0.36428600 0.34882400
vt 0.36428600 0.33504300
vt 0.39776100 0.33834100
vt 0.36428600 0.32163500
vt 0.36428600 0.30608100
vt 0.39776100 0.30995800
vt 0.36428600 0.29606000
vt 0.36428600 0.27924400
vt 0.39776100 0.28365800
vt 0.36428600 0.27233300
vt 0.27924400 0.36428600
vt 0.28365800 0.39776100
vt 0.28395200 0.36428600
vt 0.30608100 0.36428600
vt 0.30995800 0.39776100
vt 0.30863100 0.36428600
vt 0.33504300 0.36428600
vt 0.33834100 0.39776100
vt 0.36294900 0.36428600
vt 0.36581200 0.36428600
vt 0.36849500 0.39776100
vt 0.39209600 0.36428600
vt 0.39805100 0.36428600
vt 0.40008900 0.39776100
vt 0.54695200 0.36428600
vt 0.56859300 0.36428600
vt 0.56722200 0.39776100
vt 0.57778000 0.36428600
vt 0.60194900 0.36428600
vt 0.59991100 0.39776100
vt 0.60790400 0.36428600
vt 0.63418800 0.36428600
vt 0.63150500 0.39776100
vt 0.63705100 0.36428600
vt 0.66495700 0.36428600
vt 0.66165900 0.39776100
vt 0.69136900 0.36428600
vt 0.69391900 0.36428600
vt 0.69004200 0.39776100
vt 0.71604800 0.36428600
vt 0.72075600 0.36428600
vt 0.71634200 0.39776100
vt 0.63571400 0.27233300
vt 0.63571400 0.27924400
vt 0.60223900 0.28365800
vt 0.63571400 0.29606000
vt 0.63571400 0.30608100
vt 0.60223900 0.30995800
vt 0.51299900 0.30996800
vt 0.48700100 0.30996800
vt 0.50000000 0.28255900
vt 0.60984400 0.34438700
vt 0.58763100 0.33087900
vt 0.60872100 0.31169000
vt 0.58844100 0.30135800
vt 0.59848200 0.27880500
vt 0.68870200 0.47406300
vt 0.68341300 0.44861000
vt 0.71269000 0.45479100
vt 0.69047600 0.50000000
vt 0.68870200 0.47406300
vt 0.71625000 0.47727100
vt 0.29031100 0.37893600
vt 0.32408600 0.37219100
vt 0.31169000 0.39127900
vt 0.35224600 0.37979300
vt 0.33725400 0.40103200
vt 0.63001000 0.36079300
vt 0.60984400 0.34438700
vt 0.62780900 0.32408600
vt 0.60872100 0.31169000
vt 0.62106400 0.29031100
vt 0.59848200 0.27880500
vt 0.60749200 0.51981200
vt 0.51981200 0.39250800
vt 0.29031100 0.37893600
vt 0.27880500 0.40151800
vt 0.31169000 0.39127900
vt 0.30135800 0.41155900
vt 0.33725400 0.40103200
vt 0.32529300 0.42411400
vt 0.64775400 0.37979300
vt 0.63001000 0.36079300
vt 0.64549600 0.33841000
vt 0.62780900 0.32408600
vt 0.64231900 0.30411400
vt 0.62106400 0.29031100
vt 0.63213900 0.51981200
vt 0.60749200 0.51981200
vt 0.61537500 0.49173300
vt 0.49173300 0.41234400
vt 0.51981200 0.39250800
vt 0.51981200 0.41833400
vt 0.27880500 0.40151800
vt 0.54576300 0.42517800
vt 0.30135800 0.41155900
vt 0.29320100 0.43280700
vt 0.32529300 0.42411400
vt 0.31658700 0.44861000
vt 0.59272700 0.46182000
vt 0.61537500 0.49173300
vt 0.58765600 0.49173300
vt 0.60749200 0.51981200
vt 0.58166700 0.51981200
vt 0.59848200 0.27880500
vt 0.57482200 0.54576300
vt 0.58844100 0.30135800
vt 0.56719300 0.29320100
vt 0.58763100 0.33087900
vt 0.56378700 0.32052200
vt 0.46182000 0.43761200
vt 0.49173300 0.41234400
vt 0.49173300 0.44102400
vt 0.51981200 0.41833400
vt 0.51981200 0.44505300
vt 0.54576300 0.42517800
vt 0.54576300 0.44965900
vt 0.29320100 0.43280700
vt 0.28731000 0.45479100
vt 0.31658700 0.44861000
vt 0.56514600 0.43038600
vt 0.59272700 0.46182000
vt 0.56238800 0.46182000
vt 0.58765600 0.49173300
vt 0.55897600 0.49173300
vt 0.58166700 0.51981200
vt 0.55494600 0.51981200
vt 0.57482200 0.54576300
vt 0.55034100 0.54576300
vt 0.56719300 0.29320100
vt 0.54520900 0.28731000
vt 0.56378700 0.32052200
vt 0.53875400 0.31350800
vt 0.43038600 0.46724700
vt 0.46182000 0.43761200
vt 0.46182000 0.46863400
vt 0.49173300 0.44102400
vt 0.49173300 0.47034900
vt 0.51981200 0.44505300
vt 0.51981200 0.47237500
vt 0.54576300 0.44965900
vt 0.54576300 0.47469100
vt 0.28731000 0.45479100
vt 0.28375000 0.47727100
vt 0.31658700 0.44861000
vt 0.31129800 0.47406300
vt 0.53379600 0.39776100
vt 0.56514600 0.43038600
vt 0.53275300 0.43038600
vt 0.56238800 0.46182000
vt 0.53136600 0.46182000
vt 0.55897600 0.49173300
vt 0.52965100 0.49173300
vt 0.55494600 0.51981200
vt 0.52762500 0.51981200
vt 0.55034100 0.54576300
vt 0.52530900 0.54576300
vt 0.54520900 0.28731000
vt 0.52272900 0.28375000
vt 0.53875400 0.31350800
vt 0.51299900 0.30996800
vt 0.39776100 0.50000000
vt 0.43038600 0.46724700
vt 0.43038600 0.50000000
vt 0.46182000 0.46863400
vt 0.46182000 0.50000000
vt 0.49173300 0.47034900
vt 0.49173300 0.50000000
vt 0.51981200 0.47237500
vt 0.51981200 0.50000000
vt 0.54576300 0.47469100
vt 0.54576300 0.50000000
vt 0.28375000 0.47727100
vt 0.28255900 0.50000000
vt 0.31129800 0.47406300
vt 0.30952400 0.50000000
vt 0.60223900 0.33834100
vt 0.60223900 0.36849500
vt 0.56961400 0.37255500
vt 0.43277800 0.39776100
vt 0.46620400 0.39776100
vt 0.46724700 0.43038600
vt 0.60223900 0.46620400
vt 0.63571400 0.46551500
vt 0.63571400 0.46864000
vt 0.69047600 0.50000000
vt 0.71625000 0.47727100
vt 0.71744100 0.50000000
vt 0.45423700 0.47469100
vt 0.45423700 0.50000000
vt 0.48018800 0.47237500
vt 0.48018800 0.50000000
vt 0.50826700 0.47034900
vt 0.50826700 0.50000000
vt 0.53818000 0.46863400
vt 0.53818000 0.50000000
vt 0.56961400 0.46724700
vt 0.56961400 0.50000000
vt 0.60223900 0.46620400
vt 0.60223900 0.50000000
vt 0.63571400 0.46864000
vt 0.63571400 0.50000000
vt 0.60223900 0.43277800
vt 0.63571400 0.43140700
vt 0.63571400 0.43756300
vt 0.68870200 0.47406300
vt 0.71269000 0.45479100
vt 0.71625000 0.47727100
vt 0.45423700 0.44965900
vt 0.45423700 0.47469100
vt 0.48018800 0.44505300
vt 0.48018800 0.47237500
vt 0.50826700 0.44102400
vt 0.50826700 0.47034900
vt 0.53818000 0.43761200
vt 0.53818000 0.46863400
vt 0.56961400 0.43485400
vt 0.56961400 0.46724700
vt 0.60223900 0.43277800
vt 0.60223900 0.46620400
vt 0.63571400 0.43756300
vt 0.63571400 0.46551500
vt 0.60223900 0.40008900
vt 0.63571400 0.39805100
vt 0.63571400 0.40705200
vt 0.53818000 0.40727400
vt 0.56961400 0.37255500
vt 0.56961400 0.40317400
vt 0.60223900 0.36849500
vt 0.60223900 0.40008900
vt 0.63571400 0.37738300
vt 0.63571400 0.39805100
vt 0.63571400 0.32163500
vt 0.63571400 0.33504300
vt 0.60223900 0.33834100
vt 0.63571400 0.34882400
vt 0.60223900 0.36849500
vt 0.63571400 0.36581200
vt 0.63571400 0.37738300
vt 0.63571400 0.30608100
vt 0.63571400 0.32163500
vt 0.60223900 0.30995800
vt 0.60223900 0.33834100
vt 0.56961400 0.34333200
vt 0.56961400 0.37255500
vt 0.53818000 0.37795100
vt 0.53818000 0.40727400
vt 0.50826700 0.41234400
vt 0.63571400 0.27924400
vt 0.63571400 0.29606000
vt 0.60223900 0.28365800
vt 0.60223900 0.30995800
vt 0.56961400 0.31582600
vt 0.56961400 0.34333200
vt 0.53818000 0.34996500
vt 0.53818000 0.37795100
vt 0.50826700 0.38462500
vt 0.50826700 0.41234400
vt 0.48018800 0.41833400
vt 0.72075600 0.36428600
vt 0.63571400 0.27233300
vt 0.71634200 0.39776100
vt 0.60223900 0.28365800
vt 0.56961400 0.29033800
vt 0.56961400 0.31582600
vt 0.53818000 0.32362400
vt 0.53818000 0.34996500
vt 0.50826700 0.35817000
vt 0.50826700 0.38462500
vt 0.48018800 0.39250800
vt 0.48018800 0.41833400
vt 0.45423700 0.42517800
vt 0.69391900 0.36428600
vt 0.71604800 0.36428600
vt 0.69004200 0.39776100
vt 0.71634200 0.39776100
vt 0.70966200 0.43038600
vt 0.56961400 0.29033800
vt 0.53818000 0.29921400
vt 0.53818000 0.32362400
vt 0.50826700 0.33326900
vt 0.50826700 0.35817000
vt 0.48018800 0.36786100
vt 0.48018800 0.39250800
vt 0.72119500 0.40151800
vt 0.45423700 0.42517800
vt 0.70679900 0.43280700
vt 0.66495700 0.36428600
vt 0.69136900 0.36428600
vt 0.66165900 0.39776100
vt 0.69004200 0.39776100
vt 0.68417400 0.43038600
vt 0.70966200 0.43038600
vt 0.70078600 0.46182000
vt 0.53818000 0.29921400
vt 0.50826700 0.31019500
vt 0.50826700 0.33326900
vt 0.48018800 0.34466100
vt 0.48018800 0.36786100
vt 0.70968900 0.37893600
vt 0.72119500 0.40151800
vt 0.69864200 0.41155900
vt 0.70679900 0.43280700
vt 0.63418800 0.36428600
vt 0.63705100 0.36428600
vt 0.63150500 0.39776100
vt 0.66165900 0.39776100
vt 0.65666800 0.43038600
vt 0.68417400 0.43038600
vt 0.67637600 0.46182000
vt 0.70078600 0.46182000
vt 0.68980500 0.49173300
vt 0.50826700 0.31019500
vt 0.69639700 0.32316300
vt 0.48018800 0.34466100
vt 0.69588600 0.35768100
vt 0.70968900 0.37893600
vt 0.68831000 0.39127900
vt 0.69864200 0.41155900
vt 0.60194900 0.36428600
vt 0.60790400 0.36428600
vt 0.59991100 0.39776100
vt 0.63150500 0.39776100
vt 0.62744500 0.43038600
vt 0.65666800 0.43038600
vt 0.65003500 0.46182000
vt 0.67637600 0.46182000
vt 0.66673100 0.49173300
vt 0.68980500 0.49173300
vt 0.67683700 0.30360300
vt 0.69639700 0.32316300
vt 0.67993600 0.33798500
vt 0.69588600 0.35768100
vt 0.67591400 0.37219100
vt 0.68831000 0.39127900
vt 0.56859300 0.36428600
vt 0.57778000 0.36428600
vt 0.56722200 0.39776100
vt 0.59991100 0.39776100
vt 0.59682600 0.43038600
vt 0.62744500 0.43038600
vt 0.62204900 0.46182000
vt 0.65003500 0.46182000
vt 0.64183000 0.49173300
vt 0.66673100 0.49173300
vt 0.65533900 0.51981200
vt 0.67683700 0.30360300
vt 0.66201500 0.32006400
vt 0.67993600 0.33798500
vt 0.66159000 0.35450400
vt 0.67591400 0.37219100
vt 0.53448600 0.36428600
vt 0.54695200 0.36428600
vt 0.53379600 0.39776100
vt 0.56722200 0.39776100
vt 0.56514600 0.43038600
vt 0.59682600 0.43038600
vt 0.59272700 0.46182000
vt 0.62204900 0.46182000
vt 0.61537500 0.49173300
vt 0.64183000 0.49173300
vt 0.63213900 0.51981200
vt 0.65533900 0.51981200
vt 0.64231900 0.30411400
vt 0.66201500 0.32006400
vt 0.64549600 0.33841000
vt 0.66159000 0.35450400
vt 0.64775400 0.37979300
vt 0.67591400 0.37219100
vt 0.66274600 0.40103200
vt 0.68831000 0.39127900
vt 0.67470700 0.42411400
vt 0.69864200 0.41155900
vt 0.68341300 0.44861000
vt 0.70679900 0.43280700
vt 0.71269000 0.45479100
vt 0.45423700 0.42517800
vt 0.45423700 0.44965900
vt 0.48018800 0.41833400
vt 0.48018800 0.44505300
vt 0.50826700 0.41234400
vt 0.50826700 0.44102400
vt 0.53818000 0.40727400
vt 0.53818000 0.43761200
vt 0.56961400 0.40317400
vt 0.56961400 0.43485400
vt 0.60223900 0.40008900
vt 0.60223900 0.43277800
vt 0.63571400 0.40705200
vt 0.63571400 0.43140700
vt 0.50000000 0.39776100
vt 0.50000000 0.36428600
vt 0.51569800 0.36428600
vt 0.51299900 0.30996800
vt 0.50000000 0.28255900
vt 0.52272900 0.28375000
vt 0.50000000 0.54576300
vt 0.52530900 0.54576300
vt 0.50000000 0.51981200
vt 0.52762500 0.51981200
vt 0.50000000 0.49173300
vt 0.52965100 0.49173300
vt 0.50000000 0.46182000
vt 0.53136600 0.46182000
vt 0.50000000 0.43038600
vt 0.53275300 0.43038600
vt 0.50000000 0.39776100
vt 0.53379600 0.39776100
vt 0.51569800 0.36428600
vt 0.53448600 0.36428600
vt 0.42222000 0.36428600
vt 0.43140700 0.36428600
vt 0.43277800 0.39776100
vt 0.45304800 0.36428600
vt 0.46620400 0.39776100
vt 0.46551500 0.36428600
vt 0.48430200 0.36428600
vt 0.39805100 0.36428600
vt 0.42222000 0.36428600
vt 0.40008900 0.39776100
vt 0.43277800 0.39776100
vt 0.43485400 0.43038600
vt 0.46724700 0.43038600
vt 0.46863400 0.46182000
vt 0.36581200 0.36428600
vt 0.39209600 0.36428600
vt 0.36849500 0.39776100
vt 0.40008900 0.39776100
vt 0.40317400 0.43038600
vt 0.43485400 0.43038600
vt 0.43761200 0.46182000
vt 0.46863400 0.46182000
vt 0.47034900 0.49173300
vt 0.33504300 0.36428600
vt 0.36294900 0.36428600
vt 0.33834100 0.39776100
vt 0.36849500 0.39776100
vt 0.37255500 0.43038600
vt 0.40317400 0.43038600
vt 0.40727300 0.46182000
vt 0.43761200 0.46182000
vt 0.44102400 0.49173300
vt 0.47034900 0.49173300
vt 0.47237500 0.51981200
vt 0.30608100 0.36428600
vt 0.30863100 0.36428600
vt 0.30995800 0.39776100
vt 0.33834100 0.39776100
vt 0.34333200 0.43038600
vt 0.37255500 0.43038600
vt 0.37795100 0.46182000
vt 0.40727300 0.46182000
vt 0.41234400 0.49173300
vt 0.44102400 0.49173300
vt 0.44505300 0.51981200
vt 0.47237500 0.51981200
vt 0.47469100 0.54576300
vt 0.27924400 0.36428600
vt 0.28395200 0.36428600
vt 0.28365800 0.39776100
vt 0.30995800 0.39776100
vt 0.31582600 0.43038600
vt 0.34333200 0.43038600
vt 0.34996500 0.46182000
vt 0.37795100 0.46182000
vt 0.38462500 0.49173300
vt 0.41234400 0.49173300
vt 0.41833400 0.51981200
vt 0.44505300 0.51981200
vt 0.44965900 0.54576300
vt 0.47469100 0.54576300
vt 0.47727100 0.28375000
vt 0.36428600 0.27924400
vt 0.36428600 0.27233300
vt 0.39776100 0.28365800
vt 0.28365800 0.39776100
vt 0.29033800 0.43038600
vt 0.31582600 0.43038600
vt 0.32362400 0.46182000
vt 0.34996500 0.46182000
vt 0.35817000 0.49173300
vt 0.38462500 0.49173300
vt 0.39250800 0.51981200
vt 0.41833400 0.51981200
vt 0.42517800 0.54576300
vt 0.44965900 0.54576300
vt 0.45479100 0.28731000
vt 0.47727100 0.28375000
vt 0.36428600 0.30608100
vt 0.36428600 0.29606000
vt 0.39776100 0.30995800
vt 0.39776100 0.28365800
vt 0.43038600 0.29033800
vt 0.29033800 0.43038600
vt 0.29921400 0.46182000
vt 0.32362400 0.46182000
vt 0.33326900 0.49173300
vt 0.35817000 0.49173300
vt 0.36786100 0.51981200
vt 0.39250800 0.51981200
vt 0.40151800 0.27880500
vt 0.42517800 0.54576300
vt 0.43280700 0.29320100
vt 0.45479100 0.28731000
vt 0.36428600 0.33504300
vt 0.36428600 0.32163500
vt 0.39776100 0.33834100
vt 0.39776100 0.30995800
vt 0.43038600 0.31582600
vt 0.43038600 0.29033800
vt 0.46182000 0.29921400
vt 0.29921400 0.46182000
vt 0.31019500 0.49173300
vt 0.33326900 0.49173300
vt 0.34466100 0.51981200
vt 0.36786100 0.51981200
vt 0.37893600 0.29031100
vt 0.40151800 0.27880500
vt 0.41155900 0.30135800
vt 0.43280700 0.29320100
vt 0.36428600 0.36581200
vt 0.36428600 0.34882400
vt 0.39776100 0.36849500
vt 0.39776100 0.33834100
vt 0.43038600 0.34333200
vt 0.43038600 0.31582600
vt 0.46182000 0.32362400
vt 0.46182000 0.29921400
vt 0.49173300 0.31019500
vt 0.31019500 0.49173300
vt 0.32316300 0.30360300
vt 0.34466100 0.51981200
vt 0.35768100 0.30411400
vt 0.37893600 0.29031100
vt 0.39127900 0.31169000
vt 0.41155900 0.30135800
vt 0.36428600 0.39805100
vt 0.36428600 0.37738300
vt 0.39776100 0.40008900
vt 0.39776100 0.36849500
vt 0.43038600 0.37255500
vt 0.43038600 0.34333200
vt 0.46182000 0.34996500
vt 0.46182000 0.32362400
vt 0.49173300 0.33326900
vt 0.49173300 0.31019500
vt 0.30360300 0.32316300
vt 0.32316300 0.30360300
vt 0.33798500 0.32006400
vt 0.35768100 0.30411400
vt 0.37219100 0.32408600
vt 0.39127900 0.31169000
vt 0.41236900 0.33087900
vt 0.41155900 0.30135800
vt 0.43621300 0.32052200
vt 0.43280700 0.29320100
vt 0.46124600 0.31350800
vt 0.45479100 0.28731000
vt 0.48700100 0.30996800
vt 0.47727100 0.28375000
vt 0.50000000 0.28255900
vt 0.47469100 0.54576300
vt 0.50000000 0.54576300
vt 0.47237500 0.51981200
vt 0.50000000 0.51981200
vt 0.47034900 0.49173300
vt 0.50000000 0.49173300
vt 0.46863400 0.46182000
vt 0.50000000 0.46182000
vt 0.46724700 0.43038600
vt 0.50000000 0.43038600
vt 0.46620400 0.39776100
vt 0.50000000 0.39776100
vt 0.48430200 0.36428600
vt 0.50000000 0.36428600
vt 0.36428600 0.43140700
vt 0.36428600 0.40705200
vt 0.39776100 0.43277800
vt 0.39776100 0.40008900
vt 0.43038600 0.40317400
vt 0.43038600 0.37255500
vt 0.46182000 0.37795100
vt 0.46182000 0.34996500
vt 0.49173300 0.35817000
vt 0.49173300 0.33326900
vt 0.51981200 0.34466100
vt 0.30360300 0.32316300
vt 0.32006400 0.33798500
vt 0.33798500 0.32006400
vt 0.35450400 0.33841000
vt 0.37219100 0.32408600
vt 0.39015600 0.34438700
vt 0.41236900 0.33087900
vt 0.36428600 0.46551500
vt 0.36428600 0.43756300
vt 0.39776100 0.46620400
vt 0.39776100 0.43277800
vt 0.43038600 0.43485400
vt 0.43038600 0.40317400
vt 0.46182000 0.40727400
vt 0.46182000 0.37795100
vt 0.49173300 0.38462500
vt 0.49173300 0.35817000
vt 0.51981200 0.36786100
vt 0.51981200 0.34466100
vt 0.30411400 0.35768100
vt 0.32006400 0.33798500
vt 0.33841000 0.35450400
vt 0.35450400 0.33841000
vt 0.36999000 0.36079300
vt 0.39015600 0.34438700
vt 0.36428600 0.50000000
vt 0.36428600 0.46864000
vt 0.39776100 0.50000000
vt 0.39776100 0.46620400
vt 0.43038600 0.46724700
vt 0.43038600 0.43485400
vt 0.46182000 0.43761200
vt 0.46182000 0.40727400
vt 0.49173300 0.41234400
vt 0.49173300 0.38462500
vt 0.51981200 0.39250800
vt 0.51981200 0.36786100
vt 0.29031100 0.37893600
vt 0.30411400 0.35768100
vt 0.32408600 0.37219100
vt 0.33841000 0.35450400
vt 0.35224600 0.37979300
vt 0.36999000 0.36079300
vt 0.37222200 0.26824600
vt 0.68333300 0.26824600
vt 0.37222200 0.50000000
vt 0.68333300 0.50000000
vt 0.62777800 0.50000000
vt 0.31666700 0.50000000
vt 0.62777800 0.26824600
vt 0.31666700 0.26824600
vt 0.99154200 0.22572600
vt 0.99786500 0.24656900
vt 0.65225800 0.43221100
vt 1.00000000 0.26824600
vt 0.66302500 0.46534800
vt 1.00000000 0.50000000
vt 0.66666700 0.50000000
vt 0.75343100 0.00213500
vt 0.58333300 0.35566200
vt 0.55150300 0.34149100
vt 0.75343100 0.00213500
vt 0.55150300 0.34149100
vt 0.73175400 0.00000000
vt 0.51742100 0.33424600
vt 0.26824600 0.00000000
vt 0.20651600 0.01872600
vt 0.41666700 0.35566200
vt 0.38847800 0.37614300
vt 0.00845800 0.22572600
vt 0.36516400 0.40203600
vt 0.00213500 0.24656900
vt 0.34774200 0.43221100
vt 0.00000000 0.26824600
vt 0.00845800 0.22572600
vt 0.01872600 0.20651600
vt 0.36516400 0.40203600
vt 0.03254400 0.18967900
vt 0.38847800 0.37614300
vt 0.18967900 0.03254400
vt 0.20651600 0.01872600
vt 0.00000000 0.26824600
vt 0.34774200 0.43221100
vt 0.00000000 0.50000000
vt 0.33697500 0.46534800
vt 0.33333300 0.50000000
vt 0.75343100 0.00213500
vt 0.77427500 0.00845800
vt 0.58333300 0.35566200
vt 0.79348400 0.01872600
vt 0.61152200 0.37614300
vt 0.81032200 0.03254400
vt 0.63483600 0.40203600
vt 0.96745600 0.18967900
vt 0.65225800 0.43221100
vt 0.98127400 0.20651600
vt 0.99154200 0.22572600
vt 0.51742100 0.33424600
vt 0.48257900 0.33424600
vt 0.26824600 0.00000000
vt 0.44849700 0.34149100
vt 0.24656900 0.00213500
vt 0.41666700 0.35566200
vt 0.22572600 0.00845800
vt 0.20651600 0.01872600
vt 0.37222200 0.50000000
vt 0.68333300 0.50000000
vt 0.37222200 0.73175400
vt 0.68333300 0.73175400
vt 0.73175400 0.37222200
vt 0.73175400 0.68333300
vt 0.26824600 0.37222200
vt 0.26824600 0.68333300
vt 0.62777800 0.73175400
vt 0.31666700 0.73175400
vt 0.62777800 0.50000000
vt 0.31666700 0.50000000
vt 0.73175400 0.37222200
vt 0.73175400 0.68333300
vt 0.26824600 0.37222200
vt 0.26824600 0.68333300
vt 0.66302500 0.53465200
vt 0.66666700 0.50000000
vt 1.00000000 0.50000000
vt 0.66302500 0.53465200
vt 1.00000000 0.50000000
vt 0.65225800 0.56778900
vt 0.73175400 1.00000000
vt 0.26824600 1.00000000
vt 0.48257900 0.66575400
vt 0.01872600 0.79348400
vt 0.00845800 0.77427500
vt 0.36516400 0.59796400
vt 0.00213500 0.75343100
vt 0.34774200 0.56778900
vt 0.00000000 0.73175400
vt 0.33697500 0.53465200
vt 0.00000000 0.50000000
vt 0.33333300 0.50000000
vt 0.48257900 0.66575400
vt 0.26824600 1.00000000
vt 0.44849700 0.65850900
vt 0.24656900 0.99786500
vt 0.41666700 0.64433700
vt 0.48257900 0.66575400
vt 0.51742100 0.66575400
vt 0.73175400 1.00000000
vt 0.55150300 0.65850900
vt 0.75343100 0.99786500
vt 0.58333300 0.64433700
vt 0.61152200 0.62385700
vt 0.79348400 0.98127400
vt 0.58333300 0.64433700
vt 0.77427500 0.99154200
vt 0.75343100 0.99786500
vt 0.24656900 0.99786500
vt 0.22572600 0.99154200
vt 0.41666700 0.64433700
vt 0.20651600 0.98127400
vt 0.38847800 0.62385700
vt 0.18967900 0.96745600
vt 0.36516400 0.59796400
vt 0.03254400 0.81032200
vt 0.01872600 0.79348400
vt 0.99154200 0.77427500
vt 0.63483600 0.59796400
vt 0.99786500 0.75343100
vt 0.65225800 0.56778900
vt 1.00000000 0.73175400
vt 1.00000000 0.50000000
vt 0.99154200 0.77427500
vt 0.98127400 0.79348400
vt 0.63483600 0.59796400
vt 0.96745600 0.81032200
vt 0.61152200 0.62385700
vt 0.81032200 0.96745600
vt 0.79348400 0.98127400
vt 0.05555600 0.50000000
vt 0.11510000 0.50000000
vt 0.11684300 0.53658700
vt 0.94444400 0.50000000
vt 0.88490000 0.50000000
vt 0.88315700 0.46341300
vt 0.65989300 0.14988200
vt 0.62588900 0.13626900
vt 0.73175400 0.05555600
vt 0.59074400 0.12595000
vt 0.55477700 0.11901700
vt 0.05555600 0.50000000
vt 0.11684300 0.53658700
vt 0.05555600 0.73175400
vt 0.12205600 0.57284300
vt 0.13069100 0.60843900
vt 0.34010700 0.85011800
vt 0.37411200 0.86373100
vt 0.26824600 0.94444400
vt 0.40925600 0.87405000
vt 0.44522300 0.88098300
vt 0.94444400 0.50000000
vt 0.88315700 0.46341300
vt 0.94444400 0.26824600
vt 0.87794500 0.42715700
vt 0.86930900 0.39156100
vt 0.14267100 0.35694700
vt 0.13069100 0.39156100
vt 0.05555600 0.26824600
vt 0.12205600 0.42715700
vt 0.05555600 0.50000000
vt 0.11684300 0.46341300
vt 0.11510000 0.50000000
vt 0.25107800 0.94172500
vt 0.24302400 0.93838900
vt 0.30755000 0.83333300
vt 0.23559100 0.93383400
vt 0.27673600 0.81353000
vt 0.22896200 0.92817300
vt 0.24794400 0.79088800
vt 0.34010700 0.85011800
vt 0.26824600 0.94444400
vt 0.30755000 0.83333300
vt 0.25955500 0.94376100
vt 0.25107800 0.94172500
vt 0.75697600 0.93838900
vt 0.69245000 0.83333300
vt 0.76440900 0.93383400
vt 0.72326400 0.81353000
vt 0.77103800 0.92817300
vt 0.75205600 0.79088800
vt 0.92817300 0.77103800
vt 0.77856500 0.76561200
vt 0.55477700 0.11901700
vt 0.51831400 0.11553600
vt 0.73175400 0.05555600
vt 0.48168600 0.11553600
vt 0.26824600 0.05555600
vt 0.44522300 0.11901700
vt 0.40925600 0.12595000
vt 0.24794400 0.79088800
vt 0.22896200 0.92817300
vt 0.22143500 0.76561200
vt 0.07182700 0.77103800
vt 0.19744800 0.73793000
vt 0.44522300 0.88098300
vt 0.48168600 0.88446400
vt 0.26824600 0.94444400
vt 0.51831400 0.88446400
vt 0.73175400 0.94444400
vt 0.55477700 0.88098300
vt 0.59074400 0.87405000
vt 0.85732900 0.64305300
vt 0.86930900 0.60843900
vt 0.94444400 0.73175400
vt 0.87794500 0.57284300
vt 0.94444400 0.50000000
vt 0.88315700 0.53658700
vt 0.88490000 0.50000000
vt 0.92817300 0.22896200
vt 0.80255200 0.26207100
vt 0.77856500 0.23438900
vt 0.40925600 0.12595000
vt 0.37411200 0.13626900
vt 0.26824600 0.05555600
vt 0.34010700 0.14988200
vt 0.25955500 0.05624000
vt 0.30755000 0.16666700
vt 0.25107800 0.05827500
vt 0.22143500 0.23438900
vt 0.07182700 0.22896200
vt 0.24794400 0.20911200
vt 0.22896200 0.07182700
vt 0.27673600 0.18647000
vt 0.23559100 0.06616600
vt 0.30755000 0.16666700
vt 0.24302400 0.06161100
vt 0.25107800 0.05827500
vt 0.14267100 0.35694700
vt 0.05555600 0.26824600
vt 0.15788700 0.32362800
vt 0.05624000 0.25955500
vt 0.17620100 0.29190700
vt 0.05827500 0.25107800
vt 0.06161100 0.24302400
vt 0.59074400 0.87405000
vt 0.62588900 0.86373100
vt 0.73175400 0.94444400
vt 0.65989300 0.85011800
vt 0.74044500 0.94376100
vt 0.69245000 0.83333300
vt 0.74892200 0.94172500
vt 0.75697600 0.93838900
vt 0.92817300 0.22896200
vt 0.77856500 0.23438900
vt 0.77103800 0.07182700
vt 0.77856500 0.23438900
vt 0.75205600 0.20911200
vt 0.77103800 0.07182700
vt 0.72326400 0.18647000
vt 0.76440900 0.06616600
vt 0.69245000 0.16666700
vt 0.75697600 0.06161100
vt 0.74892200 0.05827500
vt 0.65989300 0.14988200
vt 0.73175400 0.05555600
vt 0.69245000 0.16666700
vt 0.74044500 0.05624000
vt 0.74892200 0.05827500
vt 0.22143500 0.23438900
vt 0.19744800 0.26207100
vt 0.07182700 0.22896200
vt 0.17620100 0.29190700
vt 0.06616600 0.23559100
vt 0.06161100 0.24302400
vt 0.19744800 0.73793000
vt 0.07182700 0.77103800
vt 0.17620100 0.70809300
vt 0.06616600 0.76440900
vt 0.06161100 0.75697600
vt 0.13069100 0.60843900
vt 0.14267100 0.64305300
vt 0.05555600 0.73175400
vt 0.15788700 0.67637200
vt 0.05624000 0.74044500
vt 0.17620100 0.70809300
vt 0.05827500 0.74892200
vt 0.06161100 0.75697600
vt 0.85732900 0.64305300
vt 0.94444400 0.73175400
vt 0.84211300 0.67637200
vt 0.94376100 0.74044500
vt 0.94172500 0.74892200
vt 0.77856500 0.76561200
vt 0.80255200 0.73793000
vt 0.92817300 0.77103800
vt 0.82379900 0.70809300
vt 0.93383400 0.76440900
vt 0.84211300 0.67637200
vt 0.93838900 0.75697600
vt 0.94172500 0.74892200
vt 0.80255200 0.26207100
vt 0.92817300 0.22896200
vt 0.82379900 0.29190700
vt 0.93383400 0.23559100
vt 0.93838900 0.24302400
vt 0.86930900 0.39156100
vt 0.85732900 0.35694700
vt 0.94444400 0.26824600
vt 0.84211300 0.32362800
vt 0.94376100 0.25955500
vt 0.82379900 0.29190700
vt 0.94172500 0.25107800
vt 0.93838900 0.24302400
vt 0.68333300 0.50000000
vt 0.68333300 0.53465200
vt 0.63580900 0.52269500
vt 0.63580900 0.56778900
vt 0.63580900 0.56640000
vt 0.68333300 0.56778900
vt 0.63580900 0.54496600
vt 0.68333300 0.53465200
vt 0.63580900 0.53465200
vt 0.63580900 0.52269500
vt 0.63580900 0.56778900
vt 0.68333300 0.56778900
vt 0.63580900 0.58659700
vt 0.68333300 0.59796400
vt 0.63580900 0.59796400
vt 0.63580900 0.59796400
vt 0.68333300 0.59796400
vt 0.63580900 0.60518100
vt 0.61152200 0.68333300
vt 0.61375900 0.63580900
vt 0.58333300 0.68333300
vt 0.59611300 0.63580900
vt 0.61152200 0.68333300
vt 0.61152200 0.63580900
vt 0.61375900 0.63580900
vt 0.55150300 0.63580900
vt 0.55581300 0.63580900
vt 0.55150300 0.68333300
vt 0.57667800 0.63580900
vt 0.58333300 0.68333300
vt 0.58333300 0.63580900
vt 0.59611300 0.63580900
vt 0.55150300 0.63580900
vt 0.55150300 0.68333300
vt 0.53390900 0.63580900
vt 0.51742100 0.68333300
vt 0.51742100 0.63580900
vt 0.51742100 0.63580900
vt 0.51742100 0.68333300
vt 0.51137400 0.63580900
vt 0.48257900 0.68333300
vt 0.48862600 0.63580900
vt 0.44849700 0.68333300
vt 0.46609100 0.63580900
vt 0.48257900 0.68333300
vt 0.48257900 0.63580900
vt 0.48862600 0.63580900
vt 0.41666700 0.63580900
vt 0.42332200 0.63580900
vt 0.41666700 0.68333300
vt 0.44418700 0.63580900
vt 0.44849700 0.68333300
vt 0.44849700 0.63580900
vt 0.46609100 0.63580900
vt 0.41666700 0.63580900
vt 0.41666700 0.68333300
vt 0.40388700 0.63580900
vt 0.38847800 0.68333300
vt 0.38847800 0.63580900
vt 0.38847800 0.63580900
vt 0.38847800 0.68333300
vt 0.38624100 0.63580900
vt 0.31666700 0.59796400
vt 0.36419100 0.60518100
vt 0.31666700 0.56778900
vt 0.36419100 0.58659700
vt 0.31666700 0.59796400
vt 0.36419100 0.59796400
vt 0.36419100 0.60518100
vt 0.36419100 0.53465200
vt 0.36419100 0.54496600
vt 0.31666700 0.53465200
vt 0.36419100 0.56640000
vt 0.31666700 0.56778900
vt 0.36419100 0.56778900
vt 0.36419100 0.58659700
vt 0.36419100 0.53465200
vt 0.31666700 0.53465200
vt 0.36419100 0.52269500
vt 0.31666700 0.50000000
vt 0.36419100 0.50000000
vt 0.36419100 0.50000000
vt 0.31666700 0.50000000
vt 0.36419100 0.47730600
vt 0.31666700 0.46534800
vt 0.36419100 0.46534800
vt 0.36419100 0.46534800
vt 0.31666700 0.46534800
vt 0.36419100 0.45503400
vt 0.31666700 0.43221100
vt 0.36419100 0.43360000
vt 0.31666700 0.40203600
vt 0.36419100 0.41340300
vt 0.31666700 0.43221100
vt 0.36419100 0.43221100
vt 0.36419100 0.43360000
vt 0.61152200 0.63580900
vt 0.61375900 0.63580900
vt 0.61152200 0.68333300
vt 0.36419100 0.39481900
vt 0.31666700 0.40203600
vt 0.36419100 0.40203600
vt 0.36419100 0.41340300
vt 0.61152200 0.63580900
vt 0.61152200 0.68333300
vt 0.59611300 0.63580900
vt 0.58333300 0.68333300
vt 0.58333300 0.63580900
vt 0.58333300 0.63580900
vt 0.58333300 0.68333300
vt 0.57667800 0.63580900
vt 0.55150300 0.68333300
vt 0.55581300 0.63580900
vt 0.51742100 0.68333300
vt 0.53390900 0.63580900
vt 0.55150300 0.68333300
vt 0.55150300 0.63580900
vt 0.55581300 0.63580900
vt 0.48257900 0.63580900
vt 0.48862600 0.63580900
vt 0.48257900 0.68333300
vt 0.51137400 0.63580900
vt 0.51742100 0.68333300
vt 0.51742100 0.63580900
vt 0.53390900 0.63580900
vt 0.48257900 0.63580900
vt 0.48257900 0.68333300
vt 0.46609100 0.63580900
vt 0.44849700 0.68333300
vt 0.44849700 0.63580900
vt 0.44849700 0.63580900
vt 0.44849700 0.68333300
vt 0.44418700 0.63580900
vt 0.41666700 0.68333300
vt 0.42332200 0.63580900
vt 0.38847800 0.68333300
vt 0.40388700 0.63580900
vt 0.41666700 0.68333300
vt 0.41666700 0.63580900
vt 0.42332200 0.63580900
vt 0.63580900 0.40203600
vt 0.63580900 0.39481900
vt 0.68333300 0.40203600
vt 0.38624100 0.63580900
vt 0.38847800 0.68333300
vt 0.38847800 0.63580900
vt 0.40388700 0.63580900
vt 0.63580900 0.40203600
vt 0.68333300 0.40203600
vt 0.63580900 0.41340300
vt 0.68333300 0.43221100
vt 0.63580900 0.43221100
vt 0.63580900 0.43221100
vt 0.68333300 0.43221100
vt 0.63580900 0.43360000
vt 0.68333300 0.46534800
vt 0.63580900 0.45503400
vt 0.63580900 0.52269500
vt 0.63580900 0.50000000
vt 0.68333300 0.50000000
vt 0.63580900 0.47730600
vt 0.68333300 0.46534800
vt 0.63580900 0.46534800
vt 0.63580900 0.45503400
vt 0.18967900 0.37222200
vt 0.18967900 0.68333300
vt 0.03254400 0.37222200
vt 0.03254400 0.68333300
vt 0.96745600 0.37222200
vt 0.96745600 0.68333300
vt 0.81032200 0.37222200
vt 0.81032200 0.68333300
vt 0.18967900 0.37222200
vt 0.18967900 0.68333300
vt 0.03254400 0.37222200
vt 0.03254400 0.68333300
vt 0.96745600 0.37222200
vt 0.96745600 0.68333300
vt 0.81032200 0.37222200
vt 0.81032200 0.68333300
vt 0.30952400 0.50000000
vt 0.59909700 0.50000000
vt 0.59909700 0.52458200
vt 0.59909700 0.50000000
vt 0.61009200 0.50000000
vt 0.61009200 0.52355400
vt 0.62256900 0.50000000
vt 0.63580900 0.50000000
vt 0.63580900 0.52269500
vt 0.61009200 0.50000000
vt 0.62256900 0.50000000
vt 0.62256900 0.52291200
vt 0.63580900 0.52269500
vt 0.62256900 0.54539800
vt 0.63580900 0.53465200
vt 0.63580900 0.53465200
vt 0.63580900 0.54496600
vt 0.62256900 0.54539800
vt 0.63580900 0.56640000
vt 0.62256900 0.56703800
vt 0.63580900 0.56778900
vt 0.62256900 0.58742900
vt 0.63580900 0.58659700
vt 0.62256900 0.60619200
vt 0.63580900 0.59796400
vt 0.63580900 0.59796400
vt 0.63580900 0.60518100
vt 0.62256900 0.60619200
vt 0.61375900 0.63580900
vt 0.61485100 0.62256900
vt 0.61152200 0.63580900
vt 0.59703600 0.62256900
vt 0.59611300 0.63580900
vt 0.57741400 0.62256900
vt 0.58333300 0.63580900
vt 0.58333300 0.63580900
vt 0.57667800 0.63580900
vt 0.57741400 0.62256900
vt 0.55581300 0.63580900
vt 0.55634900 0.62256900
vt 0.55150300 0.63580900
vt 0.53423500 0.62256900
vt 0.53390900 0.63580900
vt 0.51148300 0.62256900
vt 0.51742100 0.63580900
vt 0.51742100 0.63580900
vt 0.51137400 0.63580900
vt 0.51148300 0.62256900
vt 0.48862600 0.63580900
vt 0.48851700 0.62256900
vt 0.48257900 0.63580900
vt 0.46576500 0.62256900
vt 0.46609100 0.63580900
vt 0.44365100 0.62256900
vt 0.44849700 0.63580900
vt 0.44849700 0.63580900
vt 0.44418700 0.63580900
vt 0.44365100 0.62256900
vt 0.42332200 0.63580900
vt 0.42258600 0.62256900
vt 0.41666700 0.63580900
vt 0.40296300 0.62256900
vt 0.40388700 0.63580900
vt 0.38514800 0.62256900
vt 0.38847800 0.63580900
vt 0.38847800 0.63580900
vt 0.38624100 0.63580900
vt 0.38514800 0.62256900
vt 0.36419100 0.60518100
vt 0.37743100 0.60619200
vt 0.36419100 0.59796400
vt 0.37743100 0.58742900
vt 0.36419100 0.58659700
vt 0.37743100 0.56703800
vt 0.36419100 0.56778900
vt 0.36419100 0.56778900
vt 0.36419100 0.56640000
vt 0.37743100 0.56703800
vt 0.36419100 0.54496600
vt 0.37743100 0.54539800
vt 0.36419100 0.53465200
vt 0.37743100 0.52291200
vt 0.36419100 0.53465200
vt 0.36419100 0.52269500
vt 0.37743100 0.52291200
vt 0.36419100 0.50000000
vt 0.37743100 0.50000000
vt 0.61009200 0.50000000
vt 0.62256900 0.52291200
vt 0.61009200 0.52355400
vt 0.62256900 0.54539800
vt 0.61009200 0.54666900
vt 0.62256900 0.56703800
vt 0.61009200 0.56891400
vt 0.62256900 0.58742900
vt 0.61009200 0.58987600
vt 0.62256900 0.60619200
vt 0.61009200 0.60916400
vt 0.61485100 0.62256900
vt 0.61806600 0.61009200
vt 0.59703600 0.62256900
vt 0.59975300 0.61009200
vt 0.57741400 0.62256900
vt 0.57958100 0.61009200
vt 0.55634900 0.62256900
vt 0.55792700 0.61009200
vt 0.53423500 0.62256900
vt 0.53519300 0.61009200
vt 0.51148300 0.62256900
vt 0.51180400 0.61009200
vt 0.48851700 0.62256900
vt 0.48819600 0.61009200
vt 0.46576500 0.62256900
vt 0.46480700 0.61009200
vt 0.44365100 0.62256900
vt 0.44207300 0.61009200
vt 0.42258600 0.62256900
vt 0.42041900 0.61009200
vt 0.40296300 0.62256900
vt 0.40024700 0.61009200
vt 0.38514800 0.62256900
vt 0.38193400 0.61009200
vt 0.37743100 0.60619200
vt 0.38990800 0.60916400
vt 0.37743100 0.58742900
vt 0.38990800 0.58987600
vt 0.37743100 0.56703800
vt 0.38990800 0.56891400
vt 0.37743100 0.54539800
vt 0.38990800 0.54666900
vt 0.37743100 0.52291200
vt 0.38990800 0.52355400
vt 0.37743100 0.50000000
vt 0.38990800 0.50000000
vt 0.59909700 0.50000000
vt 0.61009200 0.52355400
vt 0.59909700 0.52458200
vt 0.61009200 0.54666900
vt 0.59909700 0.54870500
vt 0.61009200 0.56891400
vt 0.59909700 0.57192200
vt 0.61009200 0.58987600
vt 0.34575600 0.59379800
vt 0.61009200 0.60916400
vt 0.35996400 0.61392700
vt 0.61806600 0.61009200
vt 0.37678200 0.63193400
vt 0.59975300 0.61009200
vt 0.39589500 0.64748400
vt 0.57958100 0.61009200
vt 0.58305300 0.59909700
vt 0.55792700 0.61009200
vt 0.56045400 0.59909700
vt 0.53519300 0.61009200
vt 0.53672900 0.59909700
vt 0.51180400 0.61009200
vt 0.51232000 0.59909700
vt 0.48819600 0.61009200
vt 0.48768000 0.59909700
vt 0.46480700 0.61009200
vt 0.46327100 0.59909700
vt 0.44207300 0.61009200
vt 0.43954600 0.59909700
vt 0.42041900 0.61009200
vt 0.41694700 0.59909700
vt 0.40024700 0.61009200
vt 0.60410500 0.64748400
vt 0.38193400 0.61009200
vt 0.62321800 0.63193400
vt 0.38990800 0.60916400
vt 0.64003600 0.61392700
vt 0.38990800 0.58987600
vt 0.65424400 0.59379800
vt 0.38990800 0.56891400
vt 0.40090300 0.57192200
vt 0.38990800 0.54666900
vt 0.40090300 0.54870500
vt 0.38990800 0.52355400
vt 0.40090300 0.52458200
vt 0.38990800 0.50000000
vt 0.40090300 0.50000000
vt 0.30952400 0.50000000
vt 0.59909700 0.52458200
vt 0.31129800 0.52593600
vt 0.59909700 0.54870500
vt 0.31658700 0.55139000
vt 0.59909700 0.57192200
vt 0.32529300 0.57588600
vt 0.34575600 0.59379800
vt 0.33725400 0.59896800
vt 0.35996400 0.61392700
vt 0.35224600 0.62020700
vt 0.37678200 0.63193400
vt 0.36999000 0.63920700
vt 0.39589500 0.64748400
vt 0.39015600 0.65561300
vt 0.58305300 0.59909700
vt 0.41236900 0.66912100
vt 0.56045400 0.59909700
vt 0.43621300 0.67947800
vt 0.53672900 0.59909700
vt 0.46124600 0.68649200
vt 0.51232000 0.59909700
vt 0.48700100 0.69003200
vt 0.48768000 0.59909700
vt 0.51299900 0.69003200
vt 0.46327100 0.59909700
vt 0.53875400 0.68649200
vt 0.43954600 0.59909700
vt 0.56378700 0.67947800
vt 0.41694700 0.59909700
vt 0.58763100 0.66912100
vt 0.60410500 0.64748400
vt 0.60984400 0.65561300
vt 0.62321800 0.63193400
vt 0.63001000 0.63920700
vt 0.64003600 0.61392700
vt 0.64775400 0.62020700
vt 0.65424400 0.59379800
vt 0.66274600 0.59896800
vt 0.40090300 0.57192200
vt 0.67470700 0.57588600
vt 0.40090300 0.54870500
vt 0.68341300 0.55139000
vt 0.40090300 0.52458200
vt 0.68870200 0.52593600
vt 0.40090300 0.50000000
vt 0.69047600 0.50000000
vt 0.69047600 0.50000000
vt 0.40090300 0.50000000
vt 0.40090300 0.47541800
vt 0.40090300 0.50000000
vt 0.38990800 0.50000000
vt 0.38990800 0.47644600
vt 0.37743100 0.50000000
vt 0.36419100 0.50000000
vt 0.36419100 0.47730600
vt 0.38990800 0.50000000
vt 0.37743100 0.50000000
vt 0.37743100 0.47708800
vt 0.36419100 0.47730600
vt 0.37743100 0.45460200
vt 0.36419100 0.46534800
vt 0.36419100 0.46534800
vt 0.36419100 0.45503400
vt 0.37743100 0.45460200
vt 0.36419100 0.43360000
vt 0.37743100 0.43296200
vt 0.36419100 0.43221100
vt 0.37743100 0.41257100
vt 0.36419100 0.41340300
vt 0.37743100 0.39380900
vt 0.36419100 0.40203600
vt 0.36419100 0.40203600
vt 0.36419100 0.39481900
vt 0.37743100 0.39380900
vt 0.61375900 0.63580900
vt 0.61485100 0.62256900
vt 0.61152200 0.63580900
vt 0.59703600 0.62256900
vt 0.59611300 0.63580900
vt 0.57741400 0.62256900
vt 0.58333300 0.63580900
vt 0.58333300 0.63580900
vt 0.57667800 0.63580900
vt 0.57741400 0.62256900
vt 0.55581300 0.63580900
vt 0.55634900 0.62256900
vt 0.55150300 0.63580900
vt 0.53423500 0.62256900
vt 0.53390900 0.63580900
vt 0.51148300 0.62256900
vt 0.51742100 0.63580900
vt 0.51742100 0.63580900
vt 0.51137400 0.63580900
vt 0.51148300 0.62256900
vt 0.48862600 0.63580900
vt 0.48851700 0.62256900
vt 0.48257900 0.63580900
vt 0.46576500 0.62256900
vt 0.46609100 0.63580900
vt 0.44365100 0.62256900
vt 0.44849700 0.63580900
vt 0.44849700 0.63580900
vt 0.44418700 0.63580900
vt 0.44365100 0.62256900
vt 0.42332200 0.63580900
vt 0.42258600 0.62256900
vt 0.41666700 0.63580900
vt 0.40296300 0.62256900
vt 0.40388700 0.63580900
vt 0.38514800 0.62256900
vt 0.38847800 0.63580900
vt 0.38847800 0.63580900
vt 0.38624100 0.63580900
vt 0.38514800 0.62256900
vt 0.63580900 0.39481900
vt 0.62256900 0.39380900
vt 0.63580900 0.40203600
vt 0.62256900 0.41257100
vt 0.63580900 0.41340300
vt 0.62256900 0.43296200
vt 0.63580900 0.43221100
vt 0.63580900 0.43221100
vt 0.63580900 0.43360000
vt 0.62256900 0.43296200
vt 0.63580900 0.45503400
vt 0.62256900 0.45460200
vt 0.63580900 0.46534800
vt 0.62256900 0.47708800
vt 0.63580900 0.46534800
vt 0.63580900 0.47730600
vt 0.62256900 0.47708800
vt 0.63580900 0.50000000
vt 0.62256900 0.50000000
vt 0.38990800 0.50000000
vt 0.37743100 0.47708800
vt 0.38990800 0.47644600
vt 0.37743100 0.45460200
vt 0.38990800 0.45333100
vt 0.37743100 0.43296200
vt 0.38990800 0.43108600
vt 0.37743100 0.41257100
vt 0.38990800 0.41012400
vt 0.37743100 0.39380900
vt 0.38990800 0.39083600
vt 0.61485100 0.62256900
vt 0.61806600 0.61009200
vt 0.59703600 0.62256900
vt 0.59975300 0.61009200
vt 0.57741400 0.62256900
vt 0.57958100 0.61009200
vt 0.55634900 0.62256900
vt 0.55792700 0.61009200
vt 0.53423500 0.62256900
vt 0.53519300 0.61009200
vt 0.51148300 0.62256900
vt 0.51180400 0.61009200
vt 0.48851700 0.62256900
vt 0.48819600 0.61009200
vt 0.46576500 0.62256900
vt 0.46480700 0.61009200
vt 0.44365100 0.62256900
vt 0.44207300 0.61009200
vt 0.42258600 0.62256900
vt 0.42041900 0.61009200
vt 0.40296300 0.62256900
vt 0.40024700 0.61009200
vt 0.38514800 0.62256900
vt 0.38193400 0.61009200
vt 0.62256900 0.39380900
vt 0.61009200 0.39083600
vt 0.62256900 0.41257100
vt 0.61009200 0.41012400
vt 0.62256900 0.43296200
vt 0.61009200 0.43108600
vt 0.62256900 0.45460200
vt 0.61009200 0.45333100
vt 0.62256900 0.47708800
vt 0.61009200 0.47644600
vt 0.62256900 0.50000000
vt 0.61009200 0.50000000
vt 0.40090300 0.50000000
vt 0.38990800 0.47644600
vt 0.40090300 0.47541800
vt 0.38990800 0.45333100
vt 0.40090300 0.45129500
vt 0.38990800 0.43108600
vt 0.40090300 0.42807900
vt 0.38990800 0.41012400
vt 0.65424400 0.40620200
vt 0.38990800 0.39083600
vt 0.64003600 0.38607300
vt 0.61806600 0.61009200
vt 0.62321800 0.36806600
vt 0.59975300 0.61009200
vt 0.60410500 0.35251600
vt 0.57958100 0.61009200
vt 0.58305300 0.59909700
vt 0.55792700 0.61009200
vt 0.56045400 0.59909700
vt 0.53519300 0.61009200
vt 0.53672900 0.59909700
vt 0.51180400 0.61009200
vt 0.51232000 0.59909700
vt 0.48819600 0.61009200
vt 0.48768000 0.59909700
vt 0.46480700 0.61009200
vt 0.46327100 0.59909700
vt 0.44207300 0.61009200
vt 0.43954600 0.59909700
vt 0.42041900 0.61009200
vt 0.41694700 0.59909700
vt 0.40024700 0.61009200
vt 0.39589500 0.35251600
vt 0.38193400 0.61009200
vt 0.37678200 0.36806600
vt 0.61009200 0.39083600
vt 0.35996400 0.38607300
vt 0.61009200 0.41012400
vt 0.34575600 0.40620200
vt 0.61009200 0.43108600
vt 0.59909700 0.42807900
vt 0.61009200 0.45333100
vt 0.59909700 0.45129500
vt 0.61009200 0.47644600
vt 0.59909700 0.47541800
vt 0.61009200 0.50000000
vt 0.59909700 0.50000000
vt 0.69047600 0.50000000
vt 0.40090300 0.47541800
vt 0.68870200 0.47406300
vt 0.40090300 0.45129500
vt 0.68341300 0.44861000
vt 0.40090300 0.42807900
vt 0.67470700 0.42411400
vt 0.65424400 0.40620200
vt 0.66274600 0.40103200
vt 0.64003600 0.38607300
vt 0.64775400 0.37979300
vt 0.62321800 0.36806600
vt 0.63001000 0.36079300
vt 0.60410500 0.35251600
vt 0.60984400 0.34438700
vt 0.58305300 0.59909700
vt 0.58763100 0.33087900
vt 0.56045400 0.59909700
vt 0.56378700 0.32052200
vt 0.53672900 0.59909700
vt 0.53875400 0.31350800
vt 0.51232000 0.59909700
vt 0.51299900 0.30996800
vt 0.48768000 0.59909700
vt 0.48700100 0.30996800
vt 0.46327100 0.59909700
vt 0.46124600 0.31350800
vt 0.43954600 0.59909700
vt 0.43621300 0.32052200
vt 0.41694700 0.59909700
vt 0.41236900 0.33087900
vt 0.39589500 0.35251600
vt 0.39015600 0.34438700
vt 0.37678200 0.36806600
vt 0.36999000 0.36079300
vt 0.35996400 0.38607300
vt 0.35224600 0.37979300
vt 0.34575600 0.40620200
vt 0.33725400 0.40103200
vt 0.59909700 0.42807900
vt 0.32529300 0.42411400
vt 0.59909700 0.45129500
vt 0.31658700 0.44861000
vt 0.59909700 0.47541800
vt 0.31129800 0.47406300
vt 0.59909700 0.50000000
vt 0.30952400 0.50000000
vt 0.36428600 0.53448600
vt 0.36428600 0.56243700
vt 0.35155100 0.56308400
vt 0.36428600 0.56859300
vt 0.36428600 0.59294800
vt 0.35155100 0.59391100
vt 0.36428600 0.60194900
vt 0.36428600 0.62261700
vt 0.35155100 0.62388800
vt 0.36428600 0.72075600
vt 0.36428600 0.72766700
vt 0.35155100 0.73002600
vt 0.72075600 0.36428600
vt 0.71604800 0.36428600
vt 0.71828700 0.35155100
vt 0.69391900 0.36428600
vt 0.69136900 0.36428600
vt 0.69335300 0.35155100
vt 0.63418800 0.36428600
vt 0.60790400 0.36428600
vt 0.60902300 0.35155100
vt 0.60194900 0.36428600
vt 0.57778000 0.36428600
vt 0.57858600 0.35155100
vt 0.56859300 0.36428600
vt 0.54695200 0.36428600
vt 0.54743800 0.35155100
vt 0.43140700 0.36428600
vt 0.42222000 0.36428600
vt 0.42141400 0.35155100
vt 0.39805100 0.36428600
vt 0.39209600 0.36428600
vt 0.39097700 0.35155100
vt 0.36581200 0.36428600
vt 0.36294900 0.36428600
vt 0.36152800 0.35155100
vt 0.30608100 0.36428600
vt 0.28395200 0.36428600
vt 0.28171300 0.35155100
vt 0.27924400 0.36428600
vt 0.63571400 0.72766700
vt 0.64844900 0.73002600
vt 0.63571400 0.72075600
vt 0.63571400 0.70394000
vt 0.64844900 0.70605300
vt 0.63571400 0.60194900
vt 0.63571400 0.59294800
vt 0.64844900 0.59391100
vt 0.63571400 0.56859300
vt 0.63571400 0.56243700
vt 0.64844900 0.56308400
vt 0.63571400 0.53448600
vt 0.63571400 0.53136000
vt 0.64844900 0.53168500
vt 0.85732900 0.64305300
vt 0.84211300 0.67637200
vt 0.84517400 0.63818700
vt 0.83047600 0.67037200
vt 0.83370400 0.63359500
vt 0.55477700 0.88098300
vt 0.51831400 0.88446400
vt 0.55291400 0.86802300
vt 0.51769100 0.87138600
vt 0.55115500 0.85579300
vt 0.19744800 0.73793000
vt 0.17620100 0.70809300
vt 0.20774000 0.72983600
vt 0.18721600 0.70101400
vt 0.21745100 0.72219900
vt 0.86930900 0.60843900
vt 0.85732900 0.64305300
vt 0.85674700 0.60475000
vt 0.84517400 0.63818700
vt 0.84489200 0.60126900
vt 0.83370400 0.63359500
vt 0.83441300 0.59819200
vt 0.59074400 0.87405000
vt 0.55477700 0.88098300
vt 0.58765700 0.86132700
vt 0.55291400 0.86802300
vt 0.58474400 0.84932000
vt 0.55115500 0.85579300
vt 0.58216900 0.83870600
vt 0.22143500 0.76561200
vt 0.19744800 0.73793000
vt 0.23091000 0.75657600
vt 0.20774000 0.72983600
vt 0.23985200 0.74805000
vt 0.21745100 0.72219900
vt 0.24775700 0.74051400
vt 0.87794500 0.57284300
vt 0.86930900 0.60843900
vt 0.86508800 0.57036500
vt 0.85674700 0.60475000
vt 0.85295600 0.56802700
vt 0.84489200 0.60126900
vt 0.84223200 0.56596000
vt 0.83441300 0.59819200
vt 0.66002000 0.56428100
vt 0.62588900 0.86373100
vt 0.59074400 0.87405000
vt 0.62160600 0.85135800
vt 0.58765700 0.86132700
vt 0.61756500 0.83968300
vt 0.58474400 0.84932000
vt 0.61399300 0.82936200
vt 0.58216900 0.83870600
vt 0.38890900 0.33998000
vt 0.24794400 0.79088800
vt 0.22143500 0.76561200
vt 0.25651800 0.78099300
vt 0.23091000 0.75657600
vt 0.26460900 0.77165600
vt 0.23985200 0.74805000
vt 0.27176100 0.76340200
vt 0.24775700 0.74051400
vt 0.72242900 0.33998000
vt 0.88315700 0.53658700
vt 0.87794500 0.57284300
vt 0.87012400 0.53534300
vt 0.86508800 0.57036500
vt 0.85782500 0.53416800
vt 0.85295600 0.56802700
vt 0.84695200 0.53313000
vt 0.84223200 0.56596000
vt 0.66002000 0.53228700
vt 0.66002000 0.56428100
vt 0.64844900 0.53168500
vt 0.65989300 0.85011800
vt 0.62588900 0.86373100
vt 0.65445400 0.83820800
vt 0.62160600 0.85135800
vt 0.64932200 0.82696900
vt 0.61756500 0.83968300
vt 0.64478500 0.81703400
vt 0.61399300 0.82936200
vt 0.35890100 0.33998000
vt 0.38890900 0.33998000
vt 0.36152800 0.35155100
vt 0.27673600 0.81353000
vt 0.24794400 0.79088800
vt 0.28433000 0.80286500
vt 0.25651800 0.78099300
vt 0.29149700 0.79280100
vt 0.26460900 0.77165600
vt 0.29783200 0.78390500
vt 0.27176100 0.76340200
vt 0.69702100 0.33998000
vt 0.72242900 0.33998000
vt 0.69335300 0.35155100
vt 0.66002000 0.65564000
vt 0.64844900 0.65274200
vt 0.64844900 0.62388800
vt 0.48383800 0.33998000
vt 0.48413900 0.35155100
vt 0.45256200 0.35155100
vt 0.33998000 0.68363300
vt 0.35155100 0.68021400
vt 0.35155100 0.70605300
vt 0.88490000 0.50000000
vt 0.88315700 0.53658700
vt 0.87180700 0.50000000
vt 0.87012400 0.53534300
vt 0.85945200 0.50000000
vt 0.85782500 0.53416800
vt 0.84853000 0.50000000
vt 0.84695200 0.53313000
vt 0.66002000 0.50000000
vt 0.66002000 0.53228700
vt 0.64844900 0.50000000
vt 0.64844900 0.53168500
vt 0.63571400 0.50000000
vt 0.63571400 0.53136000
vt 0.83047600 0.67037200
vt 0.81949400 0.66471100
vt 0.83370400 0.63359500
vt 0.82356500 0.62953600
vt 0.83441300 0.59819200
vt 0.66002000 0.59569300
vt 0.66002000 0.56428100
vt 0.64844900 0.56308400
vt 0.64844900 0.53168500
vt 0.63571400 0.56243700
vt 0.63571400 0.53448600
vt 0.81949400 0.66471100
vt 0.80978600 0.65970600
vt 0.82356500 0.62953600
vt 0.66002000 0.62623800
vt 0.66002000 0.59569300
vt 0.64844900 0.59391100
vt 0.64844900 0.56308400
vt 0.63571400 0.59294800
vt 0.63571400 0.56859300
vt 0.80978600 0.65970600
vt 0.66002000 0.65564000
vt 0.66002000 0.62623800
vt 0.64844900 0.62388800
vt 0.64844900 0.59391100
vt 0.63571400 0.62261700
vt 0.63571400 0.60194900
vt 0.63571400 0.69391900
vt 0.63571400 0.67836500
vt 0.64844900 0.68021400
vt 0.64844900 0.65274200
vt 0.66002000 0.68363300
vt 0.66002000 0.65564000
vt 0.79320300 0.68843000
vt 0.80978600 0.65970600
vt 0.80239000 0.69433500
vt 0.81949400 0.66471100
vt 0.81278400 0.70101400
vt 0.83047600 0.67037200
vt 0.82379900 0.70809300
vt 0.84211300 0.67637200
vt 0.63571400 0.67836500
vt 0.63571400 0.66495700
vt 0.64844900 0.65274200
vt 0.63571400 0.65117600
vt 0.64844900 0.62388800
vt 0.63571400 0.63418800
vt 0.63571400 0.62261700
vt 0.63571400 0.70394000
vt 0.63571400 0.69391900
vt 0.64844900 0.70605300
vt 0.64844900 0.68021400
vt 0.66002000 0.70996200
vt 0.66002000 0.68363300
vt 0.77396400 0.71544700
vt 0.79320300 0.68843000
vt 0.78254800 0.72219900
vt 0.80239000 0.69433500
vt 0.79226000 0.72983600
vt 0.81278400 0.70101400
vt 0.80255200 0.73793000
vt 0.82379900 0.70809300
vt 0.63571400 0.72766700
vt 0.63571400 0.72075600
vt 0.64844900 0.73002600
vt 0.64844900 0.70605300
vt 0.66002000 0.73439100
vt 0.66002000 0.70996200
vt 0.75224300 0.74051400
vt 0.77396400 0.71544700
vt 0.76014800 0.74805000
vt 0.78254800 0.72219900
vt 0.76909000 0.75657600
vt 0.79226000 0.72983600
vt 0.77856500 0.76561200
vt 0.80255200 0.73793000
vt 0.28395200 0.36428600
vt 0.27924400 0.36428600
vt 0.28171300 0.35155100
vt 0.64844900 0.73002600
vt 0.27757100 0.33998000
vt 0.66002000 0.73439100
vt 0.72823900 0.76340200
vt 0.75224300 0.74051400
vt 0.73539100 0.77165600
vt 0.76014800 0.74805000
vt 0.74348200 0.78099300
vt 0.76909000 0.75657600
vt 0.75205600 0.79088800
vt 0.77856500 0.76561200
vt 0.30863100 0.36428600
vt 0.30608100 0.36428600
vt 0.30664800 0.35155100
vt 0.28171300 0.35155100
vt 0.30297900 0.33998000
vt 0.27757100 0.33998000
vt 0.70216800 0.78390500
vt 0.72823900 0.76340200
vt 0.70850300 0.79280100
vt 0.73539100 0.77165600
vt 0.71567000 0.80286500
vt 0.74348200 0.78099300
vt 0.72326400 0.81353000
vt 0.75205600 0.79088800
vt 0.72326400 0.81353000
vt 0.69245000 0.83333300
vt 0.71567000 0.80286500
vt 0.68590400 0.82199500
vt 0.70850300 0.79280100
vt 0.67972600 0.81129500
vt 0.70216800 0.78390500
vt 0.67426500 0.80183600
vt 0.30297900 0.33998000
vt 0.33017100 0.33998000
vt 0.30664800 0.35155100
vt 0.33333300 0.35155100
vt 0.30863100 0.36428600
vt 0.33504300 0.36428600
vt 0.69245000 0.83333300
vt 0.65989300 0.85011800
vt 0.68590400 0.82199500
vt 0.65445400 0.83820800
vt 0.67972600 0.81129500
vt 0.64932200 0.82696900
vt 0.67426500 0.80183600
vt 0.64478500 0.81703400
vt 0.33017100 0.33998000
vt 0.35890100 0.33998000
vt 0.33333300 0.35155100
vt 0.36152800 0.35155100
vt 0.33504300 0.36428600
vt 0.36294900 0.36428600
vt 0.51769100 0.87138600
vt 0.51710300 0.85904500
vt 0.55115500 0.85579300
vt 0.54960100 0.84498300
vt 0.58216900 0.83870600
vt 0.41992300 0.33998000
vt 0.38890900 0.33998000
vt 0.39097700 0.35155100
vt 0.36152800 0.35155100
vt 0.39209600 0.36428600
vt 0.36581200 0.36428600
vt 0.51710300 0.85904500
vt 0.51658400 0.84813600
vt 0.54960100 0.84498300
vt 0.45166200 0.33998000
vt 0.41992300 0.33998000
vt 0.42141400 0.35155100
vt 0.39097700 0.35155100
vt 0.42222000 0.36428600
vt 0.39805100 0.36428600
vt 0.51658400 0.84813600
vt 0.48383800 0.33998000
vt 0.45166200 0.33998000
vt 0.45256200 0.35155100
vt 0.42141400 0.35155100
vt 0.45304800 0.36428600
vt 0.43140700 0.36428600
vt 0.53448600 0.36428600
vt 0.51569800 0.36428600
vt 0.51586100 0.35155100
vt 0.48413900 0.35155100
vt 0.51616200 0.33998000
vt 0.48383800 0.33998000
vt 0.48341600 0.84813600
vt 0.51658400 0.84813600
vt 0.48289700 0.85904500
vt 0.51710300 0.85904500
vt 0.48230900 0.87138600
vt 0.51769100 0.87138600
vt 0.48168600 0.88446400
vt 0.51831400 0.88446400
vt 0.51569800 0.36428600
vt 0.50000000 0.36428600
vt 0.48413900 0.35155100
vt 0.48430200 0.36428600
vt 0.45256200 0.35155100
vt 0.46551500 0.36428600
vt 0.45304800 0.36428600
vt 0.54695200 0.36428600
vt 0.53448600 0.36428600
vt 0.54743800 0.35155100
vt 0.51586100 0.35155100
vt 0.54833800 0.33998000
vt 0.51616200 0.33998000
vt 0.45039900 0.84498300
vt 0.48341600 0.84813600
vt 0.44884500 0.85579300
vt 0.48289700 0.85904500
vt 0.44708600 0.86802300
vt 0.48230900 0.87138600
vt 0.44522300 0.88098300
vt 0.48168600 0.88446400
vt 0.57778000 0.36428600
vt 0.56859300 0.36428600
vt 0.57858600 0.35155100
vt 0.54743800 0.35155100
vt 0.58007700 0.33998000
vt 0.54833800 0.33998000
vt 0.41783100 0.83870600
vt 0.45039900 0.84498300
vt 0.41525600 0.84932000
vt 0.44884500 0.85579300
vt 0.41234300 0.86132700
vt 0.44708600 0.86802300
vt 0.40925600 0.87405000
vt 0.44522300 0.88098300
vt 0.60790400 0.36428600
vt 0.60194900 0.36428600
vt 0.60902300 0.35155100
vt 0.57858600 0.35155100
vt 0.61109100 0.33998000
vt 0.58007700 0.33998000
vt 0.38600700 0.82936200
vt 0.41783100 0.83870600
vt 0.38243500 0.83968300
vt 0.41525600 0.84932000
vt 0.37839400 0.85135800
vt 0.41234300 0.86132700
vt 0.37411200 0.86373100
vt 0.40925600 0.87405000
vt 0.63705100 0.36428600
vt 0.63418800 0.36428600
vt 0.63847200 0.35155100
vt 0.60902300 0.35155100
vt 0.64109900 0.33998000
vt 0.61109100 0.33998000
vt 0.35521500 0.81703400
vt 0.38600700 0.82936200
vt 0.35067800 0.82696900
vt 0.38243500 0.83968300
vt 0.34554600 0.83820800
vt 0.37839400 0.85135800
vt 0.34010700 0.85011800
vt 0.37411200 0.86373100
vt 0.34010700 0.85011800
vt 0.30755000 0.83333300
vt 0.34554600 0.83820800
vt 0.31409600 0.82199500
vt 0.35067800 0.82696900
vt 0.32027400 0.81129500
vt 0.35521500 0.81703400
vt 0.32573500 0.80183600
vt 0.64109900 0.33998000
vt 0.66982900 0.33998000
vt 0.63847200 0.35155100
vt 0.66666700 0.35155100
vt 0.63705100 0.36428600
vt 0.66495700 0.36428600
vt 0.30755000 0.83333300
vt 0.27673600 0.81353000
vt 0.31409600 0.82199500
vt 0.28433000 0.80286500
vt 0.32027400 0.81129500
vt 0.29149700 0.79280100
vt 0.32573500 0.80183600
vt 0.29783200 0.78390500
vt 0.66982900 0.33998000
vt 0.69702100 0.33998000
vt 0.66666700 0.35155100
vt 0.69335300 0.35155100
vt 0.66495700 0.36428600
vt 0.69136900 0.36428600
vt 0.18721600 0.70101400
vt 0.19761000 0.69433500
vt 0.21745100 0.72219900
vt 0.22603700 0.71544700
vt 0.24775700 0.74051400
vt 0.33998000 0.73439100
vt 0.72242900 0.33998000
vt 0.71828700 0.35155100
vt 0.69335300 0.35155100
vt 0.71604800 0.36428600
vt 0.69391900 0.36428600
vt 0.19761000 0.69433500
vt 0.20679700 0.68843000
vt 0.22603700 0.71544700
vt 0.33998000 0.70996200
vt 0.33998000 0.73439100
vt 0.35155100 0.73002600
vt 0.71828700 0.35155100
vt 0.36428600 0.72766700
vt 0.72075600 0.36428600
vt 0.20679700 0.68843000
vt 0.33998000 0.68363300
vt 0.33998000 0.70996200
vt 0.35155100 0.70605300
vt 0.35155100 0.73002600
vt 0.36428600 0.70394000
vt 0.36428600 0.72075600
vt 0.36428600 0.63418800
vt 0.36428600 0.65117600
vt 0.35155100 0.65274200
vt 0.35155100 0.68021400
vt 0.33998000 0.65564000
vt 0.33998000 0.68363300
vt 0.19021400 0.65970600
vt 0.20679700 0.68843000
vt 0.18050600 0.66471100
vt 0.19761000 0.69433500
vt 0.16952400 0.67037200
vt 0.18721600 0.70101400
vt 0.15788700 0.67637200
vt 0.17620100 0.70809300
vt 0.36428600 0.65117600
vt 0.36428600 0.66495700
vt 0.35155100 0.68021400
vt 0.36428600 0.67836500
vt 0.35155100 0.70605300
vt 0.36428600 0.69391900
vt 0.36428600 0.70394000
vt 0.36428600 0.62261700
vt 0.36428600 0.63418800
vt 0.35155100 0.62388800
vt 0.35155100 0.65274200
vt 0.33998000 0.62623800
vt 0.33998000 0.65564000
vt 0.17643500 0.62953600
vt 0.19021400 0.65970600
vt 0.16629600 0.63359500
vt 0.18050600 0.66471100
vt 0.15482600 0.63818700
vt 0.16952400 0.67037200
vt 0.14267100 0.64305300
vt 0.15788700 0.67637200
vt 0.36428600 0.59294800
vt 0.36428600 0.60194900
vt 0.35155100 0.59391100
vt 0.35155100 0.62388800
vt 0.33998000 0.59569300
vt 0.33998000 0.62623800
vt 0.16558700 0.59819200
vt 0.17643500 0.62953600
vt 0.15510800 0.60126900
vt 0.16629600 0.63359500
vt 0.14325300 0.60475000
vt 0.15482600 0.63818700
vt 0.13069100 0.60843900
vt 0.14267100 0.64305300
vt 0.36428600 0.56243700
vt 0.36428600 0.56859300
vt 0.35155100 0.56308400
vt 0.35155100 0.59391100
vt 0.33998000 0.56428100
vt 0.33998000 0.59569300
vt 0.15776800 0.56596000
vt 0.16558700 0.59819200
vt 0.14704400 0.56802700
vt 0.15510800 0.60126900
vt 0.13491200 0.57036500
vt 0.14325300 0.60475000
vt 0.12205600 0.57284300
vt 0.13069100 0.60843900
vt 0.36428600 0.53136000
vt 0.36428600 0.53448600
vt 0.35155100 0.53168500
vt 0.35155100 0.56308400
vt 0.33998000 0.53228700
vt 0.33998000 0.56428100
vt 0.15304800 0.53313000
vt 0.15776800 0.56596000
vt 0.14217500 0.53416800
vt 0.14704400 0.56802700
vt 0.12987600 0.53534300
vt 0.13491200 0.57036500
vt 0.11684300 0.53658700
vt 0.12205600 0.57284300
vt 0.11684300 0.53658700
vt 0.11510000 0.50000000
vt 0.12987600 0.53534300
vt 0.12819300 0.50000000
vt 0.14217500 0.53416800
vt 0.14054800 0.50000000
vt 0.15304800 0.53313000
vt 0.15146900 0.50000000
vt 0.33998000 0.53228700
vt 0.33998000 0.50000000
vt 0.35155100 0.53168500
vt 0.35155100 0.50000000
vt 0.36428600 0.53136000
vt 0.36428600 0.50000000
vt 0.63571400 0.46551500
vt 0.63571400 0.43756300
vt 0.64844900 0.43691600
vt 0.63571400 0.43140700
vt 0.63571400 0.40705200
vt 0.64844900 0.40608900
vt 0.63571400 0.39805100
vt 0.63571400 0.37738300
vt 0.64844900 0.37611200
vt 0.63571400 0.27924400
vt 0.63571400 0.27233300
vt 0.64844900 0.26997300
vt 0.72075600 0.36428600
vt 0.71604800 0.36428600
vt 0.71828700 0.35155100
vt 0.69391900 0.36428600
vt 0.69136900 0.36428600
vt 0.69335300 0.35155100
vt 0.63418800 0.36428600
vt 0.60790400 0.36428600
vt 0.60902300 0.35155100
vt 0.60194900 0.36428600
vt 0.57778000 0.36428600
vt 0.57858600 0.35155100
vt 0.56859300 0.36428600
vt 0.54695200 0.36428600
vt 0.54743800 0.35155100
vt 0.43140700 0.36428600
vt 0.42222000 0.36428600
vt 0.42141400 0.35155100
vt 0.39805100 0.36428600
vt 0.39209600 0.36428600
vt 0.39097700 0.35155100
vt 0.36581200 0.36428600
vt 0.36294900 0.36428600
vt 0.36152800 0.35155100
vt 0.30608100 0.36428600
vt 0.28395200 0.36428600
vt 0.28171300 0.35155100
vt 0.27924400 0.36428600
vt 0.36428600 0.27233300
vt 0.35155100 0.26997300
vt 0.36428600 0.27924400
vt 0.36428600 0.29606000
vt 0.35155100 0.29394700
vt 0.36428600 0.39805100
vt 0.36428600 0.40705200
vt 0.35155100 0.40608900
vt 0.36428600 0.43140700
vt 0.36428600 0.43756300
vt 0.35155100 0.43691600
vt 0.36428600 0.46551500
vt 0.36428600 0.46864000
vt 0.35155100 0.46831500
vt 0.14267100 0.35694700
vt 0.15788700 0.32362800
vt 0.15482600 0.36181300
vt 0.16952400 0.32962800
vt 0.16629600 0.36640500
vt 0.44522300 0.11901700
vt 0.48168600 0.11553600
vt 0.44708600 0.13197700
vt 0.48230900 0.12861400
vt 0.44884500 0.14420600
vt 0.80255200 0.26207100
vt 0.82379900 0.29190700
vt 0.79226000 0.27016400
vt 0.81278400 0.29898600
vt 0.78254800 0.27780100
vt 0.13069100 0.39156100
vt 0.14267100 0.35694700
vt 0.14325300 0.39525000
vt 0.15482600 0.36181300
vt 0.15510800 0.39873100
vt 0.16629600 0.36640500
vt 0.16558700 0.40180800
vt 0.40925600 0.12595000
vt 0.44522300 0.11901700
vt 0.41234300 0.13867300
vt 0.44708600 0.13197700
vt 0.41525600 0.15068000
vt 0.44884500 0.14420600
vt 0.41783100 0.16129400
vt 0.77856500 0.23438900
vt 0.80255200 0.26207100
vt 0.76909000 0.24342400
vt 0.79226000 0.27016400
vt 0.76014800 0.25195000
vt 0.78254800 0.27780100
vt 0.75224300 0.25948600
vt 0.12205600 0.42715700
vt 0.13069100 0.39156100
vt 0.13491200 0.42963500
vt 0.14325300 0.39525000
vt 0.14704400 0.43197300
vt 0.15510800 0.39873100
vt 0.15776800 0.43404000
vt 0.16558700 0.40180800
vt 0.33998000 0.43571900
vt 0.37411200 0.13626900
vt 0.40925600 0.12595000
vt 0.37839400 0.14864200
vt 0.41234300 0.13867300
vt 0.38243500 0.16031700
vt 0.41525600 0.15068000
vt 0.38600700 0.17063800
vt 0.41783100 0.16129400
vt 0.38890900 0.33998000
vt 0.75205600 0.20911200
vt 0.77856500 0.23438900
vt 0.74348200 0.21900700
vt 0.76909000 0.24342400
vt 0.73539100 0.22834400
vt 0.76014800 0.25195000
vt 0.72823900 0.23659800
vt 0.75224300 0.25948600
vt 0.72242900 0.33998000
vt 0.11684300 0.46341300
vt 0.12205600 0.42715700
vt 0.12987600 0.46465700
vt 0.13491200 0.42963500
vt 0.14217500 0.46583200
vt 0.14704400 0.43197300
vt 0.15304800 0.46687000
vt 0.15776800 0.43404000
vt 0.33998000 0.46771400
vt 0.33998000 0.43571900
vt 0.35155100 0.46831500
vt 0.34010700 0.14988200
vt 0.37411200 0.13626900
vt 0.34554600 0.16179200
vt 0.37839400 0.14864200
vt 0.35067800 0.17303100
vt 0.38243500 0.16031700
vt 0.35521500 0.18296600
vt 0.38600700 0.17063800
vt 0.35890100 0.33998000
vt 0.38890900 0.33998000
vt 0.36152800 0.35155100
vt 0.72326400 0.18647000
vt 0.75205600 0.20911200
vt 0.71567000 0.19713500
vt 0.74348200 0.21900700
vt 0.70850300 0.20719900
vt 0.73539100 0.22834400
vt 0.70216800 0.21609500
vt 0.72823900 0.23659800
vt 0.69702100 0.33998000
vt 0.72242900 0.33998000
vt 0.69335300 0.35155100
vt 0.33998000 0.34436000
vt 0.35155100 0.34725800
vt 0.35155100 0.37611200
vt 0.48383800 0.33998000
vt 0.48413900 0.35155100
vt 0.45256200 0.35155100
vt 0.66002000 0.31636700
vt 0.64844900 0.31978600
vt 0.64844900 0.29394700
vt 0.11510000 0.50000000
vt 0.11684300 0.46341300
vt 0.12819300 0.50000000
vt 0.12987600 0.46465700
vt 0.14054800 0.50000000
vt 0.14217500 0.46583200
vt 0.15146900 0.50000000
vt 0.15304800 0.46687000
vt 0.33998000 0.50000000
vt 0.33998000 0.46771400
vt 0.35155100 0.50000000
vt 0.35155100 0.46831500
vt 0.36428600 0.50000000
vt 0.36428600 0.46864000
vt 0.16952400 0.32962800
vt 0.18050600 0.33529000
vt 0.16629600 0.36640500
vt 0.17643500 0.37046400
vt 0.16558700 0.40180800
vt 0.33998000 0.40430700
vt 0.33998000 0.43571900
vt 0.35155100 0.43691600
vt 0.35155100 0.46831500
vt 0.36428600 0.43756300
vt 0.36428600 0.46551500
vt 0.18050600 0.33529000
vt 0.19021400 0.34029400
vt 0.17643500 0.37046400
vt 0.33998000 0.37376200
vt 0.33998000 0.40430700
vt 0.35155100 0.40608900
vt 0.35155100 0.43691600
vt 0.36428600 0.40705200
vt 0.36428600 0.43140700
vt 0.19021400 0.34029400
vt 0.33998000 0.34436000
vt 0.33998000 0.37376200
vt 0.35155100 0.37611200
vt 0.35155100 0.40608900
vt 0.36428600 0.37738300
vt 0.36428600 0.39805100
vt 0.36428600 0.30608100
vt 0.36428600 0.32163500
vt 0.35155100 0.31978600
vt 0.35155100 0.34725800
vt 0.33998000 0.31636700
vt 0.33998000 0.34436000
vt 0.20679700 0.31157000
vt 0.19021400 0.34029400
vt 0.19761000 0.30566500
vt 0.18050600 0.33529000
vt 0.18721600 0.29898600
vt 0.16952400 0.32962800
vt 0.17620100 0.29190700
vt 0.15788700 0.32362800
vt 0.36428600 0.32163500
vt 0.36428600 0.33504300
vt 0.35155100 0.34725800
vt 0.36428600 0.34882400
vt 0.35155100 0.37611200
vt 0.36428600 0.36581200
vt 0.36428600 0.37738300
vt 0.36428600 0.29606000
vt 0.36428600 0.30608100
vt 0.35155100 0.29394700
vt 0.35155100 0.31978600
vt 0.33998000 0.29003800
vt 0.33998000 0.31636700
vt 0.22603700 0.28455300
vt 0.20679700 0.31157000
vt 0.21745100 0.27780100
vt 0.19761000 0.30566500
vt 0.20774000 0.27016400
vt 0.18721600 0.29898600
vt 0.19744800 0.26207100
vt 0.17620100 0.29190700
vt 0.36428600 0.27233300
vt 0.36428600 0.27924400
vt 0.35155100 0.26997300
vt 0.35155100 0.29394700
vt 0.33998000 0.26560900
vt 0.33998000 0.29003800
vt 0.24775700 0.25948600
vt 0.22603700 0.28455300
vt 0.23985200 0.25195000
vt 0.21745100 0.27780100
vt 0.23091000 0.24342400
vt 0.20774000 0.27016400
vt 0.22143500 0.23438900
vt 0.19744800 0.26207100
vt 0.28395200 0.36428600
vt 0.27924400 0.36428600
vt 0.28171300 0.35155100
vt 0.35155100 0.26997300
vt 0.27757100 0.33998000
vt 0.33998000 0.26560900
vt 0.27176100 0.23659800
vt 0.24775700 0.25948600
vt 0.26460900 0.22834400
vt 0.23985200 0.25195000
vt 0.25651800 0.21900700
vt 0.23091000 0.24342400
vt 0.24794400 0.20911200
vt 0.22143500 0.23438900
vt 0.30863100 0.36428600
vt 0.30608100 0.36428600
vt 0.30664800 0.35155100
vt 0.28171300 0.35155100
vt 0.30297900 0.33998000
vt 0.27757100 0.33998000
vt 0.29783200 0.21609500
vt 0.27176100 0.23659800
vt 0.29149700 0.20719900
vt 0.26460900 0.22834400
vt 0.28433000 0.19713500
vt 0.25651800 0.21900700
vt 0.27673600 0.18647000
vt 0.24794400 0.20911200
vt 0.27673600 0.18647000
vt 0.30755000 0.16666700
vt 0.28433000 0.19713500
vt 0.31409600 0.17800500
vt 0.29149700 0.20719900
vt 0.32027400 0.18870500
vt 0.29783200 0.21609500
vt 0.32573500 0.19816400
vt 0.30297900 0.33998000
vt 0.33017100 0.33998000
vt 0.30664800 0.35155100
vt 0.33333300 0.35155100
vt 0.30863100 0.36428600
vt 0.33504300 0.36428600
vt 0.30755000 0.16666700
vt 0.34010700 0.14988200
vt 0.31409600 0.17800500
vt 0.34554600 0.16179200
vt 0.32027400 0.18870500
vt 0.35067800 0.17303100
vt 0.32573500 0.19816400
vt 0.35521500 0.18296600
vt 0.33017100 0.33998000
vt 0.35890100 0.33998000
vt 0.33333300 0.35155100
vt 0.36152800 0.35155100
vt 0.33504300 0.36428600
vt 0.36294900 0.36428600
vt 0.48230900 0.12861400
vt 0.48289700 0.14095500
vt 0.44884500 0.14420600
vt 0.45039900 0.15501700
vt 0.41783100 0.16129400
vt 0.41992300 0.33998000
vt 0.38890900 0.33998000
vt 0.39097700 0.35155100
vt 0.36152800 0.35155100
vt 0.39209600 0.36428600
vt 0.36581200 0.36428600
vt 0.48289700 0.14095500
vt 0.48341600 0.15186400
vt 0.45039900 0.15501700
vt 0.45166200 0.33998000
vt 0.41992300 0.33998000
vt 0.42141400 0.35155100
vt 0.39097700 0.35155100
vt 0.42222000 0.36428600
vt 0.39805100 0.36428600
vt 0.48341600 0.15186400
vt 0.48383800 0.33998000
vt 0.45166200 0.33998000
vt 0.45256200 0.35155100
vt 0.42141400 0.35155100
vt 0.45304800 0.36428600
vt 0.43140700 0.36428600
vt 0.53448600 0.36428600
vt 0.51569800 0.36428600
vt 0.51586100 0.35155100
vt 0.48413900 0.35155100
vt 0.51616200 0.33998000
vt 0.48383800 0.33998000
vt 0.51658400 0.15186400
vt 0.48341600 0.15186400
vt 0.51710300 0.14095500
vt 0.48289700 0.14095500
vt 0.51769100 0.12861400
vt 0.48230900 0.12861400
vt 0.51831400 0.11553600
vt 0.48168600 0.11553600
vt 0.51569800 0.36428600
vt 0.50000000 0.36428600
vt 0.48413900 0.35155100
vt 0.48430200 0.36428600
vt 0.45256200 0.35155100
vt 0.46551500 0.36428600
vt 0.45304800 0.36428600
vt 0.54695200 0.36428600
vt 0.53448600 0.36428600
vt 0.54743800 0.35155100
vt 0.51586100 0.35155100
vt 0.54833800 0.33998000
vt 0.51616200 0.33998000
vt 0.54960100 0.15501700
vt 0.51658400 0.15186400
vt 0.55115500 0.14420600
vt 0.51710300 0.14095500
vt 0.55291400 0.13197700
vt 0.51769100 0.12861400
vt 0.55477700 0.11901700
vt 0.51831400 0.11553600
vt 0.57778000 0.36428600
vt 0.56859300 0.36428600
vt 0.57858600 0.35155100
vt 0.54743800 0.35155100
vt 0.58007700 0.33998000
vt 0.54833800 0.33998000
vt 0.58216900 0.16129400
vt 0.54960100 0.15501700
vt 0.58474400 0.15068000
vt 0.55115500 0.14420600
vt 0.58765700 0.13867300
vt 0.55291400 0.13197700
vt 0.59074400 0.12595000
vt 0.55477700 0.11901700
vt 0.60790400 0.36428600
vt 0.60194900 0.36428600
vt 0.60902300 0.35155100
vt 0.57858600 0.35155100
vt 0.61109100 0.33998000
vt 0.58007700 0.33998000
vt 0.61399300 0.17063800
vt 0.58216900 0.16129400
vt 0.61756500 0.16031700
vt 0.58474400 0.15068000
vt 0.62160600 0.14864200
vt 0.58765700 0.13867300
vt 0.62588900 0.13626900
vt 0.59074400 0.12595000
vt 0.63705100 0.36428600
vt 0.63418800 0.36428600
vt 0.63847200 0.35155100
vt 0.60902300 0.35155100
vt 0.64109900 0.33998000
vt 0.61109100 0.33998000
vt 0.64478500 0.18296600
vt 0.61399300 0.17063800
vt 0.64932200 0.17303100
vt 0.61756500 0.16031700
vt 0.65445400 0.16179200
vt 0.62160600 0.14864200
vt 0.65989300 0.14988200
vt 0.62588900 0.13626900
vt 0.65989300 0.14988200
vt 0.69245000 0.16666700
vt 0.65445400 0.16179200
vt 0.68590400 0.17800500
vt 0.64932200 0.17303100
vt 0.67972600 0.18870500
vt 0.64478500 0.18296600
vt 0.67426500 0.19816400
vt 0.64109900 0.33998000
vt 0.66982900 0.33998000
vt 0.63847200 0.35155100
vt 0.66666700 0.35155100
vt 0.63705100 0.36428600
vt 0.66495700 0.36428600
vt 0.69245000 0.16666700
vt 0.72326400 0.18647000
vt 0.68590400 0.17800500
vt 0.71567000 0.19713500
vt 0.67972600 0.18870500
vt 0.70850300 0.20719900
vt 0.67426500 0.19816400
vt 0.70216800 0.21609500
vt 0.66982900 0.33998000
vt 0.69702100 0.33998000
vt 0.66666700 0.35155100
vt 0.69335300 0.35155100
vt 0.66495700 0.36428600
vt 0.69136900 0.36428600
vt 0.81278400 0.29898600
vt 0.80239000 0.30566500
vt 0.78254800 0.27780100
vt 0.77396400 0.28455300
vt 0.75224300 0.25948600
vt 0.66002000 0.26560900
vt 0.72242900 0.33998000
vt 0.71828700 0.35155100
vt 0.69335300 0.35155100
vt 0.71604800 0.36428600
vt 0.69391900 0.36428600
vt 0.80239000 0.30566500
vt 0.79320300 0.31157000
vt 0.77396400 0.28455300
vt 0.66002000 0.29003800
vt 0.66002000 0.26560900
vt 0.64844900 0.26997300
vt 0.71828700 0.35155100
vt 0.63571400 0.27233300
vt 0.72075600 0.36428600
vt 0.79320300 0.31157000
vt 0.66002000 0.31636700
vt 0.66002000 0.29003800
vt 0.64844900 0.29394700
vt 0.64844900 0.26997300
vt 0.63571400 0.29606000
vt 0.63571400 0.27924400
vt 0.63571400 0.36581200
vt 0.63571400 0.34882400
vt 0.64844900 0.34725800
vt 0.64844900 0.31978600
vt 0.66002000 0.34436000
vt 0.66002000 0.31636700
vt 0.80978600 0.34029400
vt 0.79320300 0.31157000
vt 0.81949400 0.33529000
vt 0.80239000 0.30566500
vt 0.83047600 0.32962800
vt 0.81278400 0.29898600
vt 0.84211300 0.32362800
vt 0.82379900 0.29190700
vt 0.63571400 0.34882400
vt 0.63571400 0.33504300
vt 0.64844900 0.31978600
vt 0.63571400 0.32163500
vt 0.64844900 0.29394700
vt 0.63571400 0.30608100
vt 0.63571400 0.29606000
vt 0.63571400 0.37738300
vt 0.63571400 0.36581200
vt 0.64844900 0.37611200
vt 0.64844900 0.34725800
vt 0.66002000 0.37376200
vt 0.66002000 0.34436000
vt 0.82356500 0.37046400
vt 0.80978600 0.34029400
vt 0.83370400 0.36640500
vt 0.81949400 0.33529000
vt 0.84517400 0.36181300
vt 0.83047600 0.32962800
vt 0.85732900 0.35694700
vt 0.84211300 0.32362800
vt 0.63571400 0.40705200
vt 0.63571400 0.39805100
vt 0.64844900 0.40608900
vt 0.64844900 0.37611200
vt 0.66002000 0.40430700
vt 0.66002000 0.37376200
vt 0.83441300 0.40180800
vt 0.82356500 0.37046400
vt 0.84489200 0.39873100
vt 0.83370400 0.36640500
vt 0.85674700 0.39525000
vt 0.84517400 0.36181300
vt 0.86930900 0.39156100
vt 0.85732900 0.35694700
vt 0.63571400 0.43756300
vt 0.63571400 0.43140700
vt 0.64844900 0.43691600
vt 0.64844900 0.40608900
vt 0.66002000 0.43571900
vt 0.66002000 0.40430700
vt 0.84223200 0.43404000
vt 0.83441300 0.40180800
vt 0.85295600 0.43197300
vt 0.84489200 0.39873100
vt 0.86508800 0.42963500
vt 0.85674700 0.39525000
vt 0.87794500 0.42715700
vt 0.86930900 0.39156100
vt 0.63571400 0.46864000
vt 0.63571400 0.46551500
vt 0.64844900 0.46831500
vt 0.64844900 0.43691600
vt 0.66002000 0.46771400
vt 0.66002000 0.43571900
vt 0.84695200 0.46687000
vt 0.84223200 0.43404000
vt 0.85782500 0.46583200
vt 0.85295600 0.43197300
vt 0.87012400 0.46465700
vt 0.86508800 0.42963500
vt 0.88315700 0.46341300
vt 0.87794500 0.42715700
vt 0.88315700 0.46341300
vt 0.88490000 0.50000000
vt 0.87012400 0.46465700
vt 0.87180700 0.50000000
vt 0.85782500 0.46583200
vt 0.85945200 0.50000000
vt 0.84695200 0.46687000
vt 0.84853000 0.50000000
vt 0.66002000 0.46771400
vt 0.66002000 0.50000000
vt 0.64844900 0.46831500
vt 0.64844900 0.50000000
vt 0.63571400 0.46864000
vt 0.63571400 0.50000000
vt 0.79706400 0.37222200
vt 0.81032200 0.37222200
vt 0.79348400 0.68333300
vt 0.81032200 0.68333300
vt 0.79706400 0.37222200
vt 0.79348400 0.68333300
vt 0.78219700 0.37222200
vt 0.77427500 0.68333300
vt 0.77427500 0.37222200
vt 0.77427500 0.37222200
vt 0.77427500 0.68333300
vt 0.76608900 0.37222200
vt 0.75343100 0.68333300
vt 0.74913600 0.37222200
vt 0.73175400 0.68333300
vt 0.73175400 0.37222200
vt 0.37222200 0.73175400
vt 0.68333300 0.73175400
vt 0.68333300 0.75343100
vt 0.96745600 0.68333300
vt 0.96745600 0.37222200
vt 0.37222200 0.79706400
vt 0.96745600 0.68333300
vt 0.37222200 0.79706400
vt 0.68333300 0.79348400
vt 0.37222200 0.78219700
vt 0.68333300 0.77427500
vt 0.37222200 0.78219700
vt 0.37222200 0.77427500
vt 0.68333300 0.77427500
vt 0.37222200 0.76608900
vt 0.68333300 0.75343100
vt 0.37222200 0.74913600
vt 0.37222200 0.73175400
vt 0.37222200 0.20293700
vt 0.03254400 0.37222200
vt 0.68333300 0.20651600
vt 0.03254400 0.68333300
vt 0.37222200 0.20293700
vt 0.68333300 0.20651600
vt 0.37222200 0.21780200
vt 0.68333300 0.22572600
vt 0.37222200 0.22572600
vt 0.37222200 0.22572600
vt 0.68333300 0.22572600
vt 0.37222200 0.23391100
vt 0.68333300 0.24656900
vt 0.37222200 0.25086400
vt 0.68333300 0.26824600
vt 0.37222200 0.26824600
vt 0.26824600 0.37222200
vt 0.26824600 0.68333300
vt 0.24656900 0.68333300
vt 0.18967900 0.68333300
vt 0.18967900 0.37222200
vt 0.20293700 0.37222200
vt 0.18967900 0.68333300
vt 0.20293700 0.37222200
vt 0.20651600 0.68333300
vt 0.21780300 0.37222200
vt 0.22572600 0.68333300
vt 0.21780300 0.37222200
vt 0.22572600 0.37222200
vt 0.22572600 0.68333300
vt 0.23391100 0.37222200
vt 0.24656900 0.68333300
vt 0.25086400 0.37222200
vt 0.26824600 0.37222200
vt 0.79706400 0.37222200
vt 0.81032200 0.37222200
vt 0.79348400 0.68333300
vt 0.81032200 0.68333300
vt 0.79706400 0.37222200
vt 0.79348400 0.68333300
vt 0.78219700 0.37222200
vt 0.77427500 0.68333300
vt 0.77427500 0.37222200
vt 0.77427500 0.37222200
vt 0.77427500 0.68333300
vt 0.76608900 0.37222200
vt 0.75343100 0.68333300
vt 0.74913600 0.37222200
vt 0.73175400 0.68333300
vt 0.73175400 0.37222200
vt 0.62777800 0.26824600
vt 0.31666700 0.26824600
vt 0.31666700 0.24656900
vt 0.96745600 0.68333300
vt 0.96745600 0.37222200
vt 0.62777800 0.20293700
vt 0.96745600 0.68333300
vt 0.62777800 0.20293700
vt 0.31666700 0.20651600
vt 0.62777800 0.21780200
vt 0.31666700 0.22572600
vt 0.62777800 0.21780200
vt 0.62777800 0.22572600
vt 0.31666700 0.22572600
vt 0.62777800 0.23391100
vt 0.31666700 0.24656900
vt 0.62777800 0.25086400
vt 0.62777800 0.26824600
vt 0.62777800 0.79706400
vt 0.03254400 0.37222200
vt 0.31666700 0.79348400
vt 0.03254400 0.68333300
vt 0.62777800 0.79706400
vt 0.31666700 0.79348400
vt 0.62777800 0.78219700
vt 0.31666700 0.77427500
vt 0.62777800 0.77427500
vt 0.62777800 0.77427500
vt 0.31666700 0.77427500
vt 0.62777800 0.76608900
vt 0.31666700 0.75343100
vt 0.62777800 0.74913600
vt 0.31666700 0.73175400
vt 0.62777800 0.73175400
vt 0.26824600 0.37222200
vt 0.26824600 0.68333300
vt 0.24656900 0.68333300
vt 0.18967900 0.68333300
vt 0.18967900 0.37222200
vt 0.20293700 0.37222200
vt 0.18967900 0.68333300
vt 0.20293700 0.37222200
vt 0.20651600 0.68333300
vt 0.21780300 0.37222200
vt 0.22572600 0.68333300
vt 0.21780300 0.37222200
vt 0.22572600 0.37222200
vt 0.22572600 0.68333300
vt 0.23391100 0.37222200
vt 0.24656900 0.68333300
vt 0.25086400 0.37222200
vt 0.26824600 0.37222200
vt 0.20375500 0.35986000
vt 0.20293700 0.37222200
vt 0.18967900 0.37222200
vt 0.22572600 0.37222200
vt 0.21780300 0.37222200
vt 0.21843500 0.35986000
vt 0.26824600 0.37222200
vt 0.25086400 0.37222200
vt 0.26824600 0.35986000
vt 0.25108200 0.35986000
vt 0.26824600 0.35784300
vt 0.25172500 0.34811800
vt 0.18967900 0.37222200
vt 0.19066400 0.35986000
vt 0.20375500 0.35986000
vt 0.19101700 0.35784300
vt 0.20617000 0.34811800
vt 0.25276000 0.33758400
vt 0.26824600 0.34444500
vt 0.25172500 0.34811800
vt 0.26824600 0.34811800
vt 0.26824600 0.35784300
vt 0.19101700 0.35784300
vt 0.19356900 0.34811800
vt 0.20617000 0.34811800
vt 0.19494200 0.34444500
vt 0.21006100 0.33758400
vt 0.74586300 0.02202800
vt 0.73175400 0.01627200
vt 0.25276000 0.33758400
vt 0.26824600 0.33758400
vt 0.26824600 0.34444500
vt 0.19494200 0.34444500
vt 0.80175100 0.04111400
vt 0.21006100 0.33758400
vt 0.79881500 0.04405000
vt 0.78476900 0.03814300
vt 0.73175400 0.04117700
vt 0.73175400 0.03145100
vt 0.74421600 0.03243200
vt 0.73175400 0.02777800
vt 0.74586300 0.02202800
vt 0.73175400 0.02091700
vt 0.73175400 0.01627200
vt 0.25086400 0.37222200
vt 0.23391100 0.37222200
vt 0.25108200 0.35986000
vt 0.23434100 0.35986000
vt 0.25172500 0.34811800
vt 0.23561100 0.34811800
vt 0.25276000 0.33758400
vt 0.23765600 0.33758400
vt 0.74586300 0.02202800
vt 0.75962500 0.02533200
vt 0.74421600 0.03243200
vt 0.75637000 0.03535000
vt 0.23391100 0.37222200
vt 0.22572600 0.37222200
vt 0.23434100 0.35986000
vt 0.21843500 0.35986000
vt 0.23561100 0.34811800
vt 0.22030000 0.34811800
vt 0.23765600 0.33758400
vt 0.22330500 0.33758400
vt 0.75962500 0.02533200
vt 0.77270100 0.03074800
vt 0.75637000 0.03535000
vt 0.76791900 0.04013300
vt 0.21780300 0.37222200
vt 0.20293700 0.37222200
vt 0.21843500 0.35986000
vt 0.20375500 0.35986000
vt 0.22030000 0.34811800
vt 0.20617000 0.34811800
vt 0.22330500 0.33758400
vt 0.21006100 0.33758400
vt 0.77270100 0.03074800
vt 0.78476900 0.03814300
vt 0.76791900 0.04013300
vt 0.77857700 0.04666500
vt 0.73175400 0.05555600
vt 0.73175400 0.04319300
vt 0.74237900 0.04402900
vt 0.73175400 0.04117700
vt 0.79881500 0.04405000
vt 0.79553100 0.04733400
vt 0.78476900 0.03814300
vt 0.79068000 0.05218600
vt 0.77857700 0.04666500
vt 0.78808200 0.05478300
vt 0.78120500 0.06166000
vt 0.73175400 0.04117700
vt 0.74421600 0.03243200
vt 0.74237900 0.04402900
vt 0.75637000 0.03535000
vt 0.75274200 0.04651700
vt 0.76791900 0.04013300
vt 0.76258800 0.05059600
vt 0.77857700 0.04666500
vt 0.77167500 0.05616400
vt 0.78120500 0.06166000
vt 0.77977900 0.06308600
vt 0.73175400 0.05555600
vt 0.74237900 0.04402900
vt 0.74044500 0.05624000
vt 0.75274200 0.04651700
vt 0.74892200 0.05827500
vt 0.76258800 0.05059600
vt 0.75697600 0.06161100
vt 0.77167500 0.05616400
vt 0.76440900 0.06616600
vt 0.77977900 0.06308600
vt 0.77103800 0.07182700
vt 0.18967900 0.37222200
vt 0.03254400 0.37222200
vt 0.19066400 0.35986000
vt 0.03352900 0.35986000
vt 0.19101700 0.35784300
vt 0.03388200 0.35784300
vt 0.19356900 0.34811800
vt 0.03643400 0.34811800
vt 0.19494200 0.34444500
vt 0.03780700 0.34444500
vt 0.80175100 0.04111400
vt 0.95888600 0.19824900
vt 0.79881500 0.04405000
vt 0.95595000 0.20118400
vt 0.79553100 0.04733400
vt 0.95266600 0.20446900
vt 0.79068000 0.05218600
vt 0.94781500 0.20932000
vt 0.78808200 0.05478300
vt 0.94521700 0.21191800
vt 0.78120500 0.06166000
vt 0.93834000 0.21879500
vt 0.77977900 0.06308600
vt 0.93691400 0.22022100
vt 0.77103800 0.07182700
vt 0.92817300 0.22896200
vt 0.73175400 0.37222200
vt 0.26824600 0.37222200
vt 0.73175400 0.35986000
vt 0.26824600 0.35986000
vt 0.73175400 0.35784300
vt 0.26824600 0.35784300
vt 0.73175400 0.34811800
vt 0.26824600 0.34811800
vt 0.73175400 0.34444500
vt 0.26824600 0.34444500
vt 0.73175400 0.33758400
vt 0.26824600 0.33758400
vt 0.26824600 0.01627200
vt 0.73175400 0.01627200
vt 0.26824600 0.02091700
vt 0.73175400 0.02091700
vt 0.26824600 0.02777800
vt 0.73175400 0.02777800
vt 0.26824600 0.03145100
vt 0.73175400 0.03145100
vt 0.26824600 0.04117700
vt 0.73175400 0.04117700
vt 0.26824600 0.04319300
vt 0.73175400 0.04319300
vt 0.26824600 0.05555600
vt 0.73175400 0.05555600
vt 0.35986000 0.25108200
vt 0.37222200 0.25086400
vt 0.37222200 0.26824600
vt 0.37222200 0.22572600
vt 0.37222200 0.23391100
vt 0.35986000 0.23434100
vt 0.03254400 0.37222200
vt 0.37222200 0.20293700
vt 0.03352900 0.35986000
vt 0.35986000 0.20375500
vt 0.03388200 0.35784300
vt 0.34811800 0.20617000
vt 0.37222200 0.26824600
vt 0.35986000 0.26824600
vt 0.35986000 0.25108200
vt 0.35784300 0.26824600
vt 0.34811800 0.25172500
vt 0.33758400 0.21006100
vt 0.03780700 0.34444500
vt 0.34811800 0.20617000
vt 0.03643400 0.34811800
vt 0.03388200 0.35784300
vt 0.35784300 0.26824600
vt 0.34811800 0.26824600
vt 0.34811800 0.25172500
vt 0.34444500 0.26824600
vt 0.33758400 0.25276000
vt 0.96185700 0.21523100
vt 0.95595000 0.20118400
vt 0.33758400 0.21006100
vt 0.95888600 0.19824900
vt 0.03780700 0.34444500
vt 0.34444500 0.26824600
vt 0.33758400 0.26824600
vt 0.33758400 0.25276000
vt 0.98372800 0.26824600
vt 0.97797200 0.25413700
vt 0.93834000 0.21879500
vt 0.94521700 0.21191800
vt 0.95333500 0.22142300
vt 0.94781500 0.20932000
vt 0.96185700 0.21523100
vt 0.95266600 0.20446900
vt 0.95595000 0.20118400
vt 0.37222200 0.20293700
vt 0.37222200 0.21780200
vt 0.35986000 0.20375500
vt 0.35986000 0.21843500
vt 0.34811800 0.20617000
vt 0.34811800 0.22030000
vt 0.33758400 0.21006100
vt 0.33758400 0.22330500
vt 0.96185700 0.21523100
vt 0.96925200 0.22729900
vt 0.95333500 0.22142300
vt 0.95986700 0.23208100
vt 0.37222200 0.21780200
vt 0.37222200 0.22572600
vt 0.35986000 0.21843500
vt 0.35986000 0.23434100
vt 0.34811800 0.22030000
vt 0.34811800 0.23561100
vt 0.33758400 0.22330500
vt 0.33758400 0.23765600
vt 0.96925200 0.22729900
vt 0.97466800 0.24037500
vt 0.95986700 0.23208100
vt 0.96465000 0.24363000
vt 0.37222200 0.23391100
vt 0.37222200 0.25086400
vt 0.35986000 0.23434100
vt 0.35986000 0.25108200
vt 0.34811800 0.23561100
vt 0.34811800 0.25172500
vt 0.33758400 0.23765600
vt 0.33758400 0.25276000
vt 0.97466800 0.24037500
vt 0.97797200 0.25413700
vt 0.96465000 0.24363000
vt 0.96756800 0.25578400
vt 0.92817300 0.22896200
vt 0.93691400 0.22022100
vt 0.94383500 0.22832500
vt 0.93834000 0.21879500
vt 0.98372800 0.26824600
vt 0.97908300 0.26824600
vt 0.97797200 0.25413700
vt 0.97222200 0.26824600
vt 0.96756800 0.25578400
vt 0.96854900 0.26824600
vt 0.95882300 0.26824600
vt 0.93834000 0.21879500
vt 0.95333500 0.22142300
vt 0.94383500 0.22832500
vt 0.95986700 0.23208100
vt 0.94940400 0.23741200
vt 0.96465000 0.24363000
vt 0.95348300 0.24725800
vt 0.96756800 0.25578400
vt 0.95597100 0.25762100
vt 0.95882300 0.26824600
vt 0.95680700 0.26824600
vt 0.92817300 0.22896200
vt 0.94383500 0.22832500
vt 0.93383400 0.23559100
vt 0.94940400 0.23741200
vt 0.93838900 0.24302400
vt 0.95348300 0.24725800
vt 0.94172500 0.25107800
vt 0.95597100 0.25762100
vt 0.94376100 0.25955500
vt 0.95680700 0.26824600
vt 0.94444400 0.26824600
vt 0.74891800 0.35986000
vt 0.74913600 0.37222200
vt 0.73175400 0.37222200
vt 0.77427500 0.37222200
vt 0.76608900 0.37222200
vt 0.76565900 0.35986000
vt 0.77427500 0.37222200
vt 0.76565900 0.35986000
vt 0.78219700 0.37222200
vt 0.80933600 0.35986000
vt 0.79624500 0.35986000
vt 0.80898300 0.35784300
vt 0.79383000 0.34811800
vt 0.73175400 0.37222200
vt 0.73175400 0.35986000
vt 0.74891800 0.35986000
vt 0.73175400 0.35784300
vt 0.74827500 0.34811800
vt 0.78993900 0.33758400
vt 0.80505800 0.34444500
vt 0.79383000 0.34811800
vt 0.80643100 0.34811800
vt 0.80898300 0.35784300
vt 0.73175400 0.35784300
vt 0.73175400 0.34811800
vt 0.74827500 0.34811800
vt 0.73175400 0.34444500
vt 0.74724000 0.33758400
vt 0.21523100 0.03814300
vt 0.20118400 0.04405000
vt 0.78993900 0.33758400
vt 0.19824900 0.04111400
vt 0.80505800 0.34444500
vt 0.73175400 0.34444500
vt 0.73175400 0.33758400
vt 0.74724000 0.33758400
vt 0.26824600 0.01627200
vt 0.25413700 0.02202800
vt 0.21879500 0.06166000
vt 0.21191800 0.05478300
vt 0.22142300 0.04666500
vt 0.20932000 0.05218600
vt 0.21523100 0.03814300
vt 0.20446900 0.04733400
vt 0.20118400 0.04405000
vt 0.79624500 0.35986000
vt 0.78156500 0.35986000
vt 0.79383000 0.34811800
vt 0.77970000 0.34811800
vt 0.78993900 0.33758400
vt 0.77669500 0.33758400
vt 0.21523100 0.03814300
vt 0.22729900 0.03074800
vt 0.22142300 0.04666500
vt 0.23208100 0.04013300
vt 0.24363000 0.03535000
vt 0.23208100 0.04013300
vt 0.24037500 0.02533200
vt 0.22729900 0.03074800
vt 0.76234400 0.33758400
vt 0.77669500 0.33758400
vt 0.76438900 0.34811800
vt 0.77970000 0.34811800
vt 0.76565900 0.35986000
vt 0.78156500 0.35986000
vt 0.78219700 0.37222200
vt 0.79624500 0.35986000
vt 0.79706400 0.37222200
vt 0.80933600 0.35986000
vt 0.81032200 0.37222200
vt 0.76608900 0.37222200
vt 0.74913600 0.37222200
vt 0.76565900 0.35986000
vt 0.74891800 0.35986000
vt 0.76438900 0.34811800
vt 0.74827500 0.34811800
vt 0.76234400 0.33758400
vt 0.74724000 0.33758400
vt 0.24037500 0.02533200
vt 0.25413700 0.02202800
vt 0.24363000 0.03535000
vt 0.25578400 0.03243200
vt 0.22896200 0.07182700
vt 0.22022100 0.06308600
vt 0.22832500 0.05616400
vt 0.21879500 0.06166000
vt 0.26824600 0.01627200
vt 0.26824600 0.02091700
vt 0.25413700 0.02202800
vt 0.26824600 0.02777800
vt 0.25578400 0.03243200
vt 0.26824600 0.03145100
vt 0.26824600 0.04117700
vt 0.21879500 0.06166000
vt 0.22142300 0.04666500
vt 0.22832500 0.05616400
vt 0.23208100 0.04013300
vt 0.23741200 0.05059600
vt 0.24363000 0.03535000
vt 0.24725800 0.04651700
vt 0.25578400 0.03243200
vt 0.25762100 0.04402900
vt 0.26824600 0.04117700
vt 0.26824600 0.04319300
vt 0.22896200 0.07182700
vt 0.22832500 0.05616400
vt 0.23559100 0.06616600
vt 0.23741200 0.05059600
vt 0.24302400 0.06161100
vt 0.24725800 0.04651700
vt 0.25107800 0.05827500
vt 0.25762100 0.04402900
vt 0.25955500 0.05624000
vt 0.26824600 0.04319300
vt 0.26824600 0.05555600
vt 0.37222200 0.26824600
vt 0.37222200 0.50000000
vt 0.35986000 0.26824600
vt 0.35784300 0.50000000
vt 0.35784300 0.26824600
vt 0.35784300 0.26824600
vt 0.35784300 0.50000000
vt 0.34811800 0.26824600
vt 0.34444500 0.50000000
vt 0.34444500 0.26824600
vt 0.34444500 0.26824600
vt 0.34444500 0.50000000
vt 0.33758400 0.26824600
vt 0.98372800 0.50000000
vt 0.98372800 0.26824600
vt 0.98372800 0.26824600
vt 0.98372800 0.50000000
vt 0.97908300 0.26824600
vt 0.97222200 0.50000000
vt 0.97222200 0.26824600
vt 0.97222200 0.26824600
vt 0.97222200 0.50000000
vt 0.96854900 0.26824600
vt 0.95882300 0.50000000
vt 0.95882300 0.26824600
vt 0.95882300 0.26824600
vt 0.95882300 0.50000000
vt 0.95680700 0.26824600
vt 0.94444400 0.50000000
vt 0.94444400 0.26824600
vt 0.96745600 0.37222200
vt 0.81032200 0.37222200
vt 0.96647100 0.35986000
vt 0.80933600 0.35986000
vt 0.96611800 0.35784300
vt 0.80898300 0.35784300
vt 0.96356600 0.34811800
vt 0.80643100 0.34811800
vt 0.96219300 0.34444500
vt 0.80505800 0.34444500
vt 0.04111400 0.19824900
vt 0.19824900 0.04111400
vt 0.04405000 0.20118400
vt 0.20118400 0.04405000
vt 0.04733400 0.20446900
vt 0.20446900 0.04733400
vt 0.05218600 0.20932000
vt 0.20932000 0.05218600
vt 0.05478300 0.21191800
vt 0.21191800 0.05478300
vt 0.06166000 0.21879500
vt 0.21879500 0.06166000
vt 0.06308600 0.22022100
vt 0.22022100 0.06308600
vt 0.07182700 0.22896200
vt 0.22896200 0.07182700
vt 0.37222200 0.73175400
vt 0.35986000 0.73175400
vt 0.37222200 0.50000000
vt 0.35784300 0.50000000
vt 0.35986000 0.73175400
vt 0.35784300 0.73175400
vt 0.35784300 0.50000000
vt 0.34811800 0.73175400
vt 0.34444500 0.50000000
vt 0.34811800 0.73175400
vt 0.34444500 0.73175400
vt 0.34444500 0.50000000
vt 0.33758400 0.73175400
vt 0.98372800 0.50000000
vt 0.33758400 0.73175400
vt 0.98372800 0.73175400
vt 0.98372800 0.50000000
vt 0.97908300 0.73175400
vt 0.97222200 0.50000000
vt 0.97908300 0.73175400
vt 0.97222200 0.73175400
vt 0.97222200 0.50000000
vt 0.96854900 0.73175400
vt 0.95882300 0.50000000
vt 0.94444400 0.73175400
vt 0.94444400 0.50000000
vt 0.95680700 0.73175400
vt 0.95882300 0.50000000
vt 0.95882300 0.73175400
vt 0.96854900 0.73175400
vt 0.64014000 0.20375500
vt 0.62777800 0.20293700
vt 0.96745600 0.37222200
vt 0.62777800 0.22572600
vt 0.62777800 0.21780200
vt 0.64014000 0.21843500
vt 0.62777800 0.26824600
vt 0.62777800 0.25086400
vt 0.64014000 0.26824600
vt 0.64014000 0.25108200
vt 0.64215700 0.26824600
vt 0.65188200 0.25172500
vt 0.96745600 0.37222200
vt 0.96647100 0.35986000
vt 0.64014000 0.20375500
vt 0.96611800 0.35784300
vt 0.65188200 0.20617000
vt 0.66241600 0.25276000
vt 0.65555500 0.26824600
vt 0.65188200 0.25172500
vt 0.65188200 0.26824600
vt 0.64215700 0.26824600
vt 0.96611800 0.35784300
vt 0.96356600 0.34811800
vt 0.65188200 0.20617000
vt 0.96219300 0.34444500
vt 0.66241600 0.21006100
vt 0.02202800 0.25413700
vt 0.01627200 0.26824600
vt 0.66241600 0.25276000
vt 0.66241600 0.26824600
vt 0.65555500 0.26824600
vt 0.96219300 0.34444500
vt 0.04111400 0.19824900
vt 0.66241600 0.21006100
vt 0.04405000 0.20118400
vt 0.03814300 0.21523100
vt 0.04117700 0.26824600
vt 0.03145100 0.26824600
vt 0.03243200 0.25578400
vt 0.02777800 0.26824600
vt 0.02202800 0.25413700
vt 0.02091700 0.26824600
vt 0.01627200 0.26824600
vt 0.62777800 0.25086400
vt 0.62777800 0.23391100
vt 0.64014000 0.25108200
vt 0.64014000 0.23434100
vt 0.65188200 0.25172500
vt 0.65188200 0.23561100
vt 0.66241600 0.25276000
vt 0.66241600 0.23765600
vt 0.02202800 0.25413700
vt 0.02533200 0.24037500
vt 0.03243200 0.25578400
vt 0.03535000 0.24363000
vt 0.62777800 0.23391100
vt 0.62777800 0.22572600
vt 0.64014000 0.23434100
vt 0.64014000 0.21843500
vt 0.65188200 0.23561100
vt 0.65188200 0.22030000
vt 0.66241600 0.23765600
vt 0.66241600 0.22330500
vt 0.02533200 0.24037500
vt 0.03074800 0.22729900
vt 0.03535000 0.24363000
vt 0.04013300 0.23208100
vt 0.62777800 0.21780200
vt 0.62777800 0.20293700
vt 0.64014000 0.21843500
vt 0.64014000 0.20375500
vt 0.65188200 0.22030000
vt 0.65188200 0.20617000
vt 0.66241600 0.22330500
vt 0.66241600 0.21006100
vt 0.03074800 0.22729900
vt 0.03814300 0.21523100
vt 0.04013300 0.23208100
vt 0.04666500 0.22142300
vt 0.05555600 0.26824600
vt 0.04319300 0.26824600
vt 0.04403000 0.25762100
vt 0.04117700 0.26824600
vt 0.04405000 0.20118400
vt 0.04733400 0.20446900
vt 0.03814300 0.21523100
vt 0.05218600 0.20932000
vt 0.04666500 0.22142300
vt 0.05478300 0.21191800
vt 0.06166000 0.21879500
vt 0.04117700 0.26824600
vt 0.03243200 0.25578400
vt 0.04403000 0.25762100
vt 0.03535000 0.24363000
vt 0.04651700 0.24725800
vt 0.04013300 0.23208100
vt 0.05059600 0.23741200
vt 0.04666500 0.22142300
vt 0.05616400 0.22832500
vt 0.06166000 0.21879500
vt 0.06308600 0.22022100
vt 0.05555600 0.26824600
vt 0.04403000 0.25762100
vt 0.05624000 0.25955500
vt 0.04651700 0.24725800
vt 0.05827500 0.25107800
vt 0.05059600 0.23741200
vt 0.06161100 0.24302400
vt 0.05616400 0.22832500
vt 0.06616600 0.23559100
vt 0.06308600 0.22022100
vt 0.07182700 0.22896200
vt 0.35986000 0.79624500
vt 0.37222200 0.79706400
vt 0.96745600 0.37222200
vt 0.37222200 0.77427500
vt 0.37222200 0.78219700
vt 0.35986000 0.78156500
vt 0.37222200 0.73175400
vt 0.37222200 0.74913600
vt 0.35986000 0.73175400
vt 0.35986000 0.74891800
vt 0.35784300 0.73175400
vt 0.34811800 0.74827500
vt 0.96745600 0.37222200
vt 0.96647100 0.35986000
vt 0.35986000 0.79624500
vt 0.96611800 0.35784300
vt 0.34811800 0.79383000
vt 0.33758400 0.74724000
vt 0.34444500 0.73175400
vt 0.34811800 0.74827500
vt 0.34811800 0.73175400
vt 0.35784300 0.73175400
vt 0.96611800 0.35784300
vt 0.96356600 0.34811800
vt 0.34811800 0.79383000
vt 0.96219300 0.34444500
vt 0.33758400 0.78993900
vt 0.97797200 0.74586300
vt 0.98372800 0.73175400
vt 0.33758400 0.74724000
vt 0.33758400 0.73175400
vt 0.34444500 0.73175400
vt 0.96219300 0.34444500
vt 0.95888600 0.80175100
vt 0.33758400 0.78993900
vt 0.95595000 0.79881500
vt 0.96185700 0.78476900
vt 0.95882300 0.73175400
vt 0.96854900 0.73175400
vt 0.96756800 0.74421600
vt 0.97222200 0.73175400
vt 0.97797200 0.74586300
vt 0.97908300 0.73175400
vt 0.98372800 0.73175400
vt 0.37222200 0.74913600
vt 0.37222200 0.76608900
vt 0.35986000 0.74891800
vt 0.35986000 0.76565900
vt 0.34811800 0.74827500
vt 0.34811800 0.76438900
vt 0.33758400 0.74724000
vt 0.33758400 0.76234400
vt 0.97797200 0.74586300
vt 0.97466800 0.75962500
vt 0.96756800 0.74421600
vt 0.96465000 0.75637000
vt 0.37222200 0.76608900
vt 0.37222200 0.77427500
vt 0.35986000 0.76565900
vt 0.35986000 0.78156500
vt 0.34811800 0.76438900
vt 0.34811800 0.77970000
vt 0.33758400 0.76234400
vt 0.33758400 0.77669500
vt 0.97466800 0.75962500
vt 0.96925200 0.77270100
vt 0.96465000 0.75637000
vt 0.95986700 0.76791900
vt 0.37222200 0.78219700
vt 0.37222200 0.79706400
vt 0.35986000 0.78156500
vt 0.35986000 0.79624500
vt 0.34811800 0.77970000
vt 0.34811800 0.79383000
vt 0.33758400 0.77669500
vt 0.33758400 0.78993900
vt 0.96925200 0.77270100
vt 0.96185700 0.78476900
vt 0.95986700 0.76791900
vt 0.95333500 0.77857700
vt 0.94444400 0.73175400
vt 0.95680700 0.73175400
vt 0.95597100 0.74237900
vt 0.95882300 0.73175400
vt 0.95595000 0.79881500
vt 0.95266600 0.79553100
vt 0.96185700 0.78476900
vt 0.94781500 0.79068000
vt 0.95333500 0.77857700
vt 0.94521700 0.78808200
vt 0.93834000 0.78120500
vt 0.95882300 0.73175400
vt 0.96756800 0.74421600
vt 0.95597100 0.74237900
vt 0.96465000 0.75637000
vt 0.95348300 0.75274200
vt 0.95986700 0.76791900
vt 0.94940400 0.76258800
vt 0.95333500 0.77857700
vt 0.94383500 0.77167500
vt 0.93834000 0.78120500
vt 0.93691400 0.77977900
vt 0.94444400 0.73175400
vt 0.95597100 0.74237900
vt 0.94376100 0.74044500
vt 0.95348300 0.75274200
vt 0.94172500 0.74892200
vt 0.94940400 0.76258800
vt 0.93838900 0.75697600
vt 0.94383500 0.77167500
vt 0.93383400 0.76440900
vt 0.93691400 0.77977900
vt 0.92817300 0.77103800
vt 0.62777800 0.26824600
vt 0.64014000 0.26824600
vt 0.62777800 0.50000000
vt 0.64215700 0.50000000
vt 0.64014000 0.26824600
vt 0.64215700 0.26824600
vt 0.64215700 0.50000000
vt 0.65188200 0.26824600
vt 0.65555500 0.50000000
vt 0.65188200 0.26824600
vt 0.65555500 0.26824600
vt 0.65555500 0.50000000
vt 0.66241600 0.26824600
vt 0.01627200 0.50000000
vt 0.66241600 0.26824600
vt 0.01627200 0.26824600
vt 0.01627200 0.50000000
vt 0.02091700 0.26824600
vt 0.02777800 0.50000000
vt 0.02091700 0.26824600
vt 0.02777800 0.26824600
vt 0.02777800 0.50000000
vt 0.03145100 0.26824600
vt 0.04117700 0.50000000
vt 0.05555600 0.26824600
vt 0.05555600 0.50000000
vt 0.04319300 0.26824600
vt 0.04117700 0.50000000
vt 0.04117700 0.26824600
vt 0.03145100 0.26824600
vt 0.96745600 0.37222200
vt 0.81032200 0.37222200
vt 0.96647100 0.35986000
vt 0.80933600 0.35986000
vt 0.96611800 0.35784300
vt 0.80898300 0.35784300
vt 0.96356600 0.34811800
vt 0.80643100 0.34811800
vt 0.96219300 0.34444500
vt 0.80505800 0.34444500
vt 0.95888600 0.80175100
vt 0.80175100 0.95888600
vt 0.95595000 0.79881500
vt 0.79881500 0.95595000
vt 0.95266600 0.79553100
vt 0.79553100 0.95266600
vt 0.94781500 0.79068000
vt 0.79068000 0.94781500
vt 0.94521700 0.78808200
vt 0.78808200 0.94521700
vt 0.93834000 0.78120500
vt 0.78120500 0.93834000
vt 0.93691400 0.77977900
vt 0.77977900 0.93691400
vt 0.92817300 0.77103800
vt 0.77103800 0.92817300
vt 0.62777800 0.73175400
vt 0.62777800 0.50000000
vt 0.64014000 0.73175400
vt 0.64215700 0.50000000
vt 0.64215700 0.73175400
vt 0.64215700 0.73175400
vt 0.64215700 0.50000000
vt 0.65188200 0.73175400
vt 0.65555500 0.50000000
vt 0.65555500 0.73175400
vt 0.65555500 0.73175400
vt 0.65555500 0.50000000
vt 0.66241600 0.73175400
vt 0.01627200 0.50000000
vt 0.01627200 0.73175400
vt 0.01627200 0.73175400
vt 0.01627200 0.50000000
vt 0.02091700 0.73175400
vt 0.02777800 0.50000000
vt 0.02777800 0.73175400
vt 0.02777800 0.73175400
vt 0.02777800 0.50000000
vt 0.03145100 0.73175400
vt 0.04117700 0.50000000
vt 0.04117700 0.73175400
vt 0.04117700 0.73175400
vt 0.04117700 0.50000000
vt 0.04319300 0.73175400
vt 0.05555600 0.50000000
vt 0.05555600 0.73175400
vt 0.74891800 0.35986000
vt 0.74913600 0.37222200
vt 0.73175400 0.37222200
vt 0.77427500 0.37222200
vt 0.76608900 0.37222200
vt 0.76565900 0.35986000
vt 0.77427500 0.37222200
vt 0.76565900 0.35986000
vt 0.78219700 0.37222200
vt 0.80933600 0.35986000
vt 0.79624500 0.35986000
vt 0.80898300 0.35784300
vt 0.79383000 0.34811800
vt 0.73175400 0.37222200
vt 0.73175400 0.35986000
vt 0.74891800 0.35986000
vt 0.73175400 0.35784300
vt 0.74827500 0.34811800
vt 0.78993900 0.33758400
vt 0.80505800 0.34444500
vt 0.79383000 0.34811800
vt 0.80643100 0.34811800
vt 0.80898300 0.35784300
vt 0.73175400 0.35784300
vt 0.73175400 0.34811800
vt 0.74827500 0.34811800
vt 0.73175400 0.34444500
vt 0.74724000 0.33758400
vt 0.78476900 0.96185700
vt 0.79881500 0.95595000
vt 0.78993900 0.33758400
vt 0.80175100 0.95888600
vt 0.80505800 0.34444500
vt 0.73175400 0.34444500
vt 0.73175400 0.33758400
vt 0.74724000 0.33758400
vt 0.73175400 0.98372800
vt 0.74586300 0.97797200
vt 0.78120500 0.93834000
vt 0.78808200 0.94521700
vt 0.77857700 0.95333500
vt 0.79068000 0.94781500
vt 0.78476900 0.96185700
vt 0.79553100 0.95266600
vt 0.79881500 0.95595000
vt 0.79624500 0.35986000
vt 0.78156500 0.35986000
vt 0.79383000 0.34811800
vt 0.77970000 0.34811800
vt 0.78993900 0.33758400
vt 0.77669500 0.33758400
vt 0.78476900 0.96185700
vt 0.77270100 0.96925200
vt 0.77857700 0.95333500
vt 0.76791900 0.95986700
vt 0.75637000 0.96465000
vt 0.76791900 0.95986700
vt 0.75962500 0.97466800
vt 0.77270100 0.96925200
vt 0.76234400 0.33758400
vt 0.77669500 0.33758400
vt 0.76438900 0.34811800
vt 0.77970000 0.34811800
vt 0.76565900 0.35986000
vt 0.78156500 0.35986000
vt 0.78219700 0.37222200
vt 0.79624500 0.35986000
vt 0.79706400 0.37222200
vt 0.80933600 0.35986000
vt 0.81032200 0.37222200
vt 0.76608900 0.37222200
vt 0.74913600 0.37222200
vt 0.76565900 0.35986000
vt 0.74891800 0.35986000
vt 0.76438900 0.34811800
vt 0.74827500 0.34811800
vt 0.76234400 0.33758400
vt 0.74724000 0.33758400
vt 0.75962500 0.97466800
vt 0.74586300 0.97797200
vt 0.75637000 0.96465000
vt 0.74421600 0.96756800
vt 0.77103800 0.92817300
vt 0.77977900 0.93691400
vt 0.77167500 0.94383500
vt 0.78120500 0.93834000
vt 0.73175400 0.98372800
vt 0.73175400 0.97908300
vt 0.74586300 0.97797200
vt 0.73175400 0.97222200
vt 0.74421600 0.96756800
vt 0.73175400 0.96854900
vt 0.73175400 0.95882300
vt 0.78120500 0.93834000
vt 0.77857700 0.95333500
vt 0.77167500 0.94383500
vt 0.76791900 0.95986700
vt 0.76258800 0.94940400
vt 0.75637000 0.96465000
vt 0.75274200 0.95348300
vt 0.74421600 0.96756800
vt 0.74237900 0.95597100
vt 0.73175400 0.95882300
vt 0.73175400 0.95680700
vt 0.77103800 0.92817300
vt 0.77167500 0.94383500
vt 0.76440900 0.93383400
vt 0.76258800 0.94940400
vt 0.75697600 0.93838900
vt 0.75274200 0.95348300
vt 0.74892200 0.94172500
vt 0.74237900 0.95597100
vt 0.74044500 0.94376100
vt 0.73175400 0.95680700
vt 0.73175400 0.94444400
vt 0.64014000 0.74891800
vt 0.62777800 0.74913600
vt 0.62777800 0.73175400
vt 0.62777800 0.77427500
vt 0.62777800 0.76608900
vt 0.64014000 0.76565900
vt 0.03254400 0.37222200
vt 0.62777800 0.79706400
vt 0.03352900 0.35986000
vt 0.64014000 0.79624500
vt 0.03388200 0.35784300
vt 0.65188200 0.79383000
vt 0.62777800 0.73175400
vt 0.64014000 0.73175400
vt 0.64014000 0.74891800
vt 0.64215700 0.73175400
vt 0.65188200 0.74827500
vt 0.66241600 0.78993900
vt 0.03780700 0.34444500
vt 0.65188200 0.79383000
vt 0.03643400 0.34811800
vt 0.03388200 0.35784300
vt 0.64215700 0.73175400
vt 0.65188200 0.73175400
vt 0.65188200 0.74827500
vt 0.65555500 0.73175400
vt 0.66241600 0.74724000
vt 0.03814300 0.78476900
vt 0.04405000 0.79881500
vt 0.66241600 0.78993900
vt 0.04111400 0.80175100
vt 0.03780700 0.34444500
vt 0.65555500 0.73175400
vt 0.66241600 0.73175400
vt 0.66241600 0.74724000
vt 0.01627200 0.73175400
vt 0.02202800 0.74586300
vt 0.06166000 0.78120500
vt 0.05478300 0.78808200
vt 0.04666500 0.77857700
vt 0.05218600 0.79068000
vt 0.03814300 0.78476900
vt 0.04733400 0.79553100
vt 0.04405000 0.79881500
vt 0.62777800 0.79706400
vt 0.62777800 0.78219700
vt 0.64014000 0.79624500
vt 0.64014000 0.78156500
vt 0.65188200 0.79383000
vt 0.65188200 0.77970000
vt 0.66241600 0.78993900
vt 0.66241600 0.77669500
vt 0.03814300 0.78476900
vt 0.03074800 0.77270100
vt 0.04666500 0.77857700
vt 0.04013300 0.76791900
vt 0.62777800 0.78219700
vt 0.62777800 0.77427500
vt 0.64014000 0.78156500
vt 0.64014000 0.76565900
vt 0.65188200 0.77970000
vt 0.65188200 0.76438900
vt 0.66241600 0.77669500
vt 0.66241600 0.76234400
vt 0.03074800 0.77270100
vt 0.02533200 0.75962500
vt 0.04013300 0.76791900
vt 0.03535000 0.75637000
vt 0.62777800 0.76608900
vt 0.62777800 0.74913600
vt 0.64014000 0.76565900
vt 0.64014000 0.74891800
vt 0.65188200 0.76438900
vt 0.65188200 0.74827500
vt 0.66241600 0.76234400
vt 0.66241600 0.74724000
vt 0.02533200 0.75962500
vt 0.02202800 0.74586300
vt 0.03535000 0.75637000
vt 0.03243200 0.74421600
vt 0.07182700 0.77103800
vt 0.06308600 0.77977900
vt 0.05616400 0.77167500
vt 0.06166000 0.78120500
vt 0.01627200 0.73175400
vt 0.02091700 0.73175400
vt 0.02202800 0.74586300
vt 0.02777800 0.73175400
vt 0.03243200 0.74421600
vt 0.03145100 0.73175400
vt 0.04117700 0.73175400
vt 0.06166000 0.78120500
vt 0.04666500 0.77857700
vt 0.05616400 0.77167500
vt 0.04013300 0.76791900
vt 0.05059600 0.76258800
vt 0.03535000 0.75637000
vt 0.04651700 0.75274200
vt 0.03243200 0.74421600
vt 0.04403000 0.74237900
vt 0.04117700 0.73175400
vt 0.04319300 0.73175400
vt 0.07182700 0.77103800
vt 0.05616400 0.77167500
vt 0.06616600 0.76440900
vt 0.05059600 0.76258800
vt 0.06161100 0.75697600
vt 0.04651700 0.75274200
vt 0.05827500 0.74892200
vt 0.04403000 0.74237900
vt 0.05624000 0.74044500
vt 0.04319300 0.73175400
vt 0.05555600 0.73175400
vt 0.73175400 0.37222200
vt 0.26824600 0.37222200
vt 0.73175400 0.35986000
vt 0.26824600 0.35986000
vt 0.73175400 0.35784300
vt 0.26824600 0.35784300
vt 0.73175400 0.34811800
vt 0.26824600 0.34811800
vt 0.73175400 0.34444500
vt 0.26824600 0.34444500
vt 0.73175400 0.33758400
vt 0.26824600 0.33758400
vt 0.73175400 0.98372800
vt 0.26824600 0.98372800
vt 0.73175400 0.97908300
vt 0.26824600 0.97908300
vt 0.73175400 0.97222200
vt 0.26824600 0.97222200
vt 0.73175400 0.96854900
vt 0.26824600 0.96854900
vt 0.73175400 0.95882300
vt 0.26824600 0.95882300
vt 0.73175400 0.95680700
vt 0.26824600 0.95680700
vt 0.73175400 0.94444400
vt 0.26824600 0.94444400
vt 0.18967900 0.37222200
vt 0.03254400 0.37222200
vt 0.19066400 0.35986000
vt 0.03352900 0.35986000
vt 0.19101700 0.35784300
vt 0.03388200 0.35784300
vt 0.19356900 0.34811800
vt 0.03643400 0.34811800
vt 0.19494200 0.34444500
vt 0.03780700 0.34444500
vt 0.19824900 0.95888600
vt 0.04111400 0.80175100
vt 0.20118400 0.95595000
vt 0.04405000 0.79881500
vt 0.20446900 0.95266600
vt 0.04733400 0.79553100
vt 0.20932000 0.94781500
vt 0.05218600 0.79068000
vt 0.21191800 0.94521700
vt 0.05478300 0.78808200
vt 0.21879500 0.93834000
vt 0.06166000 0.78120500
vt 0.22022100 0.93691400
vt 0.06308600 0.77977900
vt 0.22896200 0.92817300
vt 0.07182700 0.77103800
vt 0.20375500 0.35986000
vt 0.20293700 0.37222200
vt 0.18967900 0.37222200
vt 0.22572600 0.37222200
vt 0.21780300 0.37222200
vt 0.21843500 0.35986000
vt 0.26824600 0.37222200
vt 0.25086400 0.37222200
vt 0.26824600 0.35986000
vt 0.25108200 0.35986000
vt 0.26824600 0.35784300
vt 0.25172500 0.34811800
vt 0.18967900 0.37222200
vt 0.19066400 0.35986000
vt 0.20375500 0.35986000
vt 0.19101700 0.35784300
vt 0.20617000 0.34811800
vt 0.25276000 0.33758400
vt 0.26824600 0.34444500
vt 0.25172500 0.34811800
vt 0.26824600 0.34811800
vt 0.26824600 0.35784300
vt 0.19101700 0.35784300
vt 0.19356900 0.34811800
vt 0.20617000 0.34811800
vt 0.19494200 0.34444500
vt 0.21006100 0.33758400
vt 0.25413700 0.97797200
vt 0.26824600 0.98372800
vt 0.25276000 0.33758400
vt 0.26824600 0.33758400
vt 0.26824600 0.34444500
vt 0.19494200 0.34444500
vt 0.19824900 0.95888600
vt 0.21006100 0.33758400
vt 0.20118400 0.95595000
vt 0.21523100 0.96185700
vt 0.26824600 0.95882300
vt 0.26824600 0.96854900
vt 0.25578400 0.96756800
vt 0.26824600 0.97222200
vt 0.25413700 0.97797200
vt 0.26824600 0.97908300
vt 0.26824600 0.98372800
vt 0.25086400 0.37222200
vt 0.23391100 0.37222200
vt 0.25108200 0.35986000
vt 0.23434100 0.35986000
vt 0.25172500 0.34811800
vt 0.23561100 0.34811800
vt 0.25276000 0.33758400
vt 0.23765600 0.33758400
vt 0.25413700 0.97797200
vt 0.24037500 0.97466800
vt 0.25578400 0.96756800
vt 0.24363000 0.96465000
vt 0.23391100 0.37222200
vt 0.22572600 0.37222200
vt 0.23434100 0.35986000
vt 0.21843500 0.35986000
vt 0.23561100 0.34811800
vt 0.22030000 0.34811800
vt 0.23765600 0.33758400
vt 0.22330500 0.33758400
vt 0.24037500 0.97466800
vt 0.22729900 0.96925200
vt 0.24363000 0.96465000
vt 0.23208100 0.95986700
vt 0.21780300 0.37222200
vt 0.20293700 0.37222200
vt 0.21843500 0.35986000
vt 0.20375500 0.35986000
vt 0.22030000 0.34811800
vt 0.20617000 0.34811800
vt 0.22330500 0.33758400
vt 0.21006100 0.33758400
vt 0.22729900 0.96925200
vt 0.21523100 0.96185700
vt 0.23208100 0.95986700
vt 0.22142300 0.95333500
vt 0.26824600 0.94444400
vt 0.26824600 0.95680700
vt 0.25762100 0.95597100
vt 0.26824600 0.95882300
vt 0.20118400 0.95595000
vt 0.20446900 0.95266600
vt 0.21523100 0.96185700
vt 0.20932000 0.94781500
vt 0.22142300 0.95333500
vt 0.21191800 0.94521700
vt 0.21879500 0.93834000
vt 0.26824600 0.95882300
vt 0.25578400 0.96756800
vt 0.25762100 0.95597100
vt 0.24363000 0.96465000
vt 0.24725800 0.95348300
vt 0.23208100 0.95986700
vt 0.23741200 0.94940400
vt 0.22142300 0.95333500
vt 0.22832500 0.94383500
vt 0.21879500 0.93834000
vt 0.22022100 0.93691400
vt 0.26824600 0.94444400
vt 0.25762100 0.95597100
vt 0.25955500 0.94376100
vt 0.24725800 0.95348300
vt 0.25107800 0.94172500
vt 0.23741200 0.94940400
vt 0.24302400 0.93838900
vt 0.22832500 0.94383500
vt 0.23559100 0.93383400
vt 0.22022100 0.93691400
vt 0.22896200 0.92817300
f 1/1/1 2/2/2 3/3/3
f 4/4/4 5/5/5 6/6/6
f 7/7/7 8/8/8 9/9/9
f 10/10/10 11/11/11 12/12/12
f 13/13/13 14/14/14 15/15/15
f 16/16/16 17/17/17 18/18/18
f 19/19/19 20/20/20 21/21/21
f 22/22/22 23/23/23 24/24/24
f 25/25/25 26/26/26 27/27/27
f 28/28/28 29/29/29 30/30/30
f 31/31/31 32/32/32 33/33/33
f 34/34/34 35/35/35 36/36/36
f 37/37/37 38/38/38 39/39/39
f 40/40/40 41/41/41 42/42/42
f 43/43/43 44/44/44 45/45/45
f 46/46/46 47/47/47 48/48/48
f 49/49/49 50/50/50 51/51/51
f 52/52/52 53/53/53 54/54/54
f 55/55/55 56/56/56 57/57/57
f 58/58/58 59/59/59 60/60/60
f 61/61/61 62/62/62 63/63/63
f 64/64/64 65/65/65 66/66/66
f 65/65/65 67/67/67 66/66/66
f 66/66/66 67/67/67 68/68/68
f 69/69/69 70/70/70 71/71/71
f 72/72/72 73/73/73 74/74/74
f 75/75/75 76/76/76 77/77/77
f 76/76/76 78/78/78 77/77/77
f 77/77/77 78/78/78 79/79/79
f 80/80/80 81/81/81 82/82/82
f 81/81/81 83/83/83 82/82/82
f 82/82/82 83/83/83 84/84/84
f 83/83/83 85/85/85 84/84/84
f 84/84/84 85/85/85 86/86/86
f 87/87/87 88/88/88 89/89/89
f 88/88/88 90/90/90 89/89/89
f 89/89/89 90/90/90 91/91/91
f 90/90/90 92/92/92 91/91/91
f 91/91/91 92/92/92 93/93/93
f 94/94/94 95/95/95 96/96/96
f 95/95/95 97/97/97 96/96/96
f 96/96/96 97/97/97 98/98/98
f 97/97/97 99/99/99 98/98/98
f 98/98/98 99/99/99 100/100/100
f 99/99/99 101/101/101 100/100/100
f 100/100/100 101/101/101 102/102/102
f 103/103/103 104/104/104 105/105/105
f 104/104/104 106/106/106 105/105/105
f 105/105/105 106/106/106 107/107/107
f 106/106/106 108/108/108 107/107/107
f 107/107/107 108/108/108 109/109/109
f 108/108/108 110/110/110 109/109/109
f 109/109/109 110/110/110 111/111/111
f 112/112/112 113/113/113 114/114/114
f 113/113/113 115/115/115 114/114/114
f 114/114/114 115/115/115 116/116/116
f 115/115/115 117/117/117 116/116/116
f 116/116/116 117/117/117 118/118/118
f 117/117/117 119/119/119 118/118/118
f 118/118/118 119/119/119 120/120/120
f 119/119/119 121/121/121 120/120/120
f 120/120/120 121/121/121 122/122/122
f 123/123/123 124/124/124 125/125/125
f 124/124/124 126/126/126 125/125/125
f 125/125/125 126/126/126 127/127/127
f 126/126/126 128/128/128 127/127/127
f 127/127/127 128/128/128 129/129/129
f 128/128/128 130/130/130 129/129/129
f 129/129/129 130/130/130 131/131/131
f 130/130/130 132/132/132 131/131/131
f 133/133/133 134/134/134 135/135/135
f 134/134/134 136/136/136 135/135/135
f 135/135/135 136/136/136 137/137/137
f 136/136/136 138/138/138 137/137/137
f 137/137/137 138/138/138 139/139/139
f 138/138/138 140/140/140 139/139/139
f 139/139/139 140/140/140 141/141/141
f 140/140/140 142/142/142 141/141/141
f 141/141/141 142/142/142 143/143/143
f 142/142/142 144/144/144 143/143/143
f 143/143/143 144/144/144 145/145/145
f 146/146/146 147/147/147 148/148/148
f 147/147/147 149/149/149 148/148/148
f 148/148/148 149/149/149 150/150/150
f 149/149/149 151/151/151 150/150/150
f 150/150/150 151/151/151 152/152/152
f 151/151/151 153/153/153 152/152/152
f 152/152/152 153/153/153 154/154/154
f 153/153/153 155/155/155 154/154/154
f 154/154/154 155/155/155 156/156/156
f 155/155/155 157/157/157 156/156/156
f 156/156/156 157/157/157 158/158/158
f 159/159/159 160/160/160 161/161/161
f 160/160/160 162/162/162 161/161/161
f 161/161/161 162/162/162 163/163/163
f 162/162/162 164/164/164 163/163/163
f 163/163/163 164/164/164 165/165/165
f 164/164/164 166/166/166 165/165/165
f 165/165/165 166/166/166 167/167/167
f 166/166/166 168/168/168 167/167/167
f 167/167/167 168/168/168 169/169/169
f 168/168/168 170/170/170 169/169/169
f 169/169/169 170/170/170 171/171/171
f 170/170/170 172/172/172 171/171/171
f 171/171/171 172/172/172 173/173/173
f 174/174/174 175/175/175 176/176/176
f 175/175/175 177/177/177 176/176/176
f 176/176/176 177/177/177 178/178/178
f 177/177/177 179/179/179 178/178/178
f 178/178/178 179/179/179 180/180/180
f 179/179/179 181/181/181 180/180/180
f 180/180/180 181/181/181 182/182/182
f 181/181/181 183/183/183 182/182/182
f 182/182/182 183/183/183 184/184/184
f 183/183/183 185/185/185 184/184/184
f 184/184/184 185/185/185 186/186/186
f 185/185/185 187/187/187 186/186/186
f 186/186/186 187/187/187 188/188/188
f 189/189/189 190/190/190 191/191/191
f 192/192/192 193/193/193 194/194/194
f 195/195/195 196/196/196 197/197/197
f 198/198/198 199/199/199 200/200/200
f 199/199/199 201/201/201 200/200/200
f 200/200/200 201/201/201 202/202/202
f 201/201/201 203/203/203 202/202/202
f 202/202/202 203/203/203 204/204/204
f 203/203/203 205/205/205 204/204/204
f 204/204/204 205/205/205 206/206/206
f 205/205/205 207/207/207 206/206/206
f 206/206/206 207/207/207 208/208/208
f 207/207/207 209/209/209 208/208/208
f 208/208/208 209/209/209 210/210/210
f 209/209/209 211/211/211 210/210/210
f 210/210/210 211/211/211 212/212/212
f 211/211/211 213/213/213 212/212/212
f 212/212/212 213/213/213 214/214/214
f 215/215/215 216/216/216 217/217/217
f 218/218/218 219/219/219 220/220/220
f 219/219/219 221/221/221 220/220/220
f 220/220/220 221/221/221 222/222/222
f 221/221/221 223/223/223 222/222/222
f 222/222/222 223/223/223 224/224/224
f 223/223/223 225/225/225 224/224/224
f 224/224/224 225/225/225 226/226/226
f 225/225/225 227/227/227 226/226/226
f 226/226/226 227/227/227 228/228/228
f 227/227/227 229/229/229 228/228/228
f 228/228/228 229/229/229 230/230/230
f 229/229/229 231/231/231 230/230/230
f 230/230/230 231/231/231 232/232/232
f 231/231/231 233/233/233 232/232/232
f 232/232/232 233/233/233 234/234/234
f 235/235/235 236/236/236 237/237/237
f 238/238/238 239/239/239 240/240/240
f 239/239/239 241/241/241 240/240/240
f 240/240/240 241/241/241 242/242/242
f 241/241/241 243/243/243 242/242/242
f 242/242/242 243/243/243 244/244/244
f 245/245/245 246/246/246 247/247/247
f 246/246/246 248/248/248 247/247/247
f 247/247/247 248/248/248 249/249/249
f 248/248/248 250/250/250 249/249/249
f 249/249/249 250/250/250 251/251/251
f 252/252/252 253/253/253 254/254/254
f 253/253/253 255/255/255 254/254/254
f 254/254/254 255/255/255 256/256/256
f 255/255/255 257/257/257 256/256/256
f 256/256/256 257/257/257 258/258/258
f 257/257/257 259/259/259 258/258/258
f 258/258/258 259/259/259 260/260/260
f 261/261/261 262/262/262 263/263/263
f 262/262/262 264/264/264 263/263/263
f 263/263/263 264/264/264 265/265/265
f 264/264/264 266/266/266 265/265/265
f 265/265/265 266/266/266 267/267/267
f 266/266/266 268/268/268 267/267/267
f 267/267/267 268/268/268 269/269/269
f 268/268/268 270/270/270 269/269/269
f 269/269/269 270/270/270 271/271/271
f 272/272/272 273/273/273 274/274/274
f 273/273/273 275/275/275 274/274/274
f 274/274/274 275/275/275 276/276/276
f 275/275/275 277/277/277 276/276/276
f 276/276/276 277/277/277 278/278/278
f 277/277/277 279/279/279 278/278/278
f 278/278/278 279/279/279 280/280/280
f 279/279/279 281/281/281 280/280/280
f 280/280/280 281/281/281 282/282/282
f 281/281/281 283/283/283 282/282/282
f 282/282/282 283/283/283 284/284/284
f 285/285/285 286/286/286 287/287/287
f 286/286/286 288/288/288 287/287/287
f 287/287/287 288/288/288 289/289/289
f 288/288/288 290/290/290 289/289/289
f 289/289/289 290/290/290 291/291/291
f 290/290/290 292/292/292 291/291/291
f 291/291/291 292/292/292 293/293/293
f 292/292/292 294/294/294 293/293/293
f 293/293/293 294/294/294 295/295/295
f 294/294/294 296/296/296 295/295/295
f 295/295/295 296/296/296 297/297/297
f 296/296/296 298/298/298 297/297/297
f 297/297/297 298/298/298 299/299/299
f 300/300/300 301/301/301 302/302/302
f 301/301/301 303/303/303 302/302/302
f 302/302/302 303/303/303 304/304/304
f 303/303/303 305/305/305 304/304/304
f 304/304/304 305/305/305 306/306/306
f 305/305/305 307/307/307 306/306/306
f 306/306/306 307/307/307 308/308/308
f 307/307/307 309/309/309 308/308/308
f 308/308/308 309/309/309 310/310/310
f 309/309/309 311/311/311 310/310/310
f 310/310/310 311/311/311 312/312/312
f 311/311/311 313/313/313 312/312/312
f 312/312/312 313/313/313 314/314/314
f 313/313/313 315/315/315 314/314/314
f 316/316/316 317/317/317 318/318/318
f 317/317/317 319/319/319 318/318/318
f 318/318/318 319/319/319 320/320/320
f 319/319/319 321/321/321 320/320/320
f 320/320/320 321/321/321 322/322/322
f 321/321/321 323/323/323 322/322/322
f 322/322/322 323/323/323 324/324/324
f 323/323/323 325/325/325 324/324/324
f 324/324/324 325/325/325 326/326/326
f 325/325/325 327/327/327 326/326/326
f 326/326/326 327/327/327 328/328/328
f 327/327/327 329/329/329 328/328/328
f 328/328/328 329/329/329 330/330/330
f 329/329/329 331/331/331 330/330/330
f 332/332/332 333/333/333 334/334/334
f 333/333/333 335/335/335 334/334/334
f 334/334/334 335/335/335 336/336/336
f 335/335/335 337/337/337 336/336/336
f 336/336/336 337/337/337 338/338/338
f 337/337/337 339/339/339 338/338/338
f 338/338/338 339/339/339 340/340/340
f 339/339/339 341/341/341 340/340/340
f 340/340/340 341/341/341 342/342/342
f 341/341/341 343/343/343 342/342/342
f 342/342/342 343/343/343 344/344/344
f 343/343/343 345/345/345 344/344/344
f 344/344/344 345/345/345 346/346/346
f 345/345/345 347/347/347 346/346/346
f 348/348/348 349/349/349 350/350/350
f 349/349/349 351/351/351 350/350/350
f 350/350/350 351/351/351 352/352/352
f 351/351/351 353/353/353 352/352/352
f 352/352/352 353/353/353 354/354/354
f 353/353/353 355/355/355 354/354/354
f 354/354/354 355/355/355 356/356/356
f 355/355/355 357/357/357 356/356/356
f 356/356/356 357/357/357 358/358/358
f 357/357/357 359/359/359 358/358/358
f 358/358/358 359/359/359 360/360/360
f 359/359/359 361/361/361 360/360/360
f 360/360/360 361/361/361 362/362/362
f 361/361/361 363/363/363 362/362/362
f 364/364/364 365/365/365 366/366/366
f 365/365/365 367/367/367 366/366/366
f 366/366/366 367/367/367 368/368/368
f 367/367/367 369/369/369 368/368/368
f 368/368/368 369/369/369 370/370/370
f 369/369/369 371/371/371 370/370/370
f 370/370/370 371/371/371 372/372/372
f 371/371/371 373/373/373 372/372/372
f 372/372/372 373/373/373 374/374/374
f 373/373/373 375/375/375 374/374/374
f 374/374/374 375/375/375 376/376/376
f 375/375/375 377/377/377 376/376/376
f 376/376/376 377/377/377 378/378/378
f 377/377/377 379/379/379 378/378/378
f 378/378/378 379/379/379 380/380/380
f 379/379/379 381/381/381 380/380/380
f 380/380/380 381/381/381 382/382/382
f 381/381/381 383/383/383 382/382/382
f 382/382/382 383/383/383 384/384/384
f 383/383/383 385/385/385 384/384/384
f 384/384/384 385/385/385 386/386/386
f 385/385/385 387/387/387 386/386/386
f 386/386/386 387/387/387 388/388/388
f 387/387/387 389/389/389 388/388/388
f 388/388/388 389/389/389 390/390/390
f 389/389/389 391/391/391 390/390/390
f 390/390/390 391/391/391 392/392/392
f 391/391/391 393/393/393 392/392/392
f 392/392/392 393/393/393 394/394/394
f 393/393/393 395/395/395 394/394/394
f 394/394/394 395/395/395 396/396/396
f 395/395/395 397/397/397 396/396/396
f 396/396/396 397/397/397 398/398/398
f 397/397/397 399/399/399 398/398/398
f 398/398/398 399/399/399 400/400/400
f 399/399/399 401/401/401 400/400/400
f 400/400/400 401/401/401 402/402/402
f 403/403/403 404/404/404 405/405/405
f 404/404/404 406/406/406 405/405/405
f 405/405/405 406/406/406 407/407/407
f 406/406/406 408/408/408 407/407/407
f 407/407/407 408/408/408 409/409/409
f 410/410/410 411/411/411 412/412/412
f 411/411/411 413/413/413 412/412/412
f 412/412/412 413/413/413 414/414/414
f 413/413/413 415/415/415 414/414/414
f 414/414/414 415/415/415 416/416/416
f 417/417/417 418/418/418 419/419/419
f 418/418/418 420/420/420 419/419/419
f 419/419/419 420/420/420 421/421/421
f 420/420/420 422/422/422 421/421/421
f 421/421/421 422/422/422 423/423/423
f 422/422/422 424/424/424 423/423/423
f 423/423/423 424/424/424 425/425/425
f 426/426/426 427/427/427 428/428/428
f 427/427/427 429/429/429 428/428/428
f 428/428/428 429/429/429 430/430/430
f 429/429/429 431/431/431 430/430/430
f 430/430/430 431/431/431 432/432/432
f 431/431/431 433/433/433 432/432/432
f 432/432/432 433/433/433 434/434/434
f 433/433/433 435/435/435 434/434/434
f 434/434/434 435/435/435 436/436/436
f 437/437/437 438/438/438 439/439/439
f 438/438/438 440/440/440 439/439/439
f 439/439/439 440/440/440 441/441/441
f 440/440/440 442/442/442 441/441/441
f 441/441/441 442/442/442 443/443/443
f 442/442/442 444/444/444 443/443/443
f 443/443/443 444/444/444 445/445/445
f 444/444/444 446/446/446 445/445/445
f 445/445/445 446/446/446 447/447/447
f 446/446/446 448/448/448 447/447/447
f 447/447/447 448/448/448 449/449/449
f 450/450/450 451/451/451 452/452/452
f 451/451/451 453/453/453 452/452/452
f 452/452/452 453/453/453 454/454/454
f 453/453/453 455/455/455 454/454/454
f 454/454/454 455/455/455 456/456/456
f 455/455/455 457/457/457 456/456/456
f 456/456/456 457/457/457 458/458/458
f 457/457/457 459/459/459 458/458/458
f 458/458/458 459/459/459 460/460/460
f 459/459/459 461/461/461 460/460/460
f 460/460/460 461/461/461 462/462/462
f 461/461/461 463/463/463 462/462/462
f 462/462/462 463/463/463 464/464/464
f 465/465/465 466/466/466 467/467/467
f 466/466/466 468/468/468 467/467/467
f 467/467/467 468/468/468 469/469/469
f 468/468/468 470/470/470 469/469/469
f 469/469/469 470/470/470 471/471/471
f 470/470/470 472/472/472 471/471/471
f 471/471/471 472/472/472 473/473/473
f 472/472/472 474/474/474 473/473/473
f 473/473/473 474/474/474 475/475/475
f 474/474/474 476/476/476 475/475/475
f 475/475/475 476/476/476 477/477/477
f 476/476/476 478/478/478 477/477/477
f 477/477/477 478/478/478 479/479/479
f 478/478/478 480/480/480 479/479/479
f 481/481/481 482/482/482 483/483/483
f 482/482/482 484/484/484 483/483/483
f 483/483/483 484/484/484 485/485/485
f 484/484/484 486/486/486 485/485/485
f 485/485/485 486/486/486 487/487/487
f 486/486/486 488/488/488 487/487/487
f 487/487/487 488/488/488 489/489/489
f 488/488/488 490/490/490 489/489/489
f 489/489/489 490/490/490 491/491/491
f 490/490/490 492/492/492 491/491/491
f 491/491/491 492/492/492 493/493/493
f 492/492/492 494/494/494 493/493/493
f 493/493/493 494/494/494 495/495/495
f 494/494/494 496/496/496 495/495/495
f 497/497/497 498/498/498 499/499/499
f 498/498/498 500/500/500 499/499/499
f 499/499/499 500/500/500 501/501/501
f 500/500/500 502/502/502 501/501/501
f 501/501/501 502/502/502 503/503/503
f 502/502/502 504/504/504 503/503/503
f 503/503/503 504/504/504 505/505/505
f 504/504/504 506/506/506 505/505/505
f 505/505/505 506/506/506 507/507/507
f 506/506/506 508/508/508 507/507/507
f 507/507/507 508/508/508 509/509/509
f 508/508/508 510/510/510 509/509/509
f 509/509/509 510/510/510 511/511/511
f 510/510/510 512/512/512 511/511/511
f 513/513/513 514/514/514 515/515/515
f 514/514/514 516/516/516 515/515/515
f 515/515/515 516/516/516 517/517/517
f 516/516/516 518/518/518 517/517/517
f 517/517/517 518/518/518 519/519/519
f 518/518/518 520/520/520 519/519/519
f 519/519/519 520/520/520 521/521/521
f 520/520/520 522/522/522 521/521/521
f 521/521/521 522/522/522 523/523/523
f 522/522/522 524/524/524 523/523/523
f 523/523/523 524/524/524 525/525/525
f 524/524/524 526/526/526 525/525/525
f 525/525/525 526/526/526 527/527/527
f 526/526/526 528/528/528 527/527/527
f 529/529/529 530/530/530 531/531/531
f 530/530/530 532/532/532 531/531/531
f 531/531/531 532/532/532 533/533/533
f 532/532/532 534/534/534 533/533/533
f 533/533/533 534/534/534 535/535/535
f 534/534/534 536/536/536 535/535/535
f 535/535/535 536/536/536 537/537/537
f 536/536/536 538/538/538 537/537/537
f 537/537/537 538/538/538 539/539/539
f 538/538/538 540/540/540 539/539/539
f 539/539/539 540/540/540 541/541/541
f 540/540/540 542/542/542 541/541/541
f 541/541/541 542/542/542 543/543/543
f 542/542/542 544/544/544 543/543/543
f 545/545/545 546/546/546 547/547/547
f 546/546/546 548/548/548 547/547/547
f 547/547/547 548/548/548 549/549/549
f 548/548/548 550/550/550 549/549/549
f 549/549/549 550/550/550 551/551/551
f 550/550/550 552/552/552 551/551/551
f 551/551/551 552/552/552 553/553/553
f 552/552/552 554/554/554 553/553/553
f 553/553/553 554/554/554 555/555/555
f 554/554/554 556/556/556 555/555/555
f 555/555/555 556/556/556 557/557/557
f 556/556/556 558/558/558 557/557/557
f 557/557/557 558/558/558 559/559/559
f 558/558/558 560/560/560 559/559/559
f 559/559/559 560/560/560 561/561/561
f 560/560/560 562/562/562 561/561/561
f 561/561/561 562/562/562 563/563/563
f 562/562/562 564/564/564 563/563/563
f 563/563/563 564/564/564 565/565/565
f 564/564/564 566/566/566 565/565/565
f 565/565/565 566/566/566 567/567/567
f 566/566/566 568/568/568 567/567/567
f 567/567/567 568/568/568 569/569/569
f 568/568/568 570/570/570 569/569/569
f 569/569/569 570/570/570 571/571/571
f 570/570/570 572/572/572 571/571/571
f 571/571/571 572/572/572 573/573/573
f 572/572/572 574/574/574 573/573/573
f 573/573/573 574/574/574 575/575/575
f 574/574/574 576/576/576 575/575/575
f 575/575/575 576/576/576 577/577/577
f 576/576/576 578/578/578 577/577/577
f 577/577/577 578/578/578 579/579/579
f 578/578/578 580/580/580 579/579/579
f 579/579/579 580/580/580 581/581/581
f 580/580/580 582/582/582 581/581/581
f 581/581/581 582/582/582 583/583/583
f 582/582/582 584/584/584 583/583/583
f 583/583/583 584/584/584 585/585/585
f 586/586/586 587/587/587 588/588/588
f 587/587/587 589/589/589 588/588/588
f 588/588/588 589/589/589 590/590/590
f 589/589/589 591/591/591 590/590/590
f 590/590/590 591/591/591 592/592/592
f 591/591/591 593/593/593 592/592/592
f 592/592/592 593/593/593 594/594/594
f 593/593/593 595/595/595 594/594/594
f 594/594/594 595/595/595 596/596/596
f 595/595/595 597/597/597 596/596/596
f 596/596/596 597/597/597 598/598/598
f 597/597/597 599/599/599 598/598/598
f 598/598/598 599/599/599 600/600/600
f 599/599/599 601/601/601 600/600/600
f 600/600/600 601/601/601 602/602/602
f 601/601/601 603/603/603 602/602/602
f 604/604/604 605/605/605 606/606/606
f 605/605/605 607/607/607 606/606/606
f 606/606/606 607/607/607 608/608/608
f 607/607/607 609/609/609 608/608/608
f 608/608/608 609/609/609 610/610/610
f 609/609/609 611/611/611 610/610/610
f 610/610/610 611/611/611 612/612/612
f 611/611/611 613/613/613 612/612/612
f 612/612/612 613/613/613 614/614/614
f 613/613/613 615/615/615 614/614/614
f 614/614/614 615/615/615 616/616/616
f 615/615/615 617/617/617 616/616/616
f 616/616/616 617/617/617 618/618/618
f 617/617/617 619/619/619 618/618/618
f 618/618/618 619/619/619 620/620/620
f 619/619/619 621/621/621 620/620/620
f 622/622/622 623/623/623 624/624/624
f 623/623/623 625/625/625 624/624/624
f 624/624/624 625/625/625 626/626/626
f 625/625/625 627/627/627 626/626/626
f 626/626/626 627/627/627 628/628/628
f 627/627/627 629/629/629 628/628/628
f 628/628/628 629/629/629 630/630/630
f 629/629/629 631/631/631 630/630/630
f 630/630/630 631/631/631 632/632/632
f 631/631/631 633/633/633 632/632/632
f 632/632/632 633/633/633 634/634/634
f 633/633/633 635/635/635 634/634/634
f 634/634/634 635/635/635 636/636/636
f 635/635/635 637/637/637 636/636/636
f 636/636/636 637/637/637 638/638/638
f 637/637/637 639/639/639 638/638/638
f 640/640/640 641/641/641 642/642/642
f 643/643/643 644/644/644 645/645/645
f 646/646/646 647/647/647 648/648/648
f 649/649/649 650/650/650 651/651/651
f 652/652/652 653/653/653 654/654/654
f 655/655/655 656/656/656 657/657/657
f 658/658/658 659/659/659 660/660/660
f 661/661/661 662/662/662 663/663/663
f 664/664/664 665/665/665 666/666/666
f 667/667/667 668/668/668 669/669/669
f 670/670/670 671/671/671 672/672/672
f 673/673/673 674/674/674 675/675/675
f 676/676/676 677/677/677 678/678/678
f 679/679/679 680/680/680 681/681/681
f 682/682/682 683/683/683 684/684/684
f 685/685/685 686/686/686 687/687/687
f 688/688/688 689/689/689 690/690/690
f 691/691/691 692/692/692 693/693/693
f 694/694/694 695/695/695 696/696/696
f 697/697/697 698/698/698 699/699/699
f 700/700/700 701/701/701 702/702/702
f 703/703/703 704/704/704 705/705/705
f 704/704/704 706/706/706 705/705/705
f 705/705/705 706/706/706 707/707/707
f 708/708/708 709/709/709 710/710/710
f 711/711/711 712/712/712 713/713/713
f 714/714/714 715/715/715 716/716/716
f 715/715/715 717/717/717 716/716/716
f 716/716/716 717/717/717 718/718/718
f 719/719/719 720/720/720 721/721/721
f 720/720/720 722/722/722 721/721/721
f 721/721/721 722/722/722 723/723/723
f 722/722/722 724/724/724 723/723/723
f 723/723/723 724/724/724 725/725/725
f 726/726/726 727/727/727 728/728/728
f 727/727/727 729/729/729 728/728/728
f 728/728/728 729/729/729 730/730/730
f 729/729/729 731/731/731 730/730/730
f 730/730/730 731/731/731 732/732/732
f 733/733/733 734/734/734 735/735/735
f 734/734/734 736/736/736 735/735/735
f 735/735/735 736/736/736 737/737/737
f 736/736/736 738/738/738 737/737/737
f 737/737/737 738/738/738 739/739/739
f 738/738/738 740/740/740 739/739/739
f 739/739/739 740/740/740 741/741/741
f 742/742/742 743/743/743 744/744/744
f 743/743/743 745/745/745 744/744/744
f 744/744/744 745/745/745 746/746/746
f 745/745/745 747/747/747 746/746/746
f 746/746/746 747/747/747 748/748/748
f 747/747/747 749/749/749 748/748/748
f 748/748/748 749/749/749 750/750/750
f 751/751/751 752/752/752 753/753/753
f 752/752/752 754/754/754 753/753/753
f 753/753/753 754/754/754 755/755/755
f 754/754/754 756/756/756 755/755/755
f 755/755/755 756/756/756 757/757/757
f 756/756/756 758/758/758 757/757/757
f 757/757/757 758/758/758 759/759/759
f 758/758/758 760/760/760 759/759/759
f 759/759/759 760/760/760 761/761/761
f 762/762/762 763/763/763 764/764/764
f 763/763/763 765/765/765 764/764/764
f 764/764/764 765/765/765 766/766/766
f 765/765/765 767/767/767 766/766/766
f 766/766/766 767/767/767 768/768/768
f 767/767/767 769/769/769 768/768/768
f 768/768/768 769/769/769 770/770/770
f 769/769/769 771/771/771 770/770/770
f 772/772/772 773/773/773 774/774/774
f 773/773/773 775/775/775 774/774/774
f 774/774/774 775/775/775 776/776/776
f 775/775/775 777/777/777 776/776/776
f 776/776/776 777/777/777 778/778/778
f 777/777/777 779/779/779 778/778/778
f 778/778/778 779/779/779 780/780/780
f 779/779/779 781/781/781 780/780/780
f 780/780/780 781/781/781 782/782/782
f 781/781/781 783/783/783 782/782/782
f 782/782/782 783/783/783 784/784/784
f 785/785/785 786/786/786 787/787/787
f 786/786/786 788/788/788 787/787/787
f 787/787/787 788/788/788 789/789/789
f 788/788/788 790/790/790 789/789/789
f 789/789/789 790/790/790 791/791/791
f 790/790/790 792/792/792 791/791/791
f 791/791/791 792/792/792 793/793/793
f 792/792/792 794/794/794 793/793/793
f 793/793/793 794/794/794 795/795/795
f 794/794/794 796/796/796 795/795/795
f 795/795/795 796/796/796 797/797/797
f 798/798/798 799/799/799 800/800/800
f 799/799/799 801/801/801 800/800/800
f 800/800/800 801/801/801 802/802/802
f 801/801/801 803/803/803 802/802/802
f 802/802/802 803/803/803 804/804/804
f 803/803/803 805/805/805 804/804/804
f 804/804/804 805/805/805 806/806/806
f 805/805/805 807/807/807 806/806/806
f 806/806/806 807/807/807 808/808/808
f 807/807/807 809/809/809 808/808/808
f 808/808/808 809/809/809 810/810/810
f 809/809/809 811/811/811 810/810/810
f 810/810/810 811/811/811 812/812/812
f 813/813/813 814/814/814 815/815/815
f 814/814/814 816/816/816 815/815/815
f 815/815/815 816/816/816 817/817/817
f 816/816/816 818/818/818 817/817/817
f 817/817/817 818/818/818 819/819/819
f 818/818/818 820/820/820 819/819/819
f 819/819/819 820/820/820 821/821/821
f 820/820/820 822/822/822 821/821/821
f 821/821/821 822/822/822 823/823/823
f 822/822/822 824/824/824 823/823/823
f 823/823/823 824/824/824 825/825/825
f 824/824/824 826/826/826 825/825/825
f 825/825/825 826/826/826 827/827/827
f 828/828/828 829/829/829 830/830/830
f 831/831/831 832/832/832 833/833/833
f 834/834/834 835/835/835 836/836/836
f 837/837/837 838/838/838 839/839/839
f 838/838/838 840/840/840 839/839/839
f 839/839/839 840/840/840 841/841/841
f 840/840/840 842/842/842 841/841/841
f 841/841/841 842/842/842 843/843/843
f 842/842/842 844/844/844 843/843/843
f 843/843/843 844/844/844 845/845/845
f 844/844/844 846/846/846 845/845/845
f 845/845/845 846/846/846 847/847/847
f 846/846/846 848/848/848 847/847/847
f 847/847/847 848/848/848 849/849/849
f 848/848/848 850/850/850 849/849/849
f 849/849/849 850/850/850 851/851/851
f 850/850/850 852/852/852 851/851/851
f 851/851/851 852/852/852 853/853/853
f 854/854/854 855/855/855 856/856/856
f 857/857/857 858/858/858 859/859/859
f 858/858/858 860/860/860 859/859/859
f 859/859/859 860/860/860 861/861/861
f 860/860/860 862/862/862 861/861/861
f 861/861/861 862/862/862 863/863/863
f 862/862/862 864/864/864 863/863/863
f 863/863/863 864/864/864 865/865/865
f 864/864/864 866/866/866 865/865/865
f 865/865/865 866/866/866 867/867/867
f 866/866/866 868/868/868 867/867/867
f 867/867/867 868/868/868 869/869/869
f 868/868/868 870/870/870 869/869/869
f 869/869/869 870/870/870 871/871/871
f 870/870/870 872/872/872 871/871/871
f 871/871/871 872/872/872 873/873/873
f 874/874/874 875/875/875 876/876/876
f 877/877/877 878/878/878 879/879/879
f 878/878/878 880/880/880 879/879/879
f 879/879/879 880/880/880 881/881/881
f 880/880/880 882/882/882 881/881/881
f 881/881/881 882/882/882 883/883/883
f 884/884/884 885/885/885 886/886/886
f 885/885/885 887/887/887 886/886/886
f 886/886/886 887/887/887 888/888/888
f 887/887/887 889/889/889 888/888/888
f 888/888/888 889/889/889 890/890/890
f 891/891/891 892/892/892 893/893/893
f 892/892/892 894/894/894 893/893/893
f 893/893/893 894/894/894 895/895/895
f 894/894/894 896/896/896 895/895/895
f 895/895/895 896/896/896 897/897/897
f 896/896/896 898/898/898 897/897/897
f 897/897/897 898/898/898 899/899/899
f 900/900/900 901/901/901 902/902/902
f 901/901/901 903/903/903 902/902/902
f 902/902/902 903/903/903 904/904/904
f 903/903/903 905/905/905 904/904/904
f 904/904/904 905/905/905 906/906/906
f 905/905/905 907/907/907 906/906/906
f 906/906/906 907/907/907 908/908/908
f 907/907/907 909/909/909 908/908/908
f 908/908/908 909/909/909 910/910/910
f 911/911/911 912/912/912 913/913/913
f 912/912/912 914/914/914 913/913/913
f 913/913/913 914/914/914 915/915/915
f 914/914/914 916/916/916 915/915/915
f 915/915/915 916/916/916 917/917/917
f 916/916/916 918/918/918 917/917/917
f 917/917/917 918/918/918 919/919/919
f 918/918/918 920/920/920 919/919/919
f 919/919/919 920/920/920 921/921/921
f 920/920/920 922/922/922 921/921/921
f 921/921/921 922/922/922 923/923/923
f 924/924/924 925/925/925 926/926/926
f 925/925/925 927/927/927 926/926/926
f 926/926/926 927/927/927 928/928/928
f 927/927/927 929/929/929 928/928/928
f 928/928/928 929/929/929 930/930/930
f 929/929/929 931/931/931 930/930/930
f 930/930/930 931/931/931 932/932/932
f 931/931/931 933/933/933 932/932/932
f 932/932/932 933/933/933 934/934/934
f 933/933/933 935/935/935 934/934/934
f 934/934/934 935/935/935 936/936/936
f 935/935/935 937/937/937 936/936/936
f 936/936/936 937/937/937 938/938/938
f 939/939/939 940/940/940 941/941/941
f 940/940/940 942/942/942 941/941/941
f 941/941/941 942/942/942 943/943/943
f 942/942/942 944/944/944 943/943/943
f 943/943/943 944/944/944 945/945/945
f 944/944/944 946/946/946 945/945/945
f 945/945/945 946/946/946 947/947/947
f 946/946/946 948/948/948 947/947/947
f 947/947/947 948/948/948 949/949/949
f 948/948/948 950/950/950 949/949/949
f 949/949/949 950/950/950 951/951/951
f 950/950/950 952/952/952 951/951/951
f 951/951/951 952/952/952 953/953/953
f 952/952/952 954/954/954 953/953/953
f 955/955/955 956/956/956 957/957/957
f 956/956/956 958/958/958 957/957/957
f 957/957/957 958/958/958 959/959/959
f 958/958/958 960/960/960 959/959/959
f 959/959/959 960/960/960 961/961/961
f 960/960/960 962/962/962 961/961/961
f 961/961/961 962/962/962 963/963/963
f 962/962/962 964/964/964 963/963/963
f 963/963/963 964/964/964 965/965/965
f 964/964/964 966/966/966 965/965/965
f 965/965/965 966/966/966 967/967/967
f 966/966/966 968/968/968 967/967/967
f 967/967/967 968/968/968 969/969/969
f 968/968/968 970/970/970 969/969/969
f 971/971/971 972/972/972 973/973/973
f 972/972/972 974/974/974 973/973/973
f 973/973/973 974/974/974 975/975/975
f 974/974/974 976/976/976 975/975/975
f 975/975/975 976/976/976 977/977/977
f 976/976/976 978/978/978 977/977/977
f 977/977/977 978/978/978 979/979/979
f 978/978/978 980/980/980 979/979/979
f 979/979/979 980/980/980 981/981/981
f 980/980/980 982/982/982 981/981/981
f 981/981/981 982/982/982 983/983/983
f 982/982/982 984/984/984 983/983/983
f 983/983/983 984/984/984 985/985/985
f 984/984/984 986/986/986 985/985/985
f 987/987/987 988/988/988 989/989/989
f 988/988/988 990/990/990 989/989/989
f 989/989/989 990/990/990 991/991/991
f 990/990/990 992/992/992 991/991/991
f 991/991/991 992/992/992 993/993/993
f 992/992/992 994/994/994 993/993/993
f 993/993/993 994/994/994 995/995/995
f 994/994/994 996/996/996 995/995/995
f 995/995/995 996/996/996 997/997/997
f 996/996/996 998/998/998 997/997/997
f 997/997/997 998/998/998 999/999/999
f 998/998/998 1000/1000/1000 999/999/999
f 999/999/999 1000/1000/1000 1001/1001/1001
f 1000/1000/1000 1002/1002/1002 1001/1001/1001
f 1003/1003/1003 1004/1004/1004 1005/1005/1005
f 1004/1004/1004 1006/1006/1006 1005/1005/1005
f 1005/1005/1005 1006/1006/1006 1007/1007/1007
f 1006/1006/1006 1008/1008/1008 1007/1007/1007
f 1007/1007/1007 1008/1008/1008 1009/1009/1009
f 1008/1008/1008 1010/1010/1010 1009/1009/1009
f 1009/1009/1009 1010/1010/1010 1011/1011/1011
f 1010/1010/1010 1012/1012/1012 1011/1011/1011
f 1011/1011/1011 1012/1012/1012 1013/1013/1013
f 1012/1012/1012 1014/1014/1014 1013/1013/1013
f 1013/1013/1013 1014/1014/1014 1015/1015/1015
f 1014/1014/1014 1016/1016/1016 1015/1015/1015
f 1015/1015/1015 1016/1016/1016 1017/1017/1017
f 1016/1016/1016 1018/1018/1018 1017/1017/1017
f 1017/1017/1017 1018/1018/1018 1019/1019/1019
f 1018/1018/1018 1020/1020/1020 1019/1019/1019
f 1019/1019/1019 1020/1020/1020 1021/1021/1021
f 1020/1020/1020 1022/1022/1022 1021/1021/1021
f 1021/1021/1021 1022/1022/1022 1023/1023/1023
f 1022/1022/1022 1024/1024/1024 1023/1023/1023
f 1023/1023/1023 1024/1024/1024 1025/1025/1025
f 1024/1024/1024 1026/1026/1026 1025/1025/1025
f 1025/1025/1025 1026/1026/1026 1027/1027/1027
f 1026/1026/1026 1028/1028/1028 1027/1027/1027
f 1027/1027/1027 1028/1028/1028 1029/1029/1029
f 1028/1028/1028 1030/1030/1030 1029/1029/1029
f 1029/1029/1029 1030/1030/1030 1031/1031/1031
f 1030/1030/1030 1032/1032/1032 1031/1031/1031
f 1031/1031/1031 1032/1032/1032 1033/1033/1033
f 1032/1032/1032 1034/1034/1034 1033/1033/1033
f 1033/1033/1033 1034/1034/1034 1035/1035/1035
f 1034/1034/1034 1036/1036/1036 1035/1035/1035
f 1035/1035/1035 1036/1036/1036 1037/1037/1037
f 1036/1036/1036 1038/1038/1038 1037/1037/1037
f 1037/1037/1037 1038/1038/1038 1039/1039/1039
f 1038/1038/1038 1040/1040/1040 1039/1039/1039
f 1039/1039/1039 1040/1040/1040 1041/1041/1041
f 1042/1042/1042 1043/1043/1043 1044/1044/1044
f 1045/1045/1045 1046/1046/1046 1047/1047/1047
f 1046/1046/1046 1048/1048/1048 1047/1047/1047
f 1047/1047/1047 1048/1048/1048 1049/1049/1049
f 1048/1048/1048 1050/1050/1050 1049/1049/1049
f 1049/1049/1049 1050/1050/1050 1051/1051/1051
f 1050/1050/1050 1052/1052/1052 1051/1051/1051
f 1051/1051/1051 1052/1052/1052 1053/1053/1053
f 1052/1052/1052 1054/1054/1054 1053/1053/1053
f 1053/1053/1053 1054/1054/1054 1055/1055/1055
f 1054/1054/1054 1056/1056/1056 1055/1055/1055
f 1055/1055/1055 1056/1056/1056 1057/1057/1057
f 1056/1056/1056 1058/1058/1058 1057/1057/1057
f 1057/1057/1057 1058/1058/1058 1059/1059/1059
f 1058/1058/1058 1060/1060/1060 1059/1059/1059
f 1059/1059/1059 1060/1060/1060 1061/1061/1061
f 1062/1062/1062 1063/1063/1063 1064/1064/1064
f 1063/1063/1063 1065/1065/1065 1064/1064/1064
f 1064/1064/1064 1065/1065/1065 1066/1066/1066
f 1065/1065/1065 1067/1067/1067 1066/1066/1066
f 1066/1066/1066 1067/1067/1067 1068/1068/1068
f 1069/1069/1069 1070/1070/1070 1071/1071/1071
f 1070/1070/1070 1072/1072/1072 1071/1071/1071
f 1071/1071/1071 1072/1072/1072 1073/1073/1073
f 1072/1072/1072 1074/1074/1074 1073/1073/1073
f 1073/1073/1073 1074/1074/1074 1075/1075/1075
f 1076/1076/1076 1077/1077/1077 1078/1078/1078
f 1077/1077/1077 1079/1079/1079 1078/1078/1078
f 1078/1078/1078 1079/1079/1079 1080/1080/1080
f 1079/1079/1079 1081/1081/1081 1080/1080/1080
f 1080/1080/1080 1081/1081/1081 1082/1082/1082
f 1081/1081/1081 1083/1083/1083 1082/1082/1082
f 1082/1082/1082 1083/1083/1083 1084/1084/1084
f 1085/1085/1085 1086/1086/1086 1087/1087/1087
f 1086/1086/1086 1088/1088/1088 1087/1087/1087
f 1087/1087/1087 1088/1088/1088 1089/1089/1089
f 1088/1088/1088 1090/1090/1090 1089/1089/1089
f 1089/1089/1089 1090/1090/1090 1091/1091/1091
f 1090/1090/1090 1092/1092/1092 1091/1091/1091
f 1091/1091/1091 1092/1092/1092 1093/1093/1093
f 1092/1092/1092 1094/1094/1094 1093/1093/1093
f 1093/1093/1093 1094/1094/1094 1095/1095/1095
f 1096/1096/1096 1097/1097/1097 1098/1098/1098
f 1097/1097/1097 1099/1099/1099 1098/1098/1098
f 1098/1098/1098 1099/1099/1099 1100/1100/1100
f 1099/1099/1099 1101/1101/1101 1100/1100/1100
f 1100/1100/1100 1101/1101/1101 1102/1102/1102
f 1101/1101/1101 1103/1103/1103 1102/1102/1102
f 1102/1102/1102 1103/1103/1103 1104/1104/1104
f 1103/1103/1103 1105/1105/1105 1104/1104/1104
f 1104/1104/1104 1105/1105/1105 1106/1106/1106
f 1105/1105/1105 1107/1107/1107 1106/1106/1106
f 1106/1106/1106 1107/1107/1107 1108/1108/1108
f 1109/1109/1109 1110/1110/1110 1111/1111/1111
f 1110/1110/1110 1112/1112/1112 1111/1111/1111
f 1111/1111/1111 1112/1112/1112 1113/1113/1113
f 1112/1112/1112 1114/1114/1114 1113/1113/1113
f 1113/1113/1113 1114/1114/1114 1115/1115/1115
f 1114/1114/1114 1116/1116/1116 1115/1115/1115
f 1115/1115/1115 1116/1116/1116 1117/1117/1117
f 1116/1116/1116 1118/1118/1118 1117/1117/1117
f 1117/1117/1117 1118/1118/1118 1119/1119/1119
f 1118/1118/1118 1120/1120/1120 1119/1119/1119
f 1119/1119/1119 1120/1120/1120 1121/1121/1121
f 1120/1120/1120 1122/1122/1122 1121/1121/1121
f 1121/1121/1121 1122/1122/1122 1123/1123/1123
f 1124/1124/1124 1125/1125/1125 1126/1126/1126
f 1125/1125/1125 1127/1127/1127 1126/1126/1126
f 1126/1126/1126 1127/1127/1127 1128/1128/1128
f 1127/1127/1127 1129/1129/1129 1128/1128/1128
f 1128/1128/1128 1129/1129/1129 1130/1130/1130
f 1129/1129/1129 1131/1131/1131 1130/1130/1130
f 1130/1130/1130 1131/1131/1131 1132/1132/1132
f 1131/1131/1131 1133/1133/1133 1132/1132/1132
f 1132/1132/1132 1133/1133/1133 1134/1134/1134
f 1133/1133/1133 1135/1135/1135 1134/1134/1134
f 1134/1134/1134 1135/1135/1135 1136/1136/1136
f 1135/1135/1135 1137/1137/1137 1136/1136/1136
f 1136/1136/1136 1137/1137/1137 1138/1138/1138
f 1137/1137/1137 1139/1139/1139 1138/1138/1138
f 1140/1140/1140 1141/1141/1141 1142/1142/1142
f 1141/1141/1141 1143/1143/1143 1142/1142/1142
f 1142/1142/1142 1143/1143/1143 1144/1144/1144
f 1143/1143/1143 1145/1145/1145 1144/1144/1144
f 1144/1144/1144 1145/1145/1145 1146/1146/1146
f 1145/1145/1145 1147/1147/1147 1146/1146/1146
f 1146/1146/1146 1147/1147/1147 1148/1148/1148
f 1147/1147/1147 1149/1149/1149 1148/1148/1148
f 1148/1148/1148 1149/1149/1149 1150/1150/1150
f 1149/1149/1149 1151/1151/1151 1150/1150/1150
f 1150/1150/1150 1151/1151/1151 1152/1152/1152
f 1151/1151/1151 1153/1153/1153 1152/1152/1152
f 1152/1152/1152 1153/1153/1153 1154/1154/1154
f 1153/1153/1153 1155/1155/1155 1154/1154/1154
f 1156/1156/1156 1157/1157/1157 1158/1158/1158
f 1157/1157/1157 1159/1159/1159 1158/1158/1158
f 1158/1158/1158 1159/1159/1159 1160/1160/1160
f 1159/1159/1159 1161/1161/1161 1160/1160/1160
f 1160/1160/1160 1161/1161/1161 1162/1162/1162
f 1161/1161/1161 1163/1163/1163 1162/1162/1162
f 1162/1162/1162 1163/1163/1163 1164/1164/1164
f 1163/1163/1163 1165/1165/1165 1164/1164/1164
f 1164/1164/1164 1165/1165/1165 1166/1166/1166
f 1165/1165/1165 1167/1167/1167 1166/1166/1166
f 1166/1166/1166 1167/1167/1167 1168/1168/1168
f 1167/1167/1167 1169/1169/1169 1168/1168/1168
f 1168/1168/1168 1169/1169/1169 1170/1170/1170
f 1169/1169/1169 1171/1171/1171 1170/1170/1170
f 1172/1172/1172 1173/1173/1173 1174/1174/1174
f 1173/1173/1173 1175/1175/1175 1174/1174/1174
f 1174/1174/1174 1175/1175/1175 1176/1176/1176
f 1175/1175/1175 1177/1177/1177 1176/1176/1176
f 1176/1176/1176 1177/1177/1177 1178/1178/1178
f 1177/1177/1177 1179/1179/1179 1178/1178/1178
f 1178/1178/1178 1179/1179/1179 1180/1180/1180
f 1179/1179/1179 1181/1181/1181 1180/1180/1180
f 1180/1180/1180 1181/1181/1181 1182/1182/1182
f 1181/1181/1181 1183/1183/1183 1182/1182/1182
f 1182/1182/1182 1183/1183/1183 1184/1184/1184
f 1183/1183/1183 1185/1185/1185 1184/1184/1184
f 1184/1184/1184 1185/1185/1185 1186/1186/1186
f 1185/1185/1185 1187/1187/1187 1186/1186/1186
f 1188/1188/1188 1189/1189/1189 1190/1190/1190
f 1189/1189/1189 1191/1191/1191 1190/1190/1190
f 1190/1190/1190 1191/1191/1191 1192/1192/1192
f 1191/1191/1191 1193/1193/1193 1192/1192/1192
f 1192/1192/1192 1193/1193/1193 1194/1194/1194
f 1193/1193/1193 1195/1195/1195 1194/1194/1194
f 1194/1194/1194 1195/1195/1195 1196/1196/1196
f 1195/1195/1195 1197/1197/1197 1196/1196/1196
f 1196/1196/1196 1197/1197/1197 1198/1198/1198
f 1197/1197/1197 1199/1199/1199 1198/1198/1198
f 1198/1198/1198 1199/1199/1199 1200/1200/1200
f 1199/1199/1199 1201/1201/1201 1200/1200/1200
f 1200/1200/1200 1201/1201/1201 1202/1202/1202
f 1201/1201/1201 1203/1203/1203 1202/1202/1202
f 1202/1202/1202 1203/1203/1203 1204/1204/1204
f 1203/1203/1203 1205/1205/1205 1204/1204/1204
f 1204/1204/1204 1205/1205/1205 1206/1206/1206
f 1205/1205/1205 1207/1207/1207 1206/1206/1206
f 1206/1206/1206 1207/1207/1207 1208/1208/1208
f 1207/1207/1207 1209/1209/1209 1208/1208/1208
f 1208/1208/1208 1209/1209/1209 1210/1210/1210
f 1209/1209/1209 1211/1211/1211 1210/1210/1210
f 1210/1210/1210 1211/1211/1211 1212/1212/1212
f 1211/1211/1211 1213/1213/1213 1212/1212/1212
f 1212/1212/1212 1213/1213/1213 1214/1214/1214
f 1213/1213/1213 1215/1215/1215 1214/1214/1214
f 1214/1214/1214 1215/1215/1215 1216/1216/1216
f 1215/1215/1215 1217/1217/1217 1216/1216/1216
f 1216/1216/1216 1217/1217/1217 1218/1218/1218
f 1217/1217/1217 1219/1219/1219 1218/1218/1218
f 1218/1218/1218 1219/1219/1219 1220/1220/1220
f 1219/1219/1219 1221/1221/1221 1220/1220/1220
f 1220/1220/1220 1221/1221/1221 1222/1222/1222
f 1221/1221/1221 1223/1223/1223 1222/1222/1222
f 1222/1222/1222 1223/1223/1223 1224/1224/1224
f 1223/1223/1223 1225/1225/1225 1224/1224/1224
f 1224/1224/1224 1225/1225/1225 1226/1226/1226
f 1227/1227/1227 1228/1228/1228 1229/1229/1229
f 1228/1228/1228 1230/1230/1230 1229/1229/1229
f 1229/1229/1229 1230/1230/1230 1231/1231/1231
f 1230/1230/1230 1232/1232/1232 1231/1231/1231
f 1231/1231/1231 1232/1232/1232 1233/1233/1233
f 1232/1232/1232 1234/1234/1234 1233/1233/1233
f 1233/1233/1233 1234/1234/1234 1235/1235/1235
f 1234/1234/1234 1236/1236/1236 1235/1235/1235
f 1235/1235/1235 1236/1236/1236 1237/1237/1237
f 1236/1236/1236 1238/1238/1238 1237/1237/1237
f 1237/1237/1237 1238/1238/1238 1239/1239/1239
f 1238/1238/1238 1240/1240/1240 1239/1239/1239
f 1239/1239/1239 1240/1240/1240 1241/1241/1241
f 1240/1240/1240 1242/1242/1242 1241/1241/1241
f 1241/1241/1241 1242/1242/1242 1243/1243/1243
f 1242/1242/1242 1244/1244/1244 1243/1243/1243
f 1245/1245/1245 1246/1246/1246 1247/1247/1247
f 1246/1246/1246 1248/1248/1248 1247/1247/1247
f 1247/1247/1247 1248/1248/1248 1249/1249/1249
f 1248/1248/1248 1250/1250/1250 1249/1249/1249
f 1249/1249/1249 1250/1250/1250 1251/1251/1251
f 1250/1250/1250 1252/1252/1252 1251/1251/1251
f 1251/1251/1251 1252/1252/1252 1253/1253/1253
f 1252/1252/1252 1254/1254/1254 1253/1253/1253
f 1253/1253/1253 1254/1254/1254 1255/1255/1255
f 1254/1254/1254 1256/1256/1256 1255/1255/1255
f 1255/1255/1255 1256/1256/1256 1257/1257/1257
f 1256/1256/1256 1258/1258/1258 1257/1257/1257
f 1257/1257/1257 1258/1258/1258 1259/1259/1259
f 1258/1258/1258 1260/1260/1260 1259/1259/1259
f 1259/1259/1259 1260/1260/1260 1261/1261/1261
f 1260/1260/1260 1262/1262/1262 1261/1261/1261
f 1263/1263/1263 1264/1264/1264 1265/1265/1265
f 1264/1264/1264 1266/1266/1266 1265/1265/1265
f 1265/1265/1265 1266/1266/1266 1267/1267/1267
f 1266/1266/1266 1268/1268/1268 1267/1267/1267
f 1267/1267/1267 1268/1268/1268 1269/1269/1269
f 1268/1268/1268 1270/1270/1270 1269/1269/1269
f 1269/1269/1269 1270/1270/1270 1271/1271/1271
f 1270/1270/1270 1272/1272/1272 1271/1271/1271
f 1271/1271/1271 1272/1272/1272 1273/1273/1273
f 1272/1272/1272 1274/1274/1274 1273/1273/1273
f 1273/1273/1273 1274/1274/1274 1275/1275/1275
f 1274/1274/1274 1276/1276/1276 1275/1275/1275
f 1275/1275/1275 1276/1276/1276 1277/1277/1277
f 1276/1276/1276 1278/1278/1278 1277/1277/1277
f 1277/1277/1277 1278/1278/1278 1279/1279/1279
f 1278/1278/1278 1280/1280/1280 1279/1279/1279
f 1281/1281/1281 1282/1282/1282 1283/1283/1283
f 1282/1282/1282 1284/1284/1284 1283/1283/1283
f 1285/1285/1285 1286/1286/1286 1287/1287/1287
f 1286/1286/1286 1288/1288/1288 1287/1287/1287
f 1289/1289/1289 1290/1290/1290 1291/1291/1291
f 1290/1290/1290 1292/1292/1292 1291/1291/1291
f 1291/1291/1291 1292/1292/1292 1293/1293/1293
f 1292/1292/1292 1294/1294/1294 1293/1293/1293
f 1293/1293/1293 1294/1294/1294 1295/1295/1295
f 1296/1296/1296 1297/1297/1297 1298/1298/1298
f 1299/1299/1299 1300/1300/1300 1301/1301/1301
f 1300/1300/1300 1302/1302/1302 1301/1301/1301
f 1301/1301/1301 1302/1302/1302 1303/1303/1303
f 1304/1304/1304 1305/1305/1305 1306/1306/1306
f 1307/1307/1307 1308/1308/1308 1309/1309/1309
f 1308/1308/1308 1310/1310/1310 1309/1309/1309
f 1309/1309/1309 1310/1310/1310 1311/1311/1311
f 1312/1312/1312 1313/1313/1313 1314/1314/1314
f 1313/1313/1313 1315/1315/1315 1314/1314/1314
f 1314/1314/1314 1315/1315/1315 1316/1316/1316
f 1315/1315/1315 1317/1317/1317 1316/1316/1316
f 1316/1316/1316 1317/1317/1317 1318/1318/1318
f 1319/1319/1319 1320/1320/1320 1321/1321/1321
f 1320/1320/1320 1322/1322/1322 1321/1321/1321
f 1321/1321/1321 1322/1322/1322 1323/1323/1323
f 1324/1324/1324 1325/1325/1325 1326/1326/1326
f 1325/1325/1325 1327/1327/1327 1326/1326/1326
f 1326/1326/1326 1327/1327/1327 1328/1328/1328
f 1327/1327/1327 1329/1329/1329 1328/1328/1328
f 1328/1328/1328 1329/1329/1329 1330/1330/1330
f 1329/1329/1329 1331/1331/1331 1330/1330/1330
f 1330/1330/1330 1331/1331/1331 1332/1332/1332
f 1331/1331/1331 1333/1333/1333 1332/1332/1332
f 1332/1332/1332 1333/1333/1333 1334/1334/1334
f 1335/1335/1335 1336/1336/1336 1337/1337/1337
f 1336/1336/1336 1338/1338/1338 1337/1337/1337
f 1337/1337/1337 1338/1338/1338 1339/1339/1339
f 1338/1338/1338 1340/1340/1340 1339/1339/1339
f 1339/1339/1339 1340/1340/1340 1341/1341/1341
f 1340/1340/1340 1342/1342/1342 1341/1341/1341
f 1343/1343/1343 1344/1344/1344 1345/1345/1345
f 1344/1344/1344 1346/1346/1346 1345/1345/1345
f 1347/1347/1347 1348/1348/1348 1349/1349/1349
f 1348/1348/1348 1350/1350/1350 1349/1349/1349
f 1351/1351/1351 1352/1352/1352 1353/1353/1353
f 1352/1352/1352 1354/1354/1354 1353/1353/1353
f 1355/1355/1355 1356/1356/1356 1357/1357/1357
f 1356/1356/1356 1358/1358/1358 1357/1357/1357
f 1359/1359/1359 1360/1360/1360 1361/1361/1361
f 1362/1362/1362 1363/1363/1363 1364/1364/1364
f 1365/1365/1365 1366/1366/1366 1367/1367/1367
f 1368/1368/1368 1369/1369/1369 1370/1370/1370
f 1369/1369/1369 1371/1371/1371 1370/1370/1370
f 1370/1370/1370 1371/1371/1371 1372/1372/1372
f 1371/1371/1371 1373/1373/1373 1372/1372/1372
f 1372/1372/1372 1373/1373/1373 1374/1374/1374
f 1373/1373/1373 1375/1375/1375 1374/1374/1374
f 1374/1374/1374 1375/1375/1375 1376/1376/1376
f 1377/1377/1377 1378/1378/1378 1379/1379/1379
f 1378/1378/1378 1380/1380/1380 1379/1379/1379
f 1379/1379/1379 1380/1380/1380 1381/1381/1381
f 1382/1382/1382 1383/1383/1383 1384/1384/1384
f 1383/1383/1383 1385/1385/1385 1384/1384/1384
f 1384/1384/1384 1385/1385/1385 1386/1386/1386
f 1385/1385/1385 1387/1387/1387 1386/1386/1386
f 1388/1388/1388 1389/1389/1389 1390/1390/1390
f 1389/1389/1389 1391/1391/1391 1390/1390/1390
f 1390/1390/1390 1391/1391/1391 1392/1392/1392
f 1393/1393/1393 1394/1394/1394 1395/1395/1395
f 1394/1394/1394 1396/1396/1396 1395/1395/1395
f 1395/1395/1395 1396/1396/1396 1397/1397/1397
f 1396/1396/1396 1398/1398/1398 1397/1397/1397
f 1397/1397/1397 1398/1398/1398 1399/1399/1399
f 1398/1398/1398 1400/1400/1400 1399/1399/1399
f 1399/1399/1399 1400/1400/1400 1401/1401/1401
f 1402/1402/1402 1403/1403/1403 1404/1404/1404
f 1403/1403/1403 1405/1405/1405 1404/1404/1404
f 1404/1404/1404 1405/1405/1405 1406/1406/1406
f 1405/1405/1405 1407/1407/1407 1406/1406/1406
f 1408/1408/1408 1409/1409/1409 1410/1410/1410
f 1409/1409/1409 1411/1411/1411 1410/1410/1410
f 1410/1410/1410 1411/1411/1411 1412/1412/1412
f 1411/1411/1411 1413/1413/1413 1412/1412/1412
f 1412/1412/1412 1413/1413/1413 1414/1414/1414
f 1415/1415/1415 1416/1416/1416 1417/1417/1417
f 1418/1418/1418 1419/1419/1419 1420/1420/1420
f 1421/1421/1421 1422/1422/1422 1423/1423/1423
f 1422/1422/1422 1424/1424/1424 1423/1423/1423
f 1423/1423/1423 1424/1424/1424 1425/1425/1425
f 1426/1426/1426 1427/1427/1427 1428/1428/1428
f 1427/1427/1427 1429/1429/1429 1428/1428/1428
f 1428/1428/1428 1429/1429/1429 1430/1430/1430
f 1431/1431/1431 1432/1432/1432 1433/1433/1433
f 1432/1432/1432 1434/1434/1434 1433/1433/1433
f 1433/1433/1433 1434/1434/1434 1435/1435/1435
f 1436/1436/1436 1437/1437/1437 1438/1438/1438
f 1437/1437/1437 1439/1439/1439 1438/1438/1438
f 1438/1438/1438 1439/1439/1439 1440/1440/1440
f 1441/1441/1441 1442/1442/1442 1443/1443/1443
f 1442/1442/1442 1444/1444/1444 1443/1443/1443
f 1443/1443/1443 1444/1444/1444 1445/1445/1445
f 1444/1444/1444 1446/1446/1446 1445/1445/1445
f 1445/1445/1445 1446/1446/1446 1447/1447/1447
f 1448/1448/1448 1449/1449/1449 1450/1450/1450
f 1449/1449/1449 1451/1451/1451 1450/1450/1450
f 1450/1450/1450 1451/1451/1451 1452/1452/1452
f 1451/1451/1451 1453/1453/1453 1452/1452/1452
f 1452/1452/1452 1453/1453/1453 1454/1454/1454
f 1455/1455/1455 1456/1456/1456 1457/1457/1457
f 1456/1456/1456 1458/1458/1458 1457/1457/1457
f 1457/1457/1457 1458/1458/1458 1459/1459/1459
f 1460/1460/1460 1461/1461/1461 1462/1462/1462
f 1461/1461/1461 1463/1463/1463 1462/1462/1462
f 1462/1462/1462 1463/1463/1463 1464/1464/1464
f 1463/1463/1463 1465/1465/1465 1464/1464/1464
f 1464/1464/1464 1465/1465/1465 1466/1466/1466
f 1465/1465/1465 1467/1467/1467 1466/1466/1466
f 1468/1468/1468 1469/1469/1469 1470/1470/1470
f 1469/1469/1469 1471/1471/1471 1470/1470/1470
f 1470/1470/1470 1471/1471/1471 1472/1472/1472
f 1471/1471/1471 1473/1473/1473 1472/1472/1472
f 1472/1472/1472 1473/1473/1473 1474/1474/1474
f 1475/1475/1475 1476/1476/1476 1477/1477/1477
f 1476/1476/1476 1478/1478/1478 1477/1477/1477
f 1477/1477/1477 1478/1478/1478 1479/1479/1479
f 1480/1480/1480 1481/1481/1481 1482/1482/1482
f 1481/1481/1481 1483/1483/1483 1482/1482/1482
f 1482/1482/1482 1483/1483/1483 1484/1484/1484
f 1483/1483/1483 1485/1485/1485 1484/1484/1484
f 1484/1484/1484 1485/1485/1485 1486/1486/1486
f 1487/1487/1487 1488/1488/1488 1489/1489/1489
f 1488/1488/1488 1490/1490/1490 1489/1489/1489
f 1489/1489/1489 1490/1490/1490 1491/1491/1491
f 1490/1490/1490 1492/1492/1492 1491/1491/1491
f 1491/1491/1491 1492/1492/1492 1493/1493/1493
f 1494/1494/1494 1495/1495/1495 1496/1496/1496
f 1497/1497/1497 1498/1498/1498 1499/1499/1499
f 1498/1498/1498 1500/1500/1500 1499/1499/1499
f 1499/1499/1499 1500/1500/1500 1501/1501/1501
f 1500/1500/1500 1502/1502/1502 1501/1501/1501
f 1501/1501/1501 1502/1502/1502 1503/1503/1503
f 1504/1504/1504 1505/1505/1505 1506/1506/1506
f 1505/1505/1505 1507/1507/1507 1506/1506/1506
f 1506/1506/1506 1507/1507/1507 1508/1508/1508
f 1507/1507/1507 1509/1509/1509 1508/1508/1508
f 1508/1508/1508 1509/1509/1509 1510/1510/1510
f 1509/1509/1509 1511/1511/1511 1510/1510/1510
f 1510/1510/1510 1511/1511/1511 1512/1512/1512
f 1513/1513/1513 1514/1514/1514 1515/1515/1515
f 1514/1514/1514 1516/1516/1516 1515/1515/1515
f 1515/1515/1515 1516/1516/1516 1517/1517/1517
f 1516/1516/1516 1518/1518/1518 1517/1517/1517
f 1517/1517/1517 1518/1518/1518 1519/1519/1519
f 1520/1520/1520 1521/1521/1521 1522/1522/1522
f 1521/1521/1521 1523/1523/1523 1522/1522/1522
f 1522/1522/1522 1523/1523/1523 1524/1524/1524
f 1523/1523/1523 1525/1525/1525 1524/1524/1524
f 1524/1524/1524 1525/1525/1525 1526/1526/1526
f 1525/1525/1525 1527/1527/1527 1526/1526/1526
f 1528/1528/1528 1529/1529/1529 1530/1530/1530
f 1531/1531/1531 1532/1532/1532 1533/1533/1533
f 1532/1532/1532 1534/1534/1534 1533/1533/1533
f 1533/1533/1533 1534/1534/1534 1535/1535/1535
f 1534/1534/1534 1536/1536/1536 1535/1535/1535
f 1535/1535/1535 1536/1536/1536 1537/1537/1537
f 1536/1536/1536 1538/1538/1538 1537/1537/1537
f 1539/1539/1539 1540/1540/1540 1541/1541/1541
f 1540/1540/1540 1542/1542/1542 1541/1541/1541
f 1541/1541/1541 1542/1542/1542 1543/1543/1543
f 1544/1544/1544 1545/1545/1545 1546/1546/1546
f 1545/1545/1545 1547/1547/1547 1546/1546/1546
f 1546/1546/1546 1547/1547/1547 1548/1548/1548
f 1547/1547/1547 1549/1549/1549 1548/1548/1548
f 1550/1550/1550 1551/1551/1551 1552/1552/1552
f 1551/1551/1551 1553/1553/1553 1552/1552/1552
f 1552/1552/1552 1553/1553/1553 1554/1554/1554
f 1555/1555/1555 1556/1556/1556 1557/1557/1557
f 1556/1556/1556 1558/1558/1558 1557/1557/1557
f 1557/1557/1557 1558/1558/1558 1559/1559/1559
f 1558/1558/1558 1560/1560/1560 1559/1559/1559
f 1559/1559/1559 1560/1560/1560 1561/1561/1561
f 1560/1560/1560 1562/1562/1562 1561/1561/1561
f 1563/1563/1563 1564/1564/1564 1565/1565/1565
f 1564/1564/1564 1566/1566/1566 1565/1565/1565
f 1565/1565/1565 1566/1566/1566 1567/1567/1567
f 1568/1568/1568 1569/1569/1569 1570/1570/1570
f 1569/1569/1569 1571/1571/1571 1570/1570/1570
f 1570/1570/1570 1571/1571/1571 1572/1572/1572
f 1571/1571/1571 1573/1573/1573 1572/1572/1572
f 1572/1572/1572 1573/1573/1573 1574/1574/1574
f 1573/1573/1573 1575/1575/1575 1574/1574/1574
f 1576/1576/1576 1577/1577/1577 1578/1578/1578
f 1577/1577/1577 1579/1579/1579 1578/1578/1578
f 1578/1578/1578 1579/1579/1579 1580/1580/1580
f 1581/1581/1581 1582/1582/1582 1583/1583/1583
f 1582/1582/1582 1584/1584/1584 1583/1583/1583
f 1583/1583/1583 1584/1584/1584 1585/1585/1585
f 1584/1584/1584 1586/1586/1586 1585/1585/1585
f 1585/1585/1585 1586/1586/1586 1587/1587/1587
f 1586/1586/1586 1588/1588/1588 1587/1587/1587
f 1589/1589/1589 1590/1590/1590 1591/1591/1591
f 1592/1592/1592 1593/1593/1593 1594/1594/1594
f 1593/1593/1593 1595/1595/1595 1594/1594/1594
f 1594/1594/1594 1595/1595/1595 1596/1596/1596
f 1595/1595/1595 1597/1597/1597 1596/1596/1596
f 1596/1596/1596 1597/1597/1597 1598/1598/1598
f 1599/1599/1599 1600/1600/1600 1601/1601/1601
f 1600/1600/1600 1602/1602/1602 1601/1601/1601
f 1601/1601/1601 1602/1602/1602 1603/1603/1603
f 1604/1604/1604 1605/1605/1605 1606/1606/1606
f 1605/1605/1605 1607/1607/1607 1606/1606/1606
f 1606/1606/1606 1607/1607/1607 1608/1608/1608
f 1609/1609/1609 1610/1610/1610 1611/1611/1611
f 1610/1610/1610 1612/1612/1612 1611/1611/1611
f 1611/1611/1611 1612/1612/1612 1613/1613/1613
f 1614/1614/1614 1615/1615/1615 1616/1616/1616
f 1615/1615/1615 1617/1617/1617 1616/1616/1616
f 1616/1616/1616 1617/1617/1617 1618/1618/1618
f 1617/1617/1617 1619/1619/1619 1618/1618/1618
f 1618/1618/1618 1619/1619/1619 1620/1620/1620
f 1621/1621/1621 1622/1622/1622 1623/1623/1623
f 1622/1622/1622 1624/1624/1624 1623/1623/1623
f 1623/1623/1623 1624/1624/1624 1625/1625/1625
f 1626/1626/1626 1627/1627/1627 1628/1628/1628
f 1627/1627/1627 1629/1629/1629 1628/1628/1628
f 1628/1628/1628 1629/1629/1629 1630/1630/1630
f 1631/1631/1631 1632/1632/1632 1633/1633/1633
f 1632/1632/1632 1634/1634/1634 1633/1633/1633
f 1633/1633/1633 1634/1634/1634 1635/1635/1635
f 1636/1636/1636 1637/1637/1637 1638/1638/1638
f 1637/1637/1637 1639/1639/1639 1638/1638/1638
f 1638/1638/1638 1639/1639/1639 1640/1640/1640
f 1639/1639/1639 1641/1641/1641 1640/1640/1640
f 1640/1640/1640 1641/1641/1641 1642/1642/1642
f 1643/1643/1643 1644/1644/1644 1645/1645/1645
f 1644/1644/1644 1646/1646/1646 1645/1645/1645
f 1645/1645/1645 1646/1646/1646 1647/1647/1647
f 1648/1648/1648 1649/1649/1649 1650/1650/1650
f 1649/1649/1649 1651/1651/1651 1650/1650/1650
f 1650/1650/1650 1651/1651/1651 1652/1652/1652
f 1653/1653/1653 1654/1654/1654 1655/1655/1655
f 1654/1654/1654 1656/1656/1656 1655/1655/1655
f 1655/1655/1655 1656/1656/1656 1657/1657/1657
f 1658/1658/1658 1659/1659/1659 1660/1660/1660
f 1659/1659/1659 1661/1661/1661 1660/1660/1660
f 1660/1660/1660 1661/1661/1661 1662/1662/1662
f 1661/1661/1661 1663/1663/1663 1662/1662/1662
f 1662/1662/1662 1663/1663/1663 1664/1664/1664
f 1665/1665/1665 1666/1666/1666 1667/1667/1667
f 1666/1666/1666 1668/1668/1668 1667/1667/1667
f 1667/1667/1667 1668/1668/1668 1669/1669/1669
f 1670/1670/1670 1671/1671/1671 1672/1672/1672
f 1671/1671/1671 1673/1673/1673 1672/1672/1672
f 1672/1672/1672 1673/1673/1673 1674/1674/1674
f 1675/1675/1675 1676/1676/1676 1677/1677/1677
f 1676/1676/1676 1678/1678/1678 1677/1677/1677
f 1677/1677/1677 1678/1678/1678 1679/1679/1679
f 1680/1680/1680 1681/1681/1681 1682/1682/1682
f 1681/1681/1681 1683/1683/1683 1682/1682/1682
f 1682/1682/1682 1683/1683/1683 1684/1684/1684
f 1685/1685/1685 1686/1686/1686 1687/1687/1687
f 1686/1686/1686 1688/1688/1688 1687/1687/1687
f 1687/1687/1687 1688/1688/1688 1689/1689/1689
f 1688/1688/1688 1690/1690/1690 1689/1689/1689
f 1689/1689/1689 1690/1690/1690 1691/1691/1691
f 1692/1692/1692 1693/1693/1693 1694/1694/1694
f 1693/1693/1693 1695/1695/1695 1694/1694/1694
f 1694/1694/1694 1695/1695/1695 1696/1696/1696
f 1697/1697/1697 1698/1698/1698 1699/1699/1699
f 1698/1698/1698 1700/1700/1700 1699/1699/1699
f 1699/1699/1699 1700/1700/1700 1701/1701/1701
f 1702/1702/1702 1703/1703/1703 1704/1704/1704
f 1703/1703/1703 1705/1705/1705 1704/1704/1704
f 1704/1704/1704 1705/1705/1705 1706/1706/1706
f 1707/1707/1707 1708/1708/1708 1709/1709/1709
f 1708/1708/1708 1710/1710/1710 1709/1709/1709
f 1709/1709/1709 1710/1710/1710 1711/1711/1711
f 1710/1710/1710 1712/1712/1712 1711/1711/1711
f 1711/1711/1711 1712/1712/1712 1713/1713/1713
f 1714/1714/1714 1715/1715/1715 1716/1716/1716
f 1715/1715/1715 1717/1717/1717 1716/1716/1716
f 1716/1716/1716 1717/1717/1717 1718/1718/1718
f 1719/1719/1719 1720/1720/1720 1721/1721/1721
f 1720/1720/1720 1722/1722/1722 1721/1721/1721
f 1721/1721/1721 1722/1722/1722 1723/1723/1723
f 1724/1724/1724 1725/1725/1725 1726/1726/1726
f 1725/1725/1725 1727/1727/1727 1726/1726/1726
f 1726/1726/1726 1727/1727/1727 1728/1728/1728
f 1729/1729/1729 1730/1730/1730 1731/1731/1731
f 1730/1730/1730 1732/1732/1732 1731/1731/1731
f 1731/1731/1731 1732/1732/1732 1733/1733/1733
f 1732/1732/1732 1734/1734/1734 1733/1733/1733
f 1733/1733/1733 1734/1734/1734 1735/1735/1735
f 1736/1736/1736 1737/1737/1737 1738/1738/1738
f 1737/1737/1737 1739/1739/1739 1738/1738/1738
f 1738/1738/1738 1739/1739/1739 1740/1740/1740
f 1741/1741/1741 1742/1742/1742 1743/1743/1743
f 1742/1742/1742 1744/1744/1744 1743/1743/1743
f 1743/1743/1743 1744/1744/1744 1745/1745/1745
f 1746/1746/1746 1747/1747/1747 1748/1748/1748
f 1747/1747/1747 1749/1749/1749 1748/1748/1748
f 1748/1748/1748 1749/1749/1749 1750/1750/1750
f 1749/1749/1749 1751/1751/1751 1750/1750/1750
f 1750/1750/1750 1751/1751/1751 1752/1752/1752
f 1753/1753/1753 1754/1754/1754 1755/1755/1755
f 1754/1754/1754 1756/1756/1756 1755/1755/1755
f 1757/1757/1757 1758/1758/1758 1759/1759/1759
f 1758/1758/1758 1760/1760/1760 1759/1759/1759
f 1761/1761/1761 1762/1762/1762 1763/1763/1763
f 1762/1762/1762 1764/1764/1764 1763/1763/1763
f 1765/1765/1765 1766/1766/1766 1767/1767/1767
f 1766/1766/1766 1768/1768/1768 1767/1767/1767
f 1769/1769/1769 1770/1770/1770 1771/1771/1771
f 1772/1772/1772 1773/1773/1773 1774/1774/1774
f 1775/1775/1775 1776/1776/1776 1777/1777/1777
f 1778/1778/1778 1779/1779/1779 1780/1780/1780
f 1779/1779/1779 1781/1781/1781 1780/1780/1780
f 1780/1780/1780 1781/1781/1781 1782/1782/1782
f 1781/1781/1781 1783/1783/1783 1782/1782/1782
f 1784/1784/1784 1785/1785/1785 1786/1786/1786
f 1785/1785/1785 1787/1787/1787 1786/1786/1786
f 1786/1786/1786 1787/1787/1787 1788/1788/1788
f 1787/1787/1787 1789/1789/1789 1788/1788/1788
f 1788/1788/1788 1789/1789/1789 1790/1790/1790
f 1789/1789/1789 1791/1791/1791 1790/1790/1790
f 1790/1790/1790 1791/1791/1791 1792/1792/1792
f 1791/1791/1791 1793/1793/1793 1792/1792/1792
f 1794/1794/1794 1795/1795/1795 1796/1796/1796
f 1795/1795/1795 1797/1797/1797 1796/1796/1796
f 1796/1796/1796 1797/1797/1797 1798/1798/1798
f 1797/1797/1797 1799/1799/1799 1798/1798/1798
f 1798/1798/1798 1799/1799/1799 1800/1800/1800
f 1799/1799/1799 1801/1801/1801 1800/1800/1800
f 1800/1800/1800 1801/1801/1801 1802/1802/1802
f 1801/1801/1801 1803/1803/1803 1802/1802/1802
f 1804/1804/1804 1805/1805/1805 1806/1806/1806
f 1805/1805/1805 1807/1807/1807 1806/1806/1806
f 1806/1806/1806 1807/1807/1807 1808/1808/1808
f 1807/1807/1807 1809/1809/1809 1808/1808/1808
f 1808/1808/1808 1809/1809/1809 1810/1810/1810
f 1809/1809/1809 1811/1811/1811 1810/1810/1810
f 1810/1810/1810 1811/1811/1811 1812/1812/1812
f 1811/1811/1811 1813/1813/1813 1812/1812/1812
f 1814/1814/1814 1815/1815/1815 1816/1816/1816
f 1815/1815/1815 1817/1817/1817 1816/1816/1816
f 1816/1816/1816 1817/1817/1817 1818/1818/1818
f 1817/1817/1817 1819/1819/1819 1818/1818/1818
f 1818/1818/1818 1819/1819/1819 1820/1820/1820
f 1819/1819/1819 1821/1821/1821 1820/1820/1820
f 1820/1820/1820 1821/1821/1821 1822/1822/1822
f 1821/1821/1821 1823/1823/1823 1822/1822/1822
f 1824/1824/1824 1825/1825/1825 1826/1826/1826
f 1825/1825/1825 1827/1827/1827 1826/1826/1826
f 1826/1826/1826 1827/1827/1827 1828/1828/1828
f 1827/1827/1827 1829/1829/1829 1828/1828/1828
f 1828/1828/1828 1829/1829/1829 1830/1830/1830
f 1829/1829/1829 1831/1831/1831 1830/1830/1830
f 1830/1830/1830 1831/1831/1831 1832/1832/1832
f 1831/1831/1831 1833/1833/1833 1832/1832/1832
f 1834/1834/1834 1835/1835/1835 1836/1836/1836
f 1835/1835/1835 1837/1837/1837 1836/1836/1836
f 1836/1836/1836 1837/1837/1837 1838/1838/1838
f 1837/1837/1837 1839/1839/1839 1838/1838/1838
f 1838/1838/1838 1839/1839/1839 1840/1840/1840
f 1839/1839/1839 1841/1841/1841 1840/1840/1840
f 1840/1840/1840 1841/1841/1841 1842/1842/1842
f 1841/1841/1841 1843/1843/1843 1842/1842/1842
f 1844/1844/1844 1845/1845/1845 1846/1846/1846
f 1845/1845/1845 1847/1847/1847 1846/1846/1846
f 1846/1846/1846 1847/1847/1847 1848/1848/1848
f 1847/1847/1847 1849/1849/1849 1848/1848/1848
f 1848/1848/1848 1849/1849/1849 1850/1850/1850
f 1851/1851/1851 1852/1852/1852 1853/1853/1853
f 1852/1852/1852 1854/1854/1854 1853/1853/1853
f 1853/1853/1853 1854/1854/1854 1855/1855/1855
f 1856/1856/1856 1857/1857/1857 1858/1858/1858
f 1857/1857/1857 1859/1859/1859 1858/1858/1858
f 1858/1858/1858 1859/1859/1859 1860/1860/1860
f 1859/1859/1859 1861/1861/1861 1860/1860/1860
f 1860/1860/1860 1861/1861/1861 1862/1862/1862
f 1861/1861/1861 1863/1863/1863 1862/1862/1862
f 1862/1862/1862 1863/1863/1863 1864/1864/1864
f 1863/1863/1863 1865/1865/1865 1864/1864/1864
f 1864/1864/1864 1865/1865/1865 1866/1866/1866
f 1865/1865/1865 1867/1867/1867 1866/1866/1866
f 1866/1866/1866 1867/1867/1867 1868/1868/1868
f 1867/1867/1867 1869/1869/1869 1868/1868/1868
f 1868/1868/1868 1869/1869/1869 1870/1870/1870
f 1869/1869/1869 1871/1871/1871 1870/1870/1870
f 1870/1870/1870 1871/1871/1871 1872/1872/1872
f 1871/1871/1871 1873/1873/1873 1872/1872/1872
f 1872/1872/1872 1873/1873/1873 1874/1874/1874
f 1873/1873/1873 1875/1875/1875 1874/1874/1874
f 1874/1874/1874 1875/1875/1875 1876/1876/1876
f 1875/1875/1875 1877/1877/1877 1876/1876/1876
f 1876/1876/1876 1877/1877/1877 1878/1878/1878
f 1877/1877/1877 1879/1879/1879 1878/1878/1878
f 1878/1878/1878 1879/1879/1879 1880/1880/1880
f 1879/1879/1879 1881/1881/1881 1880/1880/1880
f 1880/1880/1880 1881/1881/1881 1882/1882/1882
f 1881/1881/1881 1883/1883/1883 1882/1882/1882
f 1882/1882/1882 1883/1883/1883 1884/1884/1884
f 1883/1883/1883 1885/1885/1885 1884/1884/1884
f 1884/1884/1884 1885/1885/1885 1886/1886/1886
f 1885/1885/1885 1887/1887/1887 1886/1886/1886
f 1886/1886/1886 1887/1887/1887 1888/1888/1888
f 1887/1887/1887 1889/1889/1889 1888/1888/1888
f 1888/1888/1888 1889/1889/1889 1890/1890/1890
f 1889/1889/1889 1891/1891/1891 1890/1890/1890
f 1890/1890/1890 1891/1891/1891 1892/1892/1892
f 1891/1891/1891 1893/1893/1893 1892/1892/1892
f 1892/1892/1892 1893/1893/1893 1894/1894/1894
f 1893/1893/1893 1895/1895/1895 1894/1894/1894
f 1894/1894/1894 1895/1895/1895 1896/1896/1896
f 1895/1895/1895 1897/1897/1897 1896/1896/1896
f 1896/1896/1896 1897/1897/1897 1898/1898/1898
f 1897/1897/1897 1899/1899/1899 1898/1898/1898
f 1898/1898/1898 1899/1899/1899 1900/1900/1900
f 1899/1899/1899 1901/1901/1901 1900/1900/1900
f 1900/1900/1900 1901/1901/1901 1902/1902/1902
f 1903/1903/1903 1904/1904/1904 1905/1905/1905
f 1904/1904/1904 1906/1906/1906 1905/1905/1905
f 1905/1905/1905 1906/1906/1906 1907/1907/1907
f 1906/1906/1906 1908/1908/1908 1907/1907/1907
f 1907/1907/1907 1908/1908/1908 1909/1909/1909
f 1908/1908/1908 1910/1910/1910 1909/1909/1909
f 1909/1909/1909 1910/1910/1910 1911/1911/1911
f 1910/1910/1910 1912/1912/1912 1911/1911/1911
f 1911/1911/1911 1912/1912/1912 1913/1913/1913
f 1912/1912/1912 1914/1914/1914 1913/1913/1913
f 1913/1913/1913 1914/1914/1914 1915/1915/1915
f 1914/1914/1914 1916/1916/1916 1915/1915/1915
f 1915/1915/1915 1916/1916/1916 1917/1917/1917
f 1916/1916/1916 1918/1918/1918 1917/1917/1917
f 1917/1917/1917 1918/1918/1918 1919/1919/1919
f 1918/1918/1918 1920/1920/1920 1919/1919/1919
f 1919/1919/1919 1920/1920/1920 1921/1921/1921
f 1920/1920/1920 1922/1922/1922 1921/1921/1921
f 1921/1921/1921 1922/1922/1922 1923/1923/1923
f 1922/1922/1922 1924/1924/1924 1923/1923/1923
f 1923/1923/1923 1924/1924/1924 1925/1925/1925
f 1924/1924/1924 1926/1926/1926 1925/1925/1925
f 1925/1925/1925 1926/1926/1926 1927/1927/1927
f 1926/1926/1926 1928/1928/1928 1927/1927/1927
f 1927/1927/1927 1928/1928/1928 1929/1929/1929
f 1928/1928/1928 1930/1930/1930 1929/1929/1929
f 1929/1929/1929 1930/1930/1930 1931/1931/1931
f 1930/1930/1930 1932/1932/1932 1931/1931/1931
f 1931/1931/1931 1932/1932/1932 1933/1933/1933
f 1932/1932/1932 1934/1934/1934 1933/1933/1933
f 1933/1933/1933 1934/1934/1934 1935/1935/1935
f 1934/1934/1934 1936/1936/1936 1935/1935/1935
f 1935/1935/1935 1936/1936/1936 1937/1937/1937
f 1936/1936/1936 1938/1938/1938 1937/1937/1937
f 1937/1937/1937 1938/1938/1938 1939/1939/1939
f 1938/1938/1938 1940/1940/1940 1939/1939/1939
f 1939/1939/1939 1940/1940/1940 1941/1941/1941
f 1940/1940/1940 1942/1942/1942 1941/1941/1941
f 1941/1941/1941 1942/1942/1942 1943/1943/1943
f 1942/1942/1942 1944/1944/1944 1943/1943/1943
f 1943/1943/1943 1944/1944/1944 1945/1945/1945
f 1944/1944/1944 1946/1946/1946 1945/1945/1945
f 1945/1945/1945 1946/1946/1946 1947/1947/1947
f 1946/1946/1946 1948/1948/1948 1947/1947/1947
f 1947/1947/1947 1948/1948/1948 1949/1949/1949
f 1950/1950/1950 1951/1951/1951 1952/1952/1952
f 1951/1951/1951 1953/1953/1953 1952/1952/1952
f 1952/1952/1952 1953/1953/1953 1954/1954/1954
f 1953/1953/1953 1955/1955/1955 1954/1954/1954
f 1954/1954/1954 1955/1955/1955 1956/1956/1956
f 1955/1955/1955 1957/1957/1957 1956/1956/1956
f 1956/1956/1956 1957/1957/1957 1958/1958/1958
f 1957/1957/1957 1959/1959/1959 1958/1958/1958
f 1958/1958/1958 1959/1959/1959 1960/1960/1960
f 1959/1959/1959 1961/1961/1961 1960/1960/1960
f 1960/1960/1960 1961/1961/1961 1962/1962/1962
f 1961/1961/1961 1963/1963/1963 1962/1962/1962
f 1962/1962/1962 1963/1963/1963 1964/1964/1964
f 1963/1963/1963 1965/1965/1965 1964/1964/1964
f 1964/1964/1964 1965/1965/1965 1966/1966/1966
f 1965/1965/1965 1967/1967/1967 1966/1966/1966
f 1966/1966/1966 1967/1967/1967 1968/1968/1968
f 1967/1967/1967 1969/1969/1969 1968/1968/1968
f 1968/1968/1968 1969/1969/1969 1970/1970/1970
f 1969/1969/1969 1971/1971/1971 1970/1970/1970
f 1970/1970/1970 1971/1971/1971 1972/1972/1972
f 1971/1971/1971 1973/1973/1973 1972/1972/1972
f 1972/1972/1972 1973/1973/1973 1974/1974/1974
f 1973/1973/1973 1975/1975/1975 1974/1974/1974
f 1974/1974/1974 1975/1975/1975 1976/1976/1976
f 1975/1975/1975 1977/1977/1977 1976/1976/1976
f 1976/1976/1976 1977/1977/1977 1978/1978/1978
f 1977/1977/1977 1979/1979/1979 1978/1978/1978
f 1978/1978/1978 1979/1979/1979 1980/1980/1980
f 1979/1979/1979 1981/1981/1981 1980/1980/1980
f 1980/1980/1980 1981/1981/1981 1982/1982/1982
f 1981/1981/1981 1983/1983/1983 1982/1982/1982
f 1982/1982/1982 1983/1983/1983 1984/1984/1984
f 1983/1983/1983 1985/1985/1985 1984/1984/1984
f 1984/1984/1984 1985/1985/1985 1986/1986/1986
f 1985/1985/1985 1987/1987/1987 1986/1986/1986
f 1986/1986/1986 1987/1987/1987 1988/1988/1988
f 1987/1987/1987 1989/1989/1989 1988/1988/1988
f 1988/1988/1988 1989/1989/1989 1990/1990/1990
f 1989/1989/1989 1991/1991/1991 1990/1990/1990
f 1990/1990/1990 1991/1991/1991 1992/1992/1992
f 1991/1991/1991 1993/1993/1993 1992/1992/1992
f 1992/1992/1992 1993/1993/1993 1994/1994/1994
f 1993/1993/1993 1995/1995/1995 1994/1994/1994
f 1994/1994/1994 1995/1995/1995 1996/1996/1996
f 1997/1997/1997 1998/1998/1998 1999/1999/1999
f 2000/2000/2000 2001/2001/2001 2002/2002/2002
f 2003/2003/2003 2004/2004/2004 2005/2005/2005
f 2006/2006/2006 2007/2007/2007 2008/2008/2008
f 2007/2007/2007 2009/2009/2009 2008/2008/2008
f 2008/2008/2008 2009/2009/2009 2010/2010/2010
f 2009/2009/2009 2011/2011/2011 2010/2010/2010
f 2012/2012/2012 2013/2013/2013 2014/2014/2014
f 2013/2013/2013 2015/2015/2015 2014/2014/2014
f 2014/2014/2014 2015/2015/2015 2016/2016/2016
f 2015/2015/2015 2017/2017/2017 2016/2016/2016
f 2016/2016/2016 2017/2017/2017 2018/2018/2018
f 2017/2017/2017 2019/2019/2019 2018/2018/2018
f 2018/2018/2018 2019/2019/2019 2020/2020/2020
f 2019/2019/2019 2021/2021/2021 2020/2020/2020
f 2022/2022/2022 2023/2023/2023 2024/2024/2024
f 2023/2023/2023 2025/2025/2025 2024/2024/2024
f 2024/2024/2024 2025/2025/2025 2026/2026/2026
f 2025/2025/2025 2027/2027/2027 2026/2026/2026
f 2026/2026/2026 2027/2027/2027 2028/2028/2028
f 2027/2027/2027 2029/2029/2029 2028/2028/2028
f 2028/2028/2028 2029/2029/2029 2030/2030/2030
f 2029/2029/2029 2031/2031/2031 2030/2030/2030
f 2032/2032/2032 2033/2033/2033 2034/2034/2034
f 2033/2033/2033 2035/2035/2035 2034/2034/2034
f 2034/2034/2034 2035/2035/2035 2036/2036/2036
f 2035/2035/2035 2037/2037/2037 2036/2036/2036
f 2036/2036/2036 2037/2037/2037 2038/2038/2038
f 2037/2037/2037 2039/2039/2039 2038/2038/2038
f 2038/2038/2038 2039/2039/2039 2040/2040/2040
f 2039/2039/2039 2041/2041/2041 2040/2040/2040
f 2042/2042/2042 2043/2043/2043 2044/2044/2044
f 2043/2043/2043 2045/2045/2045 2044/2044/2044
f 2044/2044/2044 2045/2045/2045 2046/2046/2046
f 2045/2045/2045 2047/2047/2047 2046/2046/2046
f 2046/2046/2046 2047/2047/2047 2048/2048/2048
f 2047/2047/2047 2049/2049/2049 2048/2048/2048
f 2048/2048/2048 2049/2049/2049 2050/2050/2050
f 2049/2049/2049 2051/2051/2051 2050/2050/2050
f 2052/2052/2052 2053/2053/2053 2054/2054/2054
f 2053/2053/2053 2055/2055/2055 2054/2054/2054
f 2054/2054/2054 2055/2055/2055 2056/2056/2056
f 2055/2055/2055 2057/2057/2057 2056/2056/2056
f 2056/2056/2056 2057/2057/2057 2058/2058/2058
f 2057/2057/2057 2059/2059/2059 2058/2058/2058
f 2058/2058/2058 2059/2059/2059 2060/2060/2060
f 2059/2059/2059 2061/2061/2061 2060/2060/2060
f 2062/2062/2062 2063/2063/2063 2064/2064/2064
f 2063/2063/2063 2065/2065/2065 2064/2064/2064
f 2064/2064/2064 2065/2065/2065 2066/2066/2066
f 2065/2065/2065 2067/2067/2067 2066/2066/2066
f 2066/2066/2066 2067/2067/2067 2068/2068/2068
f 2067/2067/2067 2069/2069/2069 2068/2068/2068
f 2068/2068/2068 2069/2069/2069 2070/2070/2070
f 2069/2069/2069 2071/2071/2071 2070/2070/2070
f 2072/2072/2072 2073/2073/2073 2074/2074/2074
f 2073/2073/2073 2075/2075/2075 2074/2074/2074
f 2074/2074/2074 2075/2075/2075 2076/2076/2076
f 2075/2075/2075 2077/2077/2077 2076/2076/2076
f 2076/2076/2076 2077/2077/2077 2078/2078/2078
f 2079/2079/2079 2080/2080/2080 2081/2081/2081
f 2080/2080/2080 2082/2082/2082 2081/2081/2081
f 2081/2081/2081 2082/2082/2082 2083/2083/2083
f 2084/2084/2084 2085/2085/2085 2086/2086/2086
f 2085/2085/2085 2087/2087/2087 2086/2086/2086
f 2086/2086/2086 2087/2087/2087 2088/2088/2088
f 2087/2087/2087 2089/2089/2089 2088/2088/2088
f 2088/2088/2088 2089/2089/2089 2090/2090/2090
f 2089/2089/2089 2091/2091/2091 2090/2090/2090
f 2090/2090/2090 2091/2091/2091 2092/2092/2092
f 2091/2091/2091 2093/2093/2093 2092/2092/2092
f 2092/2092/2092 2093/2093/2093 2094/2094/2094
f 2093/2093/2093 2095/2095/2095 2094/2094/2094
f 2094/2094/2094 2095/2095/2095 2096/2096/2096
f 2095/2095/2095 2097/2097/2097 2096/2096/2096
f 2096/2096/2096 2097/2097/2097 2098/2098/2098
f 2097/2097/2097 2099/2099/2099 2098/2098/2098
f 2098/2098/2098 2099/2099/2099 2100/2100/2100
f 2099/2099/2099 2101/2101/2101 2100/2100/2100
f 2100/2100/2100 2101/2101/2101 2102/2102/2102
f 2101/2101/2101 2103/2103/2103 2102/2102/2102
f 2102/2102/2102 2103/2103/2103 2104/2104/2104
f 2103/2103/2103 2105/2105/2105 2104/2104/2104
f 2104/2104/2104 2105/2105/2105 2106/2106/2106
f 2105/2105/2105 2107/2107/2107 2106/2106/2106
f 2106/2106/2106 2107/2107/2107 2108/2108/2108
f 2107/2107/2107 2109/2109/2109 2108/2108/2108
f 2108/2108/2108 2109/2109/2109 2110/2110/2110
f 2109/2109/2109 2111/2111/2111 2110/2110/2110
f 2110/2110/2110 2111/2111/2111 2112/2112/2112
f 2111/2111/2111 2113/2113/2113 2112/2112/2112
f 2112/2112/2112 2113/2113/2113 2114/2114/2114
f 2113/2113/2113 2115/2115/2115 2114/2114/2114
f 2114/2114/2114 2115/2115/2115 2116/2116/2116
f 2115/2115/2115 2117/2117/2117 2116/2116/2116
f 2116/2116/2116 2117/2117/2117 2118/2118/2118
f 2117/2117/2117 2119/2119/2119 2118/2118/2118
f 2118/2118/2118 2119/2119/2119 2120/2120/2120
f 2119/2119/2119 2121/2121/2121 2120/2120/2120
f 2120/2120/2120 2121/2121/2121 2122/2122/2122
f 2121/2121/2121 2123/2123/2123 2122/2122/2122
f 2122/2122/2122 2123/2123/2123 2124/2124/2124
f 2123/2123/2123 2125/2125/2125 2124/2124/2124
f 2124/2124/2124 2125/2125/2125 2126/2126/2126
f 2125/2125/2125 2127/2127/2127 2126/2126/2126
f 2126/2126/2126 2127/2127/2127 2128/2128/2128
f 2127/2127/2127 2129/2129/2129 2128/2128/2128
f 2128/2128/2128 2129/2129/2129 2130/2130/2130
f 2131/2131/2131 2132/2132/2132 2133/2133/2133
f 2132/2132/2132 2134/2134/2134 2133/2133/2133
f 2133/2133/2133 2134/2134/2134 2135/2135/2135
f 2134/2134/2134 2136/2136/2136 2135/2135/2135
f 2135/2135/2135 2136/2136/2136 2137/2137/2137
f 2136/2136/2136 2138/2138/2138 2137/2137/2137
f 2137/2137/2137 2138/2138/2138 2139/2139/2139
f 2138/2138/2138 2140/2140/2140 2139/2139/2139
f 2139/2139/2139 2140/2140/2140 2141/2141/2141
f 2140/2140/2140 2142/2142/2142 2141/2141/2141
f 2141/2141/2141 2142/2142/2142 2143/2143/2143
f 2142/2142/2142 2144/2144/2144 2143/2143/2143
f 2143/2143/2143 2144/2144/2144 2145/2145/2145
f 2144/2144/2144 2146/2146/2146 2145/2145/2145
f 2145/2145/2145 2146/2146/2146 2147/2147/2147
f 2146/2146/2146 2148/2148/2148 2147/2147/2147
f 2147/2147/2147 2148/2148/2148 2149/2149/2149
f 2148/2148/2148 2150/2150/2150 2149/2149/2149
f 2149/2149/2149 2150/2150/2150 2151/2151/2151
f 2150/2150/2150 2152/2152/2152 2151/2151/2151
f 2151/2151/2151 2152/2152/2152 2153/2153/2153
f 2152/2152/2152 2154/2154/2154 2153/2153/2153
f 2153/2153/2153 2154/2154/2154 2155/2155/2155
f 2154/2154/2154 2156/2156/2156 2155/2155/2155
f 2155/2155/2155 2156/2156/2156 2157/2157/2157
f 2156/2156/2156 2158/2158/2158 2157/2157/2157
f 2157/2157/2157 2158/2158/2158 2159/2159/2159
f 2158/2158/2158 2160/2160/2160 2159/2159/2159
f 2159/2159/2159 2160/2160/2160 2161/2161/2161
f 2160/2160/2160 2162/2162/2162 2161/2161/2161
f 2161/2161/2161 2162/2162/2162 2163/2163/2163
f 2162/2162/2162 2164/2164/2164 2163/2163/2163
f 2163/2163/2163 2164/2164/2164 2165/2165/2165
f 2164/2164/2164 2166/2166/2166 2165/2165/2165
f 2165/2165/2165 2166/2166/2166 2167/2167/2167
f 2166/2166/2166 2168/2168/2168 2167/2167/2167
f 2167/2167/2167 2168/2168/2168 2169/2169/2169
f 2168/2168/2168 2170/2170/2170 2169/2169/2169
f 2169/2169/2169 2170/2170/2170 2171/2171/2171
f 2170/2170/2170 2172/2172/2172 2171/2171/2171
f 2171/2171/2171 2172/2172/2172 2173/2173/2173
f 2172/2172/2172 2174/2174/2174 2173/2173/2173
f 2173/2173/2173 2174/2174/2174 2175/2175/2175
f 2174/2174/2174 2176/2176/2176 2175/2175/2175
f 2175/2175/2175 2176/2176/2176 2177/2177/2177
f 2178/2178/2178 2179/2179/2179 2180/2180/2180
f 2179/2179/2179 2181/2181/2181 2180/2180/2180
f 2180/2180/2180 2181/2181/2181 2182/2182/2182
f 2181/2181/2181 2183/2183/2183 2182/2182/2182
f 2182/2182/2182 2183/2183/2183 2184/2184/2184
f 2183/2183/2183 2185/2185/2185 2184/2184/2184
f 2184/2184/2184 2185/2185/2185 2186/2186/2186
f 2185/2185/2185 2187/2187/2187 2186/2186/2186
f 2186/2186/2186 2187/2187/2187 2188/2188/2188
f 2187/2187/2187 2189/2189/2189 2188/2188/2188
f 2188/2188/2188 2189/2189/2189 2190/2190/2190
f 2189/2189/2189 2191/2191/2191 2190/2190/2190
f 2190/2190/2190 2191/2191/2191 2192/2192/2192
f 2191/2191/2191 2193/2193/2193 2192/2192/2192
f 2192/2192/2192 2193/2193/2193 2194/2194/2194
f 2193/2193/2193 2195/2195/2195 2194/2194/2194
f 2194/2194/2194 2195/2195/2195 2196/2196/2196
f 2195/2195/2195 2197/2197/2197 2196/2196/2196
f 2196/2196/2196 2197/2197/2197 2198/2198/2198
f 2197/2197/2197 2199/2199/2199 2198/2198/2198
f 2198/2198/2198 2199/2199/2199 2200/2200/2200
f 2199/2199/2199 2201/2201/2201 2200/2200/2200
f 2200/2200/2200 2201/2201/2201 2202/2202/2202
f 2201/2201/2201 2203/2203/2203 2202/2202/2202
f 2202/2202/2202 2203/2203/2203 2204/2204/2204
f 2203/2203/2203 2205/2205/2205 2204/2204/2204
f 2204/2204/2204 2205/2205/2205 2206/2206/2206
f 2205/2205/2205 2207/2207/2207 2206/2206/2206
f 2206/2206/2206 2207/2207/2207 2208/2208/2208
f 2207/2207/2207 2209/2209/2209 2208/2208/2208
f 2208/2208/2208 2209/2209/2209 2210/2210/2210
f 2209/2209/2209 2211/2211/2211 2210/2210/2210
f 2210/2210/2210 2211/2211/2211 2212/2212/2212
f 2211/2211/2211 2213/2213/2213 2212/2212/2212
f 2212/2212/2212 2213/2213/2213 2214/2214/2214
f 2213/2213/2213 2215/2215/2215 2214/2214/2214
f 2214/2214/2214 2215/2215/2215 2216/2216/2216
f 2215/2215/2215 2217/2217/2217 2216/2216/2216
f 2216/2216/2216 2217/2217/2217 2218/2218/2218
f 2217/2217/2217 2219/2219/2219 2218/2218/2218
f 2218/2218/2218 2219/2219/2219 2220/2220/2220
f 2219/2219/2219 2221/2221/2221 2220/2220/2220
f 2220/2220/2220 2221/2221/2221 2222/2222/2222
f 2221/2221/2221 2223/2223/2223 2222/2222/2222
f 2222/2222/2222 2223/2223/2223 2224/2224/2224
f 2225/2225/2225 2226/2226/2226 2227/2227/2227
f 2228/2228/2228 2229/2229/2229 2230/2230/2230
f 2231/2231/2231 2232/2232/2232 2233/2233/2233
f 2234/2234/2234 2235/2235/2235 2236/2236/2236
f 2237/2237/2237 2238/2238/2238 2239/2239/2239
f 2240/2240/2240 2241/2241/2241 2242/2242/2242
f 2243/2243/2243 2244/2244/2244 2245/2245/2245
f 2246/2246/2246 2247/2247/2247 2248/2248/2248
f 2249/2249/2249 2250/2250/2250 2251/2251/2251
f 2252/2252/2252 2253/2253/2253 2254/2254/2254
f 2255/2255/2255 2256/2256/2256 2257/2257/2257
f 2258/2258/2258 2259/2259/2259 2260/2260/2260
f 2261/2261/2261 2262/2262/2262 2263/2263/2263
f 2264/2264/2264 2265/2265/2265 2266/2266/2266
f 2267/2267/2267 2268/2268/2268 2269/2269/2269
f 2270/2270/2270 2271/2271/2271 2272/2272/2272
f 2273/2273/2273 2274/2274/2274 2275/2275/2275
f 2276/2276/2276 2277/2277/2277 2278/2278/2278
f 2279/2279/2279 2280/2280/2280 2281/2281/2281
f 2280/2280/2280 2282/2282/2282 2281/2281/2281
f 2281/2281/2281 2282/2282/2282 2283/2283/2283
f 2284/2284/2284 2285/2285/2285 2286/2286/2286
f 2285/2285/2285 2287/2287/2287 2286/2286/2286
f 2286/2286/2286 2287/2287/2287 2288/2288/2288
f 2289/2289/2289 2290/2290/2290 2291/2291/2291
f 2290/2290/2290 2292/2292/2292 2291/2291/2291
f 2291/2291/2291 2292/2292/2292 2293/2293/2293
f 2294/2294/2294 2295/2295/2295 2296/2296/2296
f 2295/2295/2295 2297/2297/2297 2296/2296/2296
f 2296/2296/2296 2297/2297/2297 2298/2298/2298
f 2297/2297/2297 2299/2299/2299 2298/2298/2298
f 2298/2298/2298 2299/2299/2299 2300/2300/2300
f 2301/2301/2301 2302/2302/2302 2303/2303/2303
f 2302/2302/2302 2304/2304/2304 2303/2303/2303
f 2303/2303/2303 2304/2304/2304 2305/2305/2305
f 2304/2304/2304 2306/2306/2306 2305/2305/2305
f 2305/2305/2305 2306/2306/2306 2307/2307/2307
f 2308/2308/2308 2309/2309/2309 2310/2310/2310
f 2309/2309/2309 2311/2311/2311 2310/2310/2310
f 2310/2310/2310 2311/2311/2311 2312/2312/2312
f 2311/2311/2311 2313/2313/2313 2312/2312/2312
f 2312/2312/2312 2313/2313/2313 2314/2314/2314
f 2315/2315/2315 2316/2316/2316 2317/2317/2317
f 2316/2316/2316 2318/2318/2318 2317/2317/2317
f 2317/2317/2317 2318/2318/2318 2319/2319/2319
f 2318/2318/2318 2320/2320/2320 2319/2319/2319
f 2319/2319/2319 2320/2320/2320 2321/2321/2321
f 2320/2320/2320 2322/2322/2322 2321/2321/2321
f 2321/2321/2321 2322/2322/2322 2323/2323/2323
f 2324/2324/2324 2325/2325/2325 2326/2326/2326
f 2325/2325/2325 2327/2327/2327 2326/2326/2326
f 2326/2326/2326 2327/2327/2327 2328/2328/2328
f 2327/2327/2327 2329/2329/2329 2328/2328/2328
f 2328/2328/2328 2329/2329/2329 2330/2330/2330
f 2329/2329/2329 2331/2331/2331 2330/2330/2330
f 2330/2330/2330 2331/2331/2331 2332/2332/2332
f 2333/2333/2333 2334/2334/2334 2335/2335/2335
f 2334/2334/2334 2336/2336/2336 2335/2335/2335
f 2335/2335/2335 2336/2336/2336 2337/2337/2337
f 2336/2336/2336 2338/2338/2338 2337/2337/2337
f 2337/2337/2337 2338/2338/2338 2339/2339/2339
f 2338/2338/2338 2340/2340/2340 2339/2339/2339
f 2339/2339/2339 2340/2340/2340 2341/2341/2341
f 2342/2342/2342 2343/2343/2343 2344/2344/2344
f 2343/2343/2343 2345/2345/2345 2344/2344/2344
f 2344/2344/2344 2345/2345/2345 2346/2346/2346
f 2345/2345/2345 2347/2347/2347 2346/2346/2346
f 2346/2346/2346 2347/2347/2347 2348/2348/2348
f 2347/2347/2347 2349/2349/2349 2348/2348/2348
f 2348/2348/2348 2349/2349/2349 2350/2350/2350
f 2349/2349/2349 2351/2351/2351 2350/2350/2350
f 2350/2350/2350 2351/2351/2351 2352/2352/2352
f 2353/2353/2353 2354/2354/2354 2355/2355/2355
f 2354/2354/2354 2356/2356/2356 2355/2355/2355
f 2355/2355/2355 2356/2356/2356 2357/2357/2357
f 2356/2356/2356 2358/2358/2358 2357/2357/2357
f 2357/2357/2357 2358/2358/2358 2359/2359/2359
f 2358/2358/2358 2360/2360/2360 2359/2359/2359
f 2359/2359/2359 2360/2360/2360 2361/2361/2361
f 2360/2360/2360 2362/2362/2362 2361/2361/2361
f 2361/2361/2361 2362/2362/2362 2363/2363/2363
f 2364/2364/2364 2365/2365/2365 2366/2366/2366
f 2365/2365/2365 2367/2367/2367 2366/2366/2366
f 2366/2366/2366 2367/2367/2367 2368/2368/2368
f 2367/2367/2367 2369/2369/2369 2368/2368/2368
f 2368/2368/2368 2369/2369/2369 2370/2370/2370
f 2369/2369/2369 2371/2371/2371 2370/2370/2370
f 2370/2370/2370 2371/2371/2371 2372/2372/2372
f 2371/2371/2371 2373/2373/2373 2372/2372/2372
f 2372/2372/2372 2373/2373/2373 2374/2374/2374
f 2375/2375/2375 2376/2376/2376 2377/2377/2377
f 2378/2378/2378 2379/2379/2379 2380/2380/2380
f 2381/2381/2381 2382/2382/2382 2383/2383/2383
f 2384/2384/2384 2385/2385/2385 2386/2386/2386
f 2385/2385/2385 2387/2387/2387 2386/2386/2386
f 2386/2386/2386 2387/2387/2387 2388/2388/2388
f 2387/2387/2387 2389/2389/2389 2388/2388/2388
f 2388/2388/2388 2389/2389/2389 2390/2390/2390
f 2389/2389/2389 2391/2391/2391 2390/2390/2390
f 2390/2390/2390 2391/2391/2391 2392/2392/2392
f 2391/2391/2391 2393/2393/2393 2392/2392/2392
f 2392/2392/2392 2393/2393/2393 2394/2394/2394
f 2393/2393/2393 2395/2395/2395 2394/2394/2394
f 2394/2394/2394 2395/2395/2395 2396/2396/2396
f 2395/2395/2395 2397/2397/2397 2396/2396/2396
f 2398/2398/2398 2399/2399/2399 2400/2400/2400
f 2399/2399/2399 2401/2401/2401 2400/2400/2400
f 2400/2400/2400 2401/2401/2401 2402/2402/2402
f 2401/2401/2401 2403/2403/2403 2402/2402/2402
f 2402/2402/2402 2403/2403/2403 2404/2404/2404
f 2403/2403/2403 2405/2405/2405 2404/2404/2404
f 2404/2404/2404 2405/2405/2405 2406/2406/2406
f 2405/2405/2405 2407/2407/2407 2406/2406/2406
f 2406/2406/2406 2407/2407/2407 2408/2408/2408
f 2409/2409/2409 2410/2410/2410 2411/2411/2411
f 2410/2410/2410 2412/2412/2412 2411/2411/2411
f 2411/2411/2411 2412/2412/2412 2413/2413/2413
f 2412/2412/2412 2414/2414/2414 2413/2413/2413
f 2413/2413/2413 2414/2414/2414 2415/2415/2415
f 2414/2414/2414 2416/2416/2416 2415/2415/2415
f 2415/2415/2415 2416/2416/2416 2417/2417/2417
f 2418/2418/2418 2419/2419/2419 2420/2420/2420
f 2419/2419/2419 2421/2421/2421 2420/2420/2420
f 2420/2420/2420 2421/2421/2421 2422/2422/2422
f 2421/2421/2421 2423/2423/2423 2422/2422/2422
f 2422/2422/2422 2423/2423/2423 2424/2424/2424
f 2425/2425/2425 2426/2426/2426 2427/2427/2427
f 2426/2426/2426 2428/2428/2428 2427/2427/2427
f 2427/2427/2427 2428/2428/2428 2429/2429/2429
f 2428/2428/2428 2430/2430/2430 2429/2429/2429
f 2429/2429/2429 2430/2430/2430 2431/2431/2431
f 2430/2430/2430 2432/2432/2432 2431/2431/2431
f 2431/2431/2431 2432/2432/2432 2433/2433/2433
f 2432/2432/2432 2434/2434/2434 2433/2433/2433
f 2433/2433/2433 2434/2434/2434 2435/2435/2435
f 2434/2434/2434 2436/2436/2436 2435/2435/2435
f 2435/2435/2435 2436/2436/2436 2437/2437/2437
f 2436/2436/2436 2438/2438/2438 2437/2437/2437
f 2439/2439/2439 2440/2440/2440 2441/2441/2441
f 2440/2440/2440 2442/2442/2442 2441/2441/2441
f 2441/2441/2441 2442/2442/2442 2443/2443/2443
f 2442/2442/2442 2444/2444/2444 2443/2443/2443
f 2443/2443/2443 2444/2444/2444 2445/2445/2445
f 2446/2446/2446 2447/2447/2447 2448/2448/2448
f 2447/2447/2447 2449/2449/2449 2448/2448/2448
f 2448/2448/2448 2449/2449/2449 2450/2450/2450
f 2449/2449/2449 2451/2451/2451 2450/2450/2450
f 2450/2450/2450 2451/2451/2451 2452/2452/2452
f 2451/2451/2451 2453/2453/2453 2452/2452/2452
f 2452/2452/2452 2453/2453/2453 2454/2454/2454
f 2453/2453/2453 2455/2455/2455 2454/2454/2454
f 2454/2454/2454 2455/2455/2455 2456/2456/2456
f 2455/2455/2455 2457/2457/2457 2456/2456/2456
f 2456/2456/2456 2457/2457/2457 2458/2458/2458
f 2457/2457/2457 2459/2459/2459 2458/2458/2458
f 2460/2460/2460 2461/2461/2461 2462/2462/2462
f 2461/2461/2461 2463/2463/2463 2462/2462/2462
f 2462/2462/2462 2463/2463/2463 2464/2464/2464
f 2463/2463/2463 2465/2465/2465 2464/2464/2464
f 2464/2464/2464 2465/2465/2465 2466/2466/2466
f 2465/2465/2465 2467/2467/2467 2466/2466/2466
f 2466/2466/2466 2467/2467/2467 2468/2468/2468
f 2467/2467/2467 2469/2469/2469 2468/2468/2468
f 2468/2468/2468 2469/2469/2469 2470/2470/2470
f 2469/2469/2469 2471/2471/2471 2470/2470/2470
f 2470/2470/2470 2471/2471/2471 2472/2472/2472
f 2471/2471/2471 2473/2473/2473 2472/2472/2472
f 2474/2474/2474 2475/2475/2475 2476/2476/2476
f 2475/2475/2475 2477/2477/2477 2476/2476/2476
f 2476/2476/2476 2477/2477/2477 2478/2478/2478
f 2477/2477/2477 2479/2479/2479 2478/2478/2478
f 2478/2478/2478 2479/2479/2479 2480/2480/2480
f 2479/2479/2479 2481/2481/2481 2480/2480/2480
f 2480/2480/2480 2481/2481/2481 2482/2482/2482
f 2481/2481/2481 2483/2483/2483 2482/2482/2482
f 2482/2482/2482 2483/2483/2483 2484/2484/2484
f 2483/2483/2483 2485/2485/2485 2484/2484/2484
f 2484/2484/2484 2485/2485/2485 2486/2486/2486
f 2485/2485/2485 2487/2487/2487 2486/2486/2486
f 2488/2488/2488 2489/2489/2489 2490/2490/2490
f 2489/2489/2489 2491/2491/2491 2490/2490/2490
f 2490/2490/2490 2491/2491/2491 2492/2492/2492
f 2491/2491/2491 2493/2493/2493 2492/2492/2492
f 2492/2492/2492 2493/2493/2493 2494/2494/2494
f 2493/2493/2493 2495/2495/2495 2494/2494/2494
f 2494/2494/2494 2495/2495/2495 2496/2496/2496
f 2495/2495/2495 2497/2497/2497 2496/2496/2496
f 2496/2496/2496 2497/2497/2497 2498/2498/2498
f 2497/2497/2497 2499/2499/2499 2498/2498/2498
f 2498/2498/2498 2499/2499/2499 2500/2500/2500
f 2499/2499/2499 2501/2501/2501 2500/2500/2500
f 2502/2502/2502 2503/2503/2503 2504/2504/2504
f 2503/2503/2503 2505/2505/2505 2504/2504/2504
f 2504/2504/2504 2505/2505/2505 2506/2506/2506
f 2505/2505/2505 2507/2507/2507 2506/2506/2506
f 2506/2506/2506 2507/2507/2507 2508/2508/2508
f 2507/2507/2507 2509/2509/2509 2508/2508/2508
f 2508/2508/2508 2509/2509/2509 2510/2510/2510
f 2509/2509/2509 2511/2511/2511 2510/2510/2510
f 2510/2510/2510 2511/2511/2511 2512/2512/2512
f 2511/2511/2511 2513/2513/2513 2512/2512/2512
f 2512/2512/2512 2513/2513/2513 2514/2514/2514
f 2513/2513/2513 2515/2515/2515 2514/2514/2514
f 2516/2516/2516 2517/2517/2517 2518/2518/2518
f 2517/2517/2517 2519/2519/2519 2518/2518/2518
f 2518/2518/2518 2519/2519/2519 2520/2520/2520
f 2519/2519/2519 2521/2521/2521 2520/2520/2520
f 2520/2520/2520 2521/2521/2521 2522/2522/2522
f 2521/2521/2521 2523/2523/2523 2522/2522/2522
f 2522/2522/2522 2523/2523/2523 2524/2524/2524
f 2523/2523/2523 2525/2525/2525 2524/2524/2524
f 2524/2524/2524 2525/2525/2525 2526/2526/2526
f 2525/2525/2525 2527/2527/2527 2526/2526/2526
f 2526/2526/2526 2527/2527/2527 2528/2528/2528
f 2527/2527/2527 2529/2529/2529 2528/2528/2528
f 2530/2530/2530 2531/2531/2531 2532/2532/2532
f 2531/2531/2531 2533/2533/2533 2532/2532/2532
f 2532/2532/2532 2533/2533/2533 2534/2534/2534
f 2533/2533/2533 2535/2535/2535 2534/2534/2534
f 2534/2534/2534 2535/2535/2535 2536/2536/2536
f 2535/2535/2535 2537/2537/2537 2536/2536/2536
f 2536/2536/2536 2537/2537/2537 2538/2538/2538
f 2537/2537/2537 2539/2539/2539 2538/2538/2538
f 2538/2538/2538 2539/2539/2539 2540/2540/2540
f 2541/2541/2541 2542/2542/2542 2543/2543/2543
f 2542/2542/2542 2544/2544/2544 2543/2543/2543
f 2543/2543/2543 2544/2544/2544 2545/2545/2545
f 2544/2544/2544 2546/2546/2546 2545/2545/2545
f 2545/2545/2545 2546/2546/2546 2547/2547/2547
f 2546/2546/2546 2548/2548/2548 2547/2547/2547
f 2547/2547/2547 2548/2548/2548 2549/2549/2549
f 2550/2550/2550 2551/2551/2551 2552/2552/2552
f 2551/2551/2551 2553/2553/2553 2552/2552/2552
f 2552/2552/2552 2553/2553/2553 2554/2554/2554
f 2553/2553/2553 2555/2555/2555 2554/2554/2554
f 2554/2554/2554 2555/2555/2555 2556/2556/2556
f 2557/2557/2557 2558/2558/2558 2559/2559/2559
f 2558/2558/2558 2560/2560/2560 2559/2559/2559
f 2559/2559/2559 2560/2560/2560 2561/2561/2561
f 2560/2560/2560 2562/2562/2562 2561/2561/2561
f 2561/2561/2561 2562/2562/2562 2563/2563/2563
f 2562/2562/2562 2564/2564/2564 2563/2563/2563
f 2563/2563/2563 2564/2564/2564 2565/2565/2565
f 2564/2564/2564 2566/2566/2566 2565/2565/2565
f 2565/2565/2565 2566/2566/2566 2567/2567/2567
f 2566/2566/2566 2568/2568/2568 2567/2567/2567
f 2567/2567/2567 2568/2568/2568 2569/2569/2569
f 2568/2568/2568 2570/2570/2570 2569/2569/2569
f 2571/2571/2571 2572/2572/2572 2573/2573/2573
f 2572/2572/2572 2574/2574/2574 2573/2573/2573
f 2573/2573/2573 2574/2574/2574 2575/2575/2575
f 2574/2574/2574 2576/2576/2576 2575/2575/2575
f 2575/2575/2575 2576/2576/2576 2577/2577/2577
f 2578/2578/2578 2579/2579/2579 2580/2580/2580
f 2579/2579/2579 2581/2581/2581 2580/2580/2580
f 2580/2580/2580 2581/2581/2581 2582/2582/2582
f 2581/2581/2581 2583/2583/2583 2582/2582/2582
f 2582/2582/2582 2583/2583/2583 2584/2584/2584
f 2583/2583/2583 2585/2585/2585 2584/2584/2584
f 2584/2584/2584 2585/2585/2585 2586/2586/2586
f 2585/2585/2585 2587/2587/2587 2586/2586/2586
f 2586/2586/2586 2587/2587/2587 2588/2588/2588
f 2587/2587/2587 2589/2589/2589 2588/2588/2588
f 2588/2588/2588 2589/2589/2589 2590/2590/2590
f 2589/2589/2589 2591/2591/2591 2590/2590/2590
f 2592/2592/2592 2593/2593/2593 2594/2594/2594
f 2593/2593/2593 2595/2595/2595 2594/2594/2594
f 2594/2594/2594 2595/2595/2595 2596/2596/2596
f 2595/2595/2595 2597/2597/2597 2596/2596/2596
f 2596/2596/2596 2597/2597/2597 2598/2598/2598
f 2597/2597/2597 2599/2599/2599 2598/2598/2598
f 2598/2598/2598 2599/2599/2599 2600/2600/2600
f 2599/2599/2599 2601/2601/2601 2600/2600/2600
f 2600/2600/2600 2601/2601/2601 2602/2602/2602
f 2601/2601/2601 2603/2603/2603 2602/2602/2602
f 2602/2602/2602 2603/2603/2603 2604/2604/2604
f 2603/2603/2603 2605/2605/2605 2604/2604/2604
f 2606/2606/2606 2607/2607/2607 2608/2608/2608
f 2607/2607/2607 2609/2609/2609 2608/2608/2608
f 2608/2608/2608 2609/2609/2609 2610/2610/2610
f 2609/2609/2609 2611/2611/2611 2610/2610/2610
f 2610/2610/2610 2611/2611/2611 2612/2612/2612
f 2611/2611/2611 2613/2613/2613 2612/2612/2612
f 2612/2612/2612 2613/2613/2613 2614/2614/2614
f 2613/2613/2613 2615/2615/2615 2614/2614/2614
f 2614/2614/2614 2615/2615/2615 2616/2616/2616
f 2615/2615/2615 2617/2617/2617 2616/2616/2616
f 2616/2616/2616 2617/2617/2617 2618/2618/2618
f 2617/2617/2617 2619/2619/2619 2618/2618/2618
f 2620/2620/2620 2621/2621/2621 2622/2622/2622
f 2621/2621/2621 2623/2623/2623 2622/2622/2622
f 2622/2622/2622 2623/2623/2623 2624/2624/2624
f 2623/2623/2623 2625/2625/2625 2624/2624/2624
f 2624/2624/2624 2625/2625/2625 2626/2626/2626
f 2625/2625/2625 2627/2627/2627 2626/2626/2626
f 2626/2626/2626 2627/2627/2627 2628/2628/2628
f 2627/2627/2627 2629/2629/2629 2628/2628/2628
f 2628/2628/2628 2629/2629/2629 2630/2630/2630
f 2629/2629/2629 2631/2631/2631 2630/2630/2630
f 2630/2630/2630 2631/2631/2631 2632/2632/2632
f 2631/2631/2631 2633/2633/2633 2632/2632/2632
f 2634/2634/2634 2635/2635/2635 2636/2636/2636
f 2635/2635/2635 2637/2637/2637 2636/2636/2636
f 2636/2636/2636 2637/2637/2637 2638/2638/2638
f 2637/2637/2637 2639/2639/2639 2638/2638/2638
f 2638/2638/2638 2639/2639/2639 2640/2640/2640
f 2639/2639/2639 2641/2641/2641 2640/2640/2640
f 2640/2640/2640 2641/2641/2641 2642/2642/2642
f 2641/2641/2641 2643/2643/2643 2642/2642/2642
f 2642/2642/2642 2643/2643/2643 2644/2644/2644
f 2643/2643/2643 2645/2645/2645 2644/2644/2644
f 2644/2644/2644 2645/2645/2645 2646/2646/2646
f 2645/2645/2645 2647/2647/2647 2646/2646/2646
f 2648/2648/2648 2649/2649/2649 2650/2650/2650
f 2649/2649/2649 2651/2651/2651 2650/2650/2650
f 2650/2650/2650 2651/2651/2651 2652/2652/2652
f 2651/2651/2651 2653/2653/2653 2652/2652/2652
f 2652/2652/2652 2653/2653/2653 2654/2654/2654
f 2653/2653/2653 2655/2655/2655 2654/2654/2654
f 2654/2654/2654 2655/2655/2655 2656/2656/2656
f 2655/2655/2655 2657/2657/2657 2656/2656/2656
f 2656/2656/2656 2657/2657/2657 2658/2658/2658
f 2657/2657/2657 2659/2659/2659 2658/2658/2658
f 2658/2658/2658 2659/2659/2659 2660/2660/2660
f 2659/2659/2659 2661/2661/2661 2660/2660/2660
f 2662/2662/2662 2663/2663/2663 2664/2664/2664
f 2663/2663/2663 2665/2665/2665 2664/2664/2664
f 2664/2664/2664 2665/2665/2665 2666/2666/2666
f 2665/2665/2665 2667/2667/2667 2666/2666/2666
f 2666/2666/2666 2667/2667/2667 2668/2668/2668
f 2667/2667/2667 2669/2669/2669 2668/2668/2668
f 2668/2668/2668 2669/2669/2669 2670/2670/2670
f 2669/2669/2669 2671/2671/2671 2670/2670/2670
f 2670/2670/2670 2671/2671/2671 2672/2672/2672
f 2673/2673/2673 2674/2674/2674 2675/2675/2675
f 2674/2674/2674 2676/2676/2676 2675/2675/2675
f 2675/2675/2675 2676/2676/2676 2677/2677/2677
f 2676/2676/2676 2678/2678/2678 2677/2677/2677
f 2677/2677/2677 2678/2678/2678 2679/2679/2679
f 2678/2678/2678 2680/2680/2680 2679/2679/2679
f 2679/2679/2679 2680/2680/2680 2681/2681/2681
f 2682/2682/2682 2683/2683/2683 2684/2684/2684
f 2683/2683/2683 2685/2685/2685 2684/2684/2684
f 2684/2684/2684 2685/2685/2685 2686/2686/2686
f 2685/2685/2685 2687/2687/2687 2686/2686/2686
f 2686/2686/2686 2687/2687/2687 2688/2688/2688
f 2689/2689/2689 2690/2690/2690 2691/2691/2691
f 2690/2690/2690 2692/2692/2692 2691/2691/2691
f 2691/2691/2691 2692/2692/2692 2693/2693/2693
f 2692/2692/2692 2694/2694/2694 2693/2693/2693
f 2693/2693/2693 2694/2694/2694 2695/2695/2695
f 2694/2694/2694 2696/2696/2696 2695/2695/2695
f 2695/2695/2695 2696/2696/2696 2697/2697/2697
f 2696/2696/2696 2698/2698/2698 2697/2697/2697
f 2697/2697/2697 2698/2698/2698 2699/2699/2699
f 2698/2698/2698 2700/2700/2700 2699/2699/2699
f 2699/2699/2699 2700/2700/2700 2701/2701/2701
f 2700/2700/2700 2702/2702/2702 2701/2701/2701
f 2703/2703/2703 2704/2704/2704 2705/2705/2705
f 2704/2704/2704 2706/2706/2706 2705/2705/2705
f 2705/2705/2705 2706/2706/2706 2707/2707/2707
f 2706/2706/2706 2708/2708/2708 2707/2707/2707
f 2707/2707/2707 2708/2708/2708 2709/2709/2709
f 2710/2710/2710 2711/2711/2711 2712/2712/2712
f 2711/2711/2711 2713/2713/2713 2712/2712/2712
f 2712/2712/2712 2713/2713/2713 2714/2714/2714
f 2713/2713/2713 2715/2715/2715 2714/2714/2714
f 2714/2714/2714 2715/2715/2715 2716/2716/2716
f 2715/2715/2715 2717/2717/2717 2716/2716/2716
f 2716/2716/2716 2717/2717/2717 2718/2718/2718
f 2717/2717/2717 2719/2719/2719 2718/2718/2718
f 2718/2718/2718 2719/2719/2719 2720/2720/2720
f 2719/2719/2719 2721/2721/2721 2720/2720/2720
f 2720/2720/2720 2721/2721/2721 2722/2722/2722
f 2721/2721/2721 2723/2723/2723 2722/2722/2722
f 2724/2724/2724 2725/2725/2725 2726/2726/2726
f 2725/2725/2725 2727/2727/2727 2726/2726/2726
f 2726/2726/2726 2727/2727/2727 2728/2728/2728
f 2727/2727/2727 2729/2729/2729 2728/2728/2728
f 2728/2728/2728 2729/2729/2729 2730/2730/2730
f 2729/2729/2729 2731/2731/2731 2730/2730/2730
f 2730/2730/2730 2731/2731/2731 2732/2732/2732
f 2731/2731/2731 2733/2733/2733 2732/2732/2732
f 2732/2732/2732 2733/2733/2733 2734/2734/2734
f 2733/2733/2733 2735/2735/2735 2734/2734/2734
f 2734/2734/2734 2735/2735/2735 2736/2736/2736
f 2735/2735/2735 2737/2737/2737 2736/2736/2736
f 2738/2738/2738 2739/2739/2739 2740/2740/2740
f 2739/2739/2739 2741/2741/2741 2740/2740/2740
f 2740/2740/2740 2741/2741/2741 2742/2742/2742
f 2741/2741/2741 2743/2743/2743 2742/2742/2742
f 2742/2742/2742 2743/2743/2743 2744/2744/2744
f 2743/2743/2743 2745/2745/2745 2744/2744/2744
f 2744/2744/2744 2745/2745/2745 2746/2746/2746
f 2745/2745/2745 2747/2747/2747 2746/2746/2746
f 2746/2746/2746 2747/2747/2747 2748/2748/2748
f 2747/2747/2747 2749/2749/2749 2748/2748/2748
f 2748/2748/2748 2749/2749/2749 2750/2750/2750
f 2749/2749/2749 2751/2751/2751 2750/2750/2750
f 2752/2752/2752 2753/2753/2753 2754/2754/2754
f 2753/2753/2753 2755/2755/2755 2754/2754/2754
f 2754/2754/2754 2755/2755/2755 2756/2756/2756
f 2755/2755/2755 2757/2757/2757 2756/2756/2756
f 2756/2756/2756 2757/2757/2757 2758/2758/2758
f 2757/2757/2757 2759/2759/2759 2758/2758/2758
f 2758/2758/2758 2759/2759/2759 2760/2760/2760
f 2759/2759/2759 2761/2761/2761 2760/2760/2760
f 2760/2760/2760 2761/2761/2761 2762/2762/2762
f 2761/2761/2761 2763/2763/2763 2762/2762/2762
f 2762/2762/2762 2763/2763/2763 2764/2764/2764
f 2763/2763/2763 2765/2765/2765 2764/2764/2764
f 2766/2766/2766 2767/2767/2767 2768/2768/2768
f 2767/2767/2767 2769/2769/2769 2768/2768/2768
f 2768/2768/2768 2769/2769/2769 2770/2770/2770
f 2769/2769/2769 2771/2771/2771 2770/2770/2770
f 2770/2770/2770 2771/2771/2771 2772/2772/2772
f 2771/2771/2771 2773/2773/2773 2772/2772/2772
f 2772/2772/2772 2773/2773/2773 2774/2774/2774
f 2773/2773/2773 2775/2775/2775 2774/2774/2774
f 2774/2774/2774 2775/2775/2775 2776/2776/2776
f 2775/2775/2775 2777/2777/2777 2776/2776/2776
f 2776/2776/2776 2777/2777/2777 2778/2778/2778
f 2777/2777/2777 2779/2779/2779 2778/2778/2778
f 2780/2780/2780 2781/2781/2781 2782/2782/2782
f 2783/2783/2783 2784/2784/2784 2785/2785/2785
f 2786/2786/2786 2787/2787/2787 2788/2788/2788
f 2789/2789/2789 2790/2790/2790 2791/2791/2791
f 2792/2792/2792 2793/2793/2793 2794/2794/2794
f 2795/2795/2795 2796/2796/2796 2797/2797/2797
f 2798/2798/2798 2799/2799/2799 2800/2800/2800
f 2801/2801/2801 2802/2802/2802 2803/2803/2803
f 2804/2804/2804 2805/2805/2805 2806/2806/2806
f 2807/2807/2807 2808/2808/2808 2809/2809/2809
f 2810/2810/2810 2811/2811/2811 2812/2812/2812
f 2813/2813/2813 2814/2814/2814 2815/2815/2815
f 2816/2816/2816 2817/2817/2817 2818/2818/2818
f 2819/2819/2819 2820/2820/2820 2821/2821/2821
f 2822/2822/2822 2823/2823/2823 2824/2824/2824
f 2825/2825/2825 2826/2826/2826 2827/2827/2827
f 2828/2828/2828 2829/2829/2829 2830/2830/2830
f 2831/2831/2831 2832/2832/2832 2833/2833/2833
f 2834/2834/2834 2835/2835/2835 2836/2836/2836
f 2835/2835/2835 2837/2837/2837 2836/2836/2836
f 2836/2836/2836 2837/2837/2837 2838/2838/2838
f 2839/2839/2839 2840/2840/2840 2841/2841/2841
f 2840/2840/2840 2842/2842/2842 2841/2841/2841
f 2841/2841/2841 2842/2842/2842 2843/2843/2843
f 2844/2844/2844 2845/2845/2845 2846/2846/2846
f 2845/2845/2845 2847/2847/2847 2846/2846/2846
f 2846/2846/2846 2847/2847/2847 2848/2848/2848
f 2849/2849/2849 2850/2850/2850 2851/2851/2851
f 2850/2850/2850 2852/2852/2852 2851/2851/2851
f 2851/2851/2851 2852/2852/2852 2853/2853/2853
f 2852/2852/2852 2854/2854/2854 2853/2853/2853
f 2853/2853/2853 2854/2854/2854 2855/2855/2855
f 2856/2856/2856 2857/2857/2857 2858/2858/2858
f 2857/2857/2857 2859/2859/2859 2858/2858/2858
f 2858/2858/2858 2859/2859/2859 2860/2860/2860
f 2859/2859/2859 2861/2861/2861 2860/2860/2860
f 2860/2860/2860 2861/2861/2861 2862/2862/2862
f 2863/2863/2863 2864/2864/2864 2865/2865/2865
f 2864/2864/2864 2866/2866/2866 2865/2865/2865
f 2865/2865/2865 2866/2866/2866 2867/2867/2867
f 2866/2866/2866 2868/2868/2868 2867/2867/2867
f 2867/2867/2867 2868/2868/2868 2869/2869/2869
f 2870/2870/2870 2871/2871/2871 2872/2872/2872
f 2871/2871/2871 2873/2873/2873 2872/2872/2872
f 2872/2872/2872 2873/2873/2873 2874/2874/2874
f 2873/2873/2873 2875/2875/2875 2874/2874/2874
f 2874/2874/2874 2875/2875/2875 2876/2876/2876
f 2875/2875/2875 2877/2877/2877 2876/2876/2876
f 2876/2876/2876 2877/2877/2877 2878/2878/2878
f 2879/2879/2879 2880/2880/2880 2881/2881/2881
f 2880/2880/2880 2882/2882/2882 2881/2881/2881
f 2881/2881/2881 2882/2882/2882 2883/2883/2883
f 2882/2882/2882 2884/2884/2884 2883/2883/2883
f 2883/2883/2883 2884/2884/2884 2885/2885/2885
f 2884/2884/2884 2886/2886/2886 2885/2885/2885
f 2885/2885/2885 2886/2886/2886 2887/2887/2887
f 2888/2888/2888 2889/2889/2889 2890/2890/2890
f 2889/2889/2889 2891/2891/2891 2890/2890/2890
f 2890/2890/2890 2891/2891/2891 2892/2892/2892
f 2891/2891/2891 2893/2893/2893 2892/2892/2892
f 2892/2892/2892 2893/2893/2893 2894/2894/2894
f 2893/2893/2893 2895/2895/2895 2894/2894/2894
f 2894/2894/2894 2895/2895/2895 2896/2896/2896
f 2897/2897/2897 2898/2898/2898 2899/2899/2899
f 2898/2898/2898 2900/2900/2900 2899/2899/2899
f 2899/2899/2899 2900/2900/2900 2901/2901/2901
f 2900/2900/2900 2902/2902/2902 2901/2901/2901
f 2901/2901/2901 2902/2902/2902 2903/2903/2903
f 2902/2902/2902 2904/2904/2904 2903/2903/2903
f 2903/2903/2903 2904/2904/2904 2905/2905/2905
f 2904/2904/2904 2906/2906/2906 2905/2905/2905
f 2905/2905/2905 2906/2906/2906 2907/2907/2907
f 2908/2908/2908 2909/2909/2909 2910/2910/2910
f 2909/2909/2909 2911/2911/2911 2910/2910/2910
f 2910/2910/2910 2911/2911/2911 2912/2912/2912
f 2911/2911/2911 2913/2913/2913 2912/2912/2912
f 2912/2912/2912 2913/2913/2913 2914/2914/2914
f 2913/2913/2913 2915/2915/2915 2914/2914/2914
f 2914/2914/2914 2915/2915/2915 2916/2916/2916
f 2915/2915/2915 2917/2917/2917 2916/2916/2916
f 2916/2916/2916 2917/2917/2917 2918/2918/2918
f 2919/2919/2919 2920/2920/2920 2921/2921/2921
f 2920/2920/2920 2922/2922/2922 2921/2921/2921
f 2921/2921/2921 2922/2922/2922 2923/2923/2923
f 2922/2922/2922 2924/2924/2924 2923/2923/2923
f 2923/2923/2923 2924/2924/2924 2925/2925/2925
f 2924/2924/2924 2926/2926/2926 2925/2925/2925
f 2925/2925/2925 2926/2926/2926 2927/2927/2927
f 2926/2926/2926 2928/2928/2928 2927/2927/2927
f 2927/2927/2927 2928/2928/2928 2929/2929/2929
f 2930/2930/2930 2931/2931/2931 2932/2932/2932
f 2933/2933/2933 2934/2934/2934 2935/2935/2935
f 2936/2936/2936 2937/2937/2937 2938/2938/2938
f 2939/2939/2939 2940/2940/2940 2941/2941/2941
f 2940/2940/2940 2942/2942/2942 2941/2941/2941
f 2941/2941/2941 2942/2942/2942 2943/2943/2943
f 2942/2942/2942 2944/2944/2944 2943/2943/2943
f 2943/2943/2943 2944/2944/2944 2945/2945/2945
f 2944/2944/2944 2946/2946/2946 2945/2945/2945
f 2945/2945/2945 2946/2946/2946 2947/2947/2947
f 2946/2946/2946 2948/2948/2948 2947/2947/2947
f 2947/2947/2947 2948/2948/2948 2949/2949/2949
f 2948/2948/2948 2950/2950/2950 2949/2949/2949
f 2949/2949/2949 2950/2950/2950 2951/2951/2951
f 2950/2950/2950 2952/2952/2952 2951/2951/2951
f 2953/2953/2953 2954/2954/2954 2955/2955/2955
f 2954/2954/2954 2956/2956/2956 2955/2955/2955
f 2955/2955/2955 2956/2956/2956 2957/2957/2957
f 2956/2956/2956 2958/2958/2958 2957/2957/2957
f 2957/2957/2957 2958/2958/2958 2959/2959/2959
f 2958/2958/2958 2960/2960/2960 2959/2959/2959
f 2959/2959/2959 2960/2960/2960 2961/2961/2961
f 2960/2960/2960 2962/2962/2962 2961/2961/2961
f 2961/2961/2961 2962/2962/2962 2963/2963/2963
f 2964/2964/2964 2965/2965/2965 2966/2966/2966
f 2965/2965/2965 2967/2967/2967 2966/2966/2966
f 2966/2966/2966 2967/2967/2967 2968/2968/2968
f 2967/2967/2967 2969/2969/2969 2968/2968/2968
f 2968/2968/2968 2969/2969/2969 2970/2970/2970
f 2969/2969/2969 2971/2971/2971 2970/2970/2970
f 2970/2970/2970 2971/2971/2971 2972/2972/2972
f 2973/2973/2973 2974/2974/2974 2975/2975/2975
f 2974/2974/2974 2976/2976/2976 2975/2975/2975
f 2975/2975/2975 2976/2976/2976 2977/2977/2977
f 2976/2976/2976 2978/2978/2978 2977/2977/2977
f 2977/2977/2977 2978/2978/2978 2979/2979/2979
f 2980/2980/2980 2981/2981/2981 2982/2982/2982
f 2981/2981/2981 2983/2983/2983 2982/2982/2982
f 2982/2982/2982 2983/2983/2983 2984/2984/2984
f 2983/2983/2983 2985/2985/2985 2984/2984/2984
f 2984/2984/2984 2985/2985/2985 2986/2986/2986
f 2985/2985/2985 2987/2987/2987 2986/2986/2986
f 2986/2986/2986 2987/2987/2987 2988/2988/2988
f 2987/2987/2987 2989/2989/2989 2988/2988/2988
f 2988/2988/2988 2989/2989/2989 2990/2990/2990
f 2989/2989/2989 2991/2991/2991 2990/2990/2990
f 2990/2990/2990 2991/2991/2991 2992/2992/2992
f 2991/2991/2991 2993/2993/2993 2992/2992/2992
f 2994/2994/2994 2995/2995/2995 2996/2996/2996
f 2995/2995/2995 2997/2997/2997 2996/2996/2996
f 2996/2996/2996 2997/2997/2997 2998/2998/2998
f 2997/2997/2997 2999/2999/2999 2998/2998/2998
f 2998/2998/2998 2999/2999/2999 3000/3000/3000
f 3001/3001/3001 3002/3002/3002 3003/3003/3003
f 3002/3002/3002 3004/3004/3004 3003/3003/3003
f 3003/3003/3003 3004/3004/3004 3005/3005/3005
f 3004/3004/3004 3006/3006/3006 3005/3005/3005
f 3005/3005/3005 3006/3006/3006 3007/3007/3007
f 3006/3006/3006 3008/3008/3008 3007/3007/3007
f 3007/3007/3007 3008/3008/3008 3009/3009/3009
f 3008/3008/3008 3010/3010/3010 3009/3009/3009
f 3009/3009/3009 3010/3010/3010 3011/3011/3011
f 3010/3010/3010 3012/3012/3012 3011/3011/3011
f 3011/3011/3011 3012/3012/3012 3013/3013/3013
f 3012/3012/3012 3014/3014/3014 3013/3013/3013
f 3015/3015/3015 3016/3016/3016 3017/3017/3017
f 3016/3016/3016 3018/3018/3018 3017/3017/3017
f 3017/3017/3017 3018/3018/3018 3019/3019/3019
f 3018/3018/3018 3020/3020/3020 3019/3019/3019
f 3019/3019/3019 3020/3020/3020 3021/3021/3021
f 3020/3020/3020 3022/3022/3022 3021/3021/3021
f 3021/3021/3021 3022/3022/3022 3023/3023/3023
f 3022/3022/3022 3024/3024/3024 3023/3023/3023
f 3023/3023/3023 3024/3024/3024 3025/3025/3025
f 3024/3024/3024 3026/3026/3026 3025/3025/3025
f 3025/3025/3025 3026/3026/3026 3027/3027/3027
f 3026/3026/3026 3028/3028/3028 3027/3027/3027
f 3029/3029/3029 3030/3030/3030 3031/3031/3031
f 3030/3030/3030 3032/3032/3032 3031/3031/3031
f 3031/3031/3031 3032/3032/3032 3033/3033/3033
f 3032/3032/3032 3034/3034/3034 3033/3033/3033
f 3033/3033/3033 3034/3034/3034 3035/3035/3035
f 3034/3034/3034 3036/3036/3036 3035/3035/3035
f 3035/3035/3035 3036/3036/3036 3037/3037/3037
f 3036/3036/3036 3038/3038/3038 3037/3037/3037
f 3037/3037/3037 3038/3038/3038 3039/3039/3039
f 3038/3038/3038 3040/3040/3040 3039/3039/3039
f 3039/3039/3039 3040/3040/3040 3041/3041/3041
f 3040/3040/3040 3042/3042/3042 3041/3041/3041
f 3043/3043/3043 3044/3044/3044 3045/3045/3045
f 3044/3044/3044 3046/3046/3046 3045/3045/3045
f 3045/3045/3045 3046/3046/3046 3047/3047/3047
f 3046/3046/3046 3048/3048/3048 3047/3047/3047
f 3047/3047/3047 3048/3048/3048 3049/3049/3049
f 3048/3048/3048 3050/3050/3050 3049/3049/3049
f 3049/3049/3049 3050/3050/3050 3051/3051/3051
f 3050/3050/3050 3052/3052/3052 3051/3051/3051
f 3051/3051/3051 3052/3052/3052 3053/3053/3053
f 3052/3052/3052 3054/3054/3054 3053/3053/3053
f 3053/3053/3053 3054/3054/3054 3055/3055/3055
f 3054/3054/3054 3056/3056/3056 3055/3055/3055
f 3057/3057/3057 3058/3058/3058 3059/3059/3059
f 3058/3058/3058 3060/3060/3060 3059/3059/3059
f 3059/3059/3059 3060/3060/3060 3061/3061/3061
f 3060/3060/3060 3062/3062/3062 3061/3061/3061
f 3061/3061/3061 3062/3062/3062 3063/3063/3063
f 3062/3062/3062 3064/3064/3064 3063/3063/3063
f 3063/3063/3063 3064/3064/3064 3065/3065/3065
f 3064/3064/3064 3066/3066/3066 3065/3065/3065
f 3065/3065/3065 3066/3066/3066 3067/3067/3067
f 3066/3066/3066 3068/3068/3068 3067/3067/3067
f 3067/3067/3067 3068/3068/3068 3069/3069/3069
f 3068/3068/3068 3070/3070/3070 3069/3069/3069
f 3071/3071/3071 3072/3072/3072 3073/3073/3073
f 3072/3072/3072 3074/3074/3074 3073/3073/3073
f 3073/3073/3073 3074/3074/3074 3075/3075/3075
f 3074/3074/3074 3076/3076/3076 3075/3075/3075
f 3075/3075/3075 3076/3076/3076 3077/3077/3077
f 3076/3076/3076 3078/3078/3078 3077/3077/3077
f 3077/3077/3077 3078/3078/3078 3079/3079/3079
f 3078/3078/3078 3080/3080/3080 3079/3079/3079
f 3079/3079/3079 3080/3080/3080 3081/3081/3081
f 3080/3080/3080 3082/3082/3082 3081/3081/3081
f 3081/3081/3081 3082/3082/3082 3083/3083/3083
f 3082/3082/3082 3084/3084/3084 3083/3083/3083
f 3085/3085/3085 3086/3086/3086 3087/3087/3087
f 3086/3086/3086 3088/3088/3088 3087/3087/3087
f 3087/3087/3087 3088/3088/3088 3089/3089/3089
f 3088/3088/3088 3090/3090/3090 3089/3089/3089
f 3089/3089/3089 3090/3090/3090 3091/3091/3091
f 3090/3090/3090 3092/3092/3092 3091/3091/3091
f 3091/3091/3091 3092/3092/3092 3093/3093/3093
f 3092/3092/3092 3094/3094/3094 3093/3093/3093
f 3093/3093/3093 3094/3094/3094 3095/3095/3095
f 3096/3096/3096 3097/3097/3097 3098/3098/3098
f 3097/3097/3097 3099/3099/3099 3098/3098/3098
f 3098/3098/3098 3099/3099/3099 3100/3100/3100
f 3099/3099/3099 3101/3101/3101 3100/3100/3100
f 3100/3100/3100 3101/3101/3101 3102/3102/3102
f 3101/3101/3101 3103/3103/3103 3102/3102/3102
f 3102/3102/3102 3103/3103/3103 3104/3104/3104
f 3105/3105/3105 3106/3106/3106 3107/3107/3107
f 3106/3106/3106 3108/3108/3108 3107/3107/3107
f 3107/3107/3107 3108/3108/3108 3109/3109/3109
f 3108/3108/3108 3110/3110/3110 3109/3109/3109
f 3109/3109/3109 3110/3110/3110 3111/3111/3111
f 3112/3112/3112 3113/3113/3113 3114/3114/3114
f 3113/3113/3113 3115/3115/3115 3114/3114/3114
f 3114/3114/3114 3115/3115/3115 3116/3116/3116
f 3115/3115/3115 3117/3117/3117 3116/3116/3116
f 3116/3116/3116 3117/3117/3117 3118/3118/3118
f 3117/3117/3117 3119/3119/3119 3118/3118/3118
f 3118/3118/3118 3119/3119/3119 3120/3120/3120
f 3119/3119/3119 3121/3121/3121 3120/3120/3120
f 3120/3120/3120 3121/3121/3121 3122/3122/3122
f 3121/3121/3121 3123/3123/3123 3122/3122/3122
f 3122/3122/3122 3123/3123/3123 3124/3124/3124
f 3123/3123/3123 3125/3125/3125 3124/3124/3124
f 3126/3126/3126 3127/3127/3127 3128/3128/3128
f 3127/3127/3127 3129/3129/3129 3128/3128/3128
f 3128/3128/3128 3129/3129/3129 3130/3130/3130
f 3129/3129/3129 3131/3131/3131 3130/3130/3130
f 3130/3130/3130 3131/3131/3131 3132/3132/3132
f 3133/3133/3133 3134/3134/3134 3135/3135/3135
f 3134/3134/3134 3136/3136/3136 3135/3135/3135
f 3135/3135/3135 3136/3136/3136 3137/3137/3137
f 3136/3136/3136 3138/3138/3138 3137/3137/3137
f 3137/3137/3137 3138/3138/3138 3139/3139/3139
f 3138/3138/3138 3140/3140/3140 3139/3139/3139
f 3139/3139/3139 3140/3140/3140 3141/3141/3141
f 3140/3140/3140 3142/3142/3142 3141/3141/3141
f 3141/3141/3141 3142/3142/3142 3143/3143/3143
f 3142/3142/3142 3144/3144/3144 3143/3143/3143
f 3143/3143/3143 3144/3144/3144 3145/3145/3145
f 3144/3144/3144 3146/3146/3146 3145/3145/3145
f 3147/3147/3147 3148/3148/3148 3149/3149/3149
f 3148/3148/3148 3150/3150/3150 3149/3149/3149
f 3149/3149/3149 3150/3150/3150 3151/3151/3151
f 3150/3150/3150 3152/3152/3152 3151/3151/3151
f 3151/3151/3151 3152/3152/3152 3153/3153/3153
f 3152/3152/3152 3154/3154/3154 3153/3153/3153
f 3153/3153/3153 3154/3154/3154 3155/3155/3155
f 3154/3154/3154 3156/3156/3156 3155/3155/3155
f 3155/3155/3155 3156/3156/3156 3157/3157/3157
f 3156/3156/3156 3158/3158/3158 3157/3157/3157
f 3157/3157/3157 3158/3158/3158 3159/3159/3159
f 3158/3158/3158 3160/3160/3160 3159/3159/3159
f 3161/3161/3161 3162/3162/3162 3163/3163/3163
f 3162/3162/3162 3164/3164/3164 3163/3163/3163
f 3163/3163/3163 3164/3164/3164 3165/3165/3165
f 3164/3164/3164 3166/3166/3166 3165/3165/3165
f 3165/3165/3165 3166/3166/3166 3167/3167/3167
f 3166/3166/3166 3168/3168/3168 3167/3167/3167
f 3167/3167/3167 3168/3168/3168 3169/3169/3169
f 3168/3168/3168 3170/3170/3170 3169/3169/3169
f 3169/3169/3169 3170/3170/3170 3171/3171/3171
f 3170/3170/3170 3172/3172/3172 3171/3171/3171
f 3171/3171/3171 3172/3172/3172 3173/3173/3173
f 3172/3172/3172 3174/3174/3174 3173/3173/3173
f 3175/3175/3175 3176/3176/3176 3177/3177/3177
f 3176/3176/3176 3178/3178/3178 3177/3177/3177
f 3177/3177/3177 3178/3178/3178 3179/3179/3179
f 3178/3178/3178 3180/3180/3180 3179/3179/3179
f 3179/3179/3179 3180/3180/3180 3181/3181/3181
f 3180/3180/3180 3182/3182/3182 3181/3181/3181
f 3181/3181/3181 3182/3182/3182 3183/3183/3183
f 3182/3182/3182 3184/3184/3184 3183/3183/3183
f 3183/3183/3183 3184/3184/3184 3185/3185/3185
f 3184/3184/3184 3186/3186/3186 3185/3185/3185
f 3185/3185/3185 3186/3186/3186 3187/3187/3187
f 3186/3186/3186 3188/3188/3188 3187/3187/3187
f 3189/3189/3189 3190/3190/3190 3191/3191/3191
f 3190/3190/3190 3192/3192/3192 3191/3191/3191
f 3191/3191/3191 3192/3192/3192 3193/3193/3193
f 3192/3192/3192 3194/3194/3194 3193/3193/3193
f 3193/3193/3193 3194/3194/3194 3195/3195/3195
f 3194/3194/3194 3196/3196/3196 3195/3195/3195
f 3195/3195/3195 3196/3196/3196 3197/3197/3197
f 3196/3196/3196 3198/3198/3198 3197/3197/3197
f 3197/3197/3197 3198/3198/3198 3199/3199/3199
f 3198/3198/3198 3200/3200/3200 3199/3199/3199
f 3199/3199/3199 3200/3200/3200 3201/3201/3201
f 3200/3200/3200 3202/3202/3202 3201/3201/3201
f 3203/3203/3203 3204/3204/3204 3205/3205/3205
f 3204/3204/3204 3206/3206/3206 3205/3205/3205
f 3205/3205/3205 3206/3206/3206 3207/3207/3207
f 3206/3206/3206 3208/3208/3208 3207/3207/3207
f 3207/3207/3207 3208/3208/3208 3209/3209/3209
f 3208/3208/3208 3210/3210/3210 3209/3209/3209
f 3209/3209/3209 3210/3210/3210 3211/3211/3211
f 3210/3210/3210 3212/3212/3212 3211/3211/3211
f 3211/3211/3211 3212/3212/3212 3213/3213/3213
f 3212/3212/3212 3214/3214/3214 3213/3213/3213
f 3213/3213/3213 3214/3214/3214 3215/3215/3215
f 3214/3214/3214 3216/3216/3216 3215/3215/3215
f 3217/3217/3217 3218/3218/3218 3219/3219/3219
f 3218/3218/3218 3220/3220/3220 3219/3219/3219
f 3219/3219/3219 3220/3220/3220 3221/3221/3221
f 3220/3220/3220 3222/3222/3222 3221/3221/3221
f 3221/3221/3221 3222/3222/3222 3223/3223/3223
f 3222/3222/3222 3224/3224/3224 3223/3223/3223
f 3223/3223/3223 3224/3224/3224 3225/3225/3225
f 3224/3224/3224 3226/3226/3226 3225/3225/3225
f 3225/3225/3225 3226/3226/3226 3227/3227/3227
f 3228/3228/3228 3229/3229/3229 3230/3230/3230
f 3229/3229/3229 3231/3231/3231 3230/3230/3230
f 3230/3230/3230 3231/3231/3231 3232/3232/3232
f 3231/3231/3231 3233/3233/3233 3232/3232/3232
f 3232/3232/3232 3233/3233/3233 3234/3234/3234
f 3233/3233/3233 3235/3235/3235 3234/3234/3234
f 3234/3234/3234 3235/3235/3235 3236/3236/3236
f 3237/3237/3237 3238/3238/3238 3239/3239/3239
f 3238/3238/3238 3240/3240/3240 3239/3239/3239
f 3239/3239/3239 3240/3240/3240 3241/3241/3241
f 3240/3240/3240 3242/3242/3242 3241/3241/3241
f 3241/3241/3241 3242/3242/3242 3243/3243/3243
f 3244/3244/3244 3245/3245/3245 3246/3246/3246
f 3245/3245/3245 3247/3247/3247 3246/3246/3246
f 3246/3246/3246 3247/3247/3247 3248/3248/3248
f 3247/3247/3247 3249/3249/3249 3248/3248/3248
f 3248/3248/3248 3249/3249/3249 3250/3250/3250
f 3249/3249/3249 3251/3251/3251 3250/3250/3250
f 3250/3250/3250 3251/3251/3251 3252/3252/3252
f 3251/3251/3251 3253/3253/3253 3252/3252/3252
f 3252/3252/3252 3253/3253/3253 3254/3254/3254
f 3253/3253/3253 3255/3255/3255 3254/3254/3254
f 3254/3254/3254 3255/3255/3255 3256/3256/3256
f 3255/3255/3255 3257/3257/3257 3256/3256/3256
f 3258/3258/3258 3259/3259/3259 3260/3260/3260
f 3259/3259/3259 3261/3261/3261 3260/3260/3260
f 3260/3260/3260 3261/3261/3261 3262/3262/3262
f 3261/3261/3261 3263/3263/3263 3262/3262/3262
f 3262/3262/3262 3263/3263/3263 3264/3264/3264
f 3265/3265/3265 3266/3266/3266 3267/3267/3267
f 3266/3266/3266 3268/3268/3268 3267/3267/3267
f 3267/3267/3267 3268/3268/3268 3269/3269/3269
f 3268/3268/3268 3270/3270/3270 3269/3269/3269
f 3269/3269/3269 3270/3270/3270 3271/3271/3271
f 3270/3270/3270 3272/3272/3272 3271/3271/3271
f 3271/3271/3271 3272/3272/3272 3273/3273/3273
f 3272/3272/3272 3274/3274/3274 3273/3273/3273
f 3273/3273/3273 3274/3274/3274 3275/3275/3275
f 3274/3274/3274 3276/3276/3276 3275/3275/3275
f 3275/3275/3275 3276/3276/3276 3277/3277/3277
f 3276/3276/3276 3278/3278/3278 3277/3277/3277
f 3279/3279/3279 3280/3280/3280 3281/3281/3281
f 3280/3280/3280 3282/3282/3282 3281/3281/3281
f 3281/3281/3281 3282/3282/3282 3283/3283/3283
f 3282/3282/3282 3284/3284/3284 3283/3283/3283
f 3283/3283/3283 3284/3284/3284 3285/3285/3285
f 3284/3284/3284 3286/3286/3286 3285/3285/3285
f 3285/3285/3285 3286/3286/3286 3287/3287/3287
f 3286/3286/3286 3288/3288/3288 3287/3287/3287
f 3287/3287/3287 3288/3288/3288 3289/3289/3289
f 3288/3288/3288 3290/3290/3290 3289/3289/3289
f 3289/3289/3289 3290/3290/3290 3291/3291/3291
f 3290/3290/3290 3292/3292/3292 3291/3291/3291
f 3293/3293/3293 3294/3294/3294 3295/3295/3295
f 3294/3294/3294 3296/3296/3296 3295/3295/3295
f 3295/3295/3295 3296/3296/3296 3297/3297/3297
f 3296/3296/3296 3298/3298/3298 3297/3297/3297
f 3297/3297/3297 3298/3298/3298 3299/3299/3299
f 3298/3298/3298 3300/3300/3300 3299/3299/3299
f 3299/3299/3299 3300/3300/3300 3301/3301/3301
f 3300/3300/3300 3302/3302/3302 3301/3301/3301
f 3301/3301/3301 3302/3302/3302 3303/3303/3303
f 3302/3302/3302 3304/3304/3304 3303/3303/3303
f 3303/3303/3303 3304/3304/3304 3305/3305/3305
f 3304/3304/3304 3306/3306/3306 3305/3305/3305
f 3307/3307/3307 3308/3308/3308 3309/3309/3309
f 3308/3308/3308 3310/3310/3310 3309/3309/3309
f 3309/3309/3309 3310/3310/3310 3311/3311/3311
f 3310/3310/3310 3312/3312/3312 3311/3311/3311
f 3311/3311/3311 3312/3312/3312 3313/3313/3313
f 3312/3312/3312 3314/3314/3314 3313/3313/3313
f 3313/3313/3313 3314/3314/3314 3315/3315/3315
f 3314/3314/3314 3316/3316/3316 3315/3315/3315
f 3315/3315/3315 3316/3316/3316 3317/3317/3317
f 3316/3316/3316 3318/3318/3318 3317/3317/3317
f 3317/3317/3317 3318/3318/3318 3319/3319/3319
f 3318/3318/3318 3320/3320/3320 3319/3319/3319
f 3321/3321/3321 3322/3322/3322 3323/3323/3323
f 3322/3322/3322 3324/3324/3324 3323/3323/3323
f 3323/3323/3323 3324/3324/3324 3325/3325/3325
f 3324/3324/3324 3326/3326/3326 3325/3325/3325
f 3325/3325/3325 3326/3326/3326 3327/3327/3327
f 3326/3326/3326 3328/3328/3328 3327/3327/3327
f 3327/3327/3327 3328/3328/3328 3329/3329/3329
f 3328/3328/3328 3330/3330/3330 3329/3329/3329
f 3329/3329/3329 3330/3330/3330 3331/3331/3331
f 3330/3330/3330 3332/3332/3332 3331/3331/3331
f 3331/3331/3331 3332/3332/3332 3333/3333/3333
f 3332/3332/3332 3334/3334/3334 3333/3333/3333
f 3335/3335/3335 3336/3336/3336 3337/3337/3337
f 3336/3336/3336 3338/3338/3338 3337/3337/3337
f 3339/3339/3339 3340/3340/3340 3341/3341/3341
f 3340/3340/3340 3342/3342/3342 3341/3341/3341
f 3341/3341/3341 3342/3342/3342 3343/3343/3343
f 3344/3344/3344 3345/3345/3345 3346/3346/3346
f 3345/3345/3345 3347/3347/3347 3346/3346/3346
f 3346/3346/3346 3347/3347/3347 3348/3348/3348
f 3347/3347/3347 3349/3349/3349 3348/3348/3348
f 3348/3348/3348 3349/3349/3349 3350/3350/3350
f 3351/3351/3351 3352/3352/3352 3353/3353/3353
f 3354/3354/3354 3355/3355/3355 3356/3356/3356
f 3357/3357/3357 3358/3358/3358 3359/3359/3359
f 3358/3358/3358 3360/3360/3360 3359/3359/3359
f 3359/3359/3359 3360/3360/3360 3361/3361/3361
f 3362/3362/3362 3363/3363/3363 3364/3364/3364
f 3363/3363/3363 3365/3365/3365 3364/3364/3364
f 3364/3364/3364 3365/3365/3365 3366/3366/3366
f 3365/3365/3365 3367/3367/3367 3366/3366/3366
f 3366/3366/3366 3367/3367/3367 3368/3368/3368
f 3369/3369/3369 3370/3370/3370 3371/3371/3371
f 3370/3370/3370 3372/3372/3372 3371/3371/3371
f 3373/3373/3373 3374/3374/3374 3375/3375/3375
f 3374/3374/3374 3376/3376/3376 3375/3375/3375
f 3375/3375/3375 3376/3376/3376 3377/3377/3377
f 3378/3378/3378 3379/3379/3379 3380/3380/3380
f 3379/3379/3379 3381/3381/3381 3380/3380/3380
f 3380/3380/3380 3381/3381/3381 3382/3382/3382
f 3381/3381/3381 3383/3383/3383 3382/3382/3382
f 3382/3382/3382 3383/3383/3383 3384/3384/3384
f 3385/3385/3385 3386/3386/3386 3387/3387/3387
f 3388/3388/3388 3389/3389/3389 3390/3390/3390
f 3391/3391/3391 3392/3392/3392 3393/3393/3393
f 3392/3392/3392 3394/3394/3394 3393/3393/3393
f 3393/3393/3393 3394/3394/3394 3395/3395/3395
f 3396/3396/3396 3397/3397/3397 3398/3398/3398
f 3397/3397/3397 3399/3399/3399 3398/3398/3398
f 3398/3398/3398 3399/3399/3399 3400/3400/3400
f 3399/3399/3399 3401/3401/3401 3400/3400/3400
f 3400/3400/3400 3401/3401/3401 3402/3402/3402
f 3403/3403/3403 3404/3404/3404 3405/3405/3405
f 3404/3404/3404 3406/3406/3406 3405/3405/3405
f 3407/3407/3407 3408/3408/3408 3409/3409/3409
f 3408/3408/3408 3410/3410/3410 3409/3409/3409
f 3409/3409/3409 3410/3410/3410 3411/3411/3411
f 3412/3412/3412 3413/3413/3413 3414/3414/3414
f 3413/3413/3413 3415/3415/3415 3414/3414/3414
f 3414/3414/3414 3415/3415/3415 3416/3416/3416
f 3415/3415/3415 3417/3417/3417 3416/3416/3416
f 3416/3416/3416 3417/3417/3417 3418/3418/3418
f 3419/3419/3419 3420/3420/3420 3421/3421/3421
f 3422/3422/3422 3423/3423/3423 3424/3424/3424
f 3425/3425/3425 3426/3426/3426 3427/3427/3427
f 3426/3426/3426 3428/3428/3428 3427/3427/3427
f 3427/3427/3427 3428/3428/3428 3429/3429/3429
f 3430/3430/3430 3431/3431/3431 3432/3432/3432
f 3431/3431/3431 3433/3433/3433 3432/3432/3432
f 3432/3432/3432 3433/3433/3433 3434/3434/3434
f 3433/3433/3433 3435/3435/3435 3434/3434/3434
f 3434/3434/3434 3435/3435/3435 3436/3436/3436
f 3437/3437/3437 3438/3438/3438 3439/3439/3439
f 3438/3438/3438 3440/3440/3440 3439/3439/3439
f 3441/3441/3441 3442/3442/3442 3443/3443/3443
f 3442/3442/3442 3444/3444/3444 3443/3443/3443
f 3443/3443/3443 3444/3444/3444 3445/3445/3445
f 3446/3446/3446 3447/3447/3447 3448/3448/3448
f 3447/3447/3447 3449/3449/3449 3448/3448/3448
f 3448/3448/3448 3449/3449/3449 3450/3450/3450
f 3449/3449/3449 3451/3451/3451 3450/3450/3450
f 3450/3450/3450 3451/3451/3451 3452/3452/3452
f 3453/3453/3453 3454/3454/3454 3455/3455/3455
f 3456/3456/3456 3457/3457/3457 3458/3458/3458
f 3459/3459/3459 3460/3460/3460 3461/3461/3461
f 3460/3460/3460 3462/3462/3462 3461/3461/3461
f 3461/3461/3461 3462/3462/3462 3463/3463/3463
f 3464/3464/3464 3465/3465/3465 3466/3466/3466
f 3465/3465/3465 3467/3467/3467 3466/3466/3466
f 3466/3466/3466 3467/3467/3467 3468/3468/3468
f 3467/3467/3467 3469/3469/3469 3468/3468/3468
f 3468/3468/3468 3469/3469/3469 3470/3470/3470
f 3471/3471/3471 3472/3472/3472 3473/3473/3473
f 3474/3474/3474 3475/3475/3475 3476/3476/3476
f 3477/3477/3477 3478/3478/3478 3479/3479/3479
f 3478/3478/3478 3480/3480/3480 3479/3479/3479
f 3479/3479/3479 3480/3480/3480 3481/3481/3481
f 3480/3480/3480 3482/3482/3482 3481/3481/3481
f 3483/3483/3483 3484/3484/3484 3485/3485/3485
f 3484/3484/3484 3486/3486/3486 3485/3485/3485
f 3485/3485/3485 3486/3486/3486 3487/3487/3487
f 3488/3488/3488 3489/3489/3489 3490/3490/3490
f 3489/3489/3489 3491/3491/3491 3490/3490/3490
f 3490/3490/3490 3491/3491/3491 3492/3492/3492
f 3493/3493/3493 3494/3494/3494 3495/3495/3495
f 3494/3494/3494 3496/3496/3496 3495/3495/3495
f 3495/3495/3495 3496/3496/3496 3497/3497/3497
f 3498/3498/3498 3499/3499/3499 3500/3500/3500
f 3499/3499/3499 3501/3501/3501 3500/3500/3500
f 3500/3500/3500 3501/3501/3501 3502/3502/3502
f 3503/3503/3503 3504/3504/3504 3505/3505/3505
f 3504/3504/3504 3506/3506/3506 3505/3505/3505
f 3505/3505/3505 3506/3506/3506 3507/3507/3507
f 3508/3508/3508 3509/3509/3509 3510/3510/3510
f 3509/3509/3509 3511/3511/3511 3510/3510/3510
f 3510/3510/3510 3511/3511/3511 3512/3512/3512
f 3511/3511/3511 3513/3513/3513 3512/3512/3512
f 3512/3512/3512 3513/3513/3513 3514/3514/3514
f 3515/3515/3515 3516/3516/3516 3517/3517/3517
f 3516/3516/3516 3518/3518/3518 3517/3517/3517
f 3517/3517/3517 3518/3518/3518 3519/3519/3519
f 3518/3518/3518 3520/3520/3520 3519/3519/3519
f 3519/3519/3519 3520/3520/3520 3521/3521/3521
f 3520/3520/3520 3522/3522/3522 3521/3521/3521
f 3521/3521/3521 3522/3522/3522 3523/3523/3523
f 3522/3522/3522 3524/3524/3524 3523/3523/3523
f 3523/3523/3523 3524/3524/3524 3525/3525/3525
f 3524/3524/3524 3526/3526/3526 3525/3525/3525
f 3527/3527/3527 3528/3528/3528 3529/3529/3529
f 3528/3528/3528 3530/3530/3530 3529/3529/3529
f 3529/3529/3529 3530/3530/3530 3531/3531/3531
f 3530/3530/3530 3532/3532/3532 3531/3531/3531
f 3531/3531/3531 3532/3532/3532 3533/3533/3533
f 3532/3532/3532 3534/3534/3534 3533/3533/3533
f 3533/3533/3533 3534/3534/3534 3535/3535/3535
f 3534/3534/3534 3536/3536/3536 3535/3535/3535
f 3535/3535/3535 3536/3536/3536 3537/3537/3537
f 3536/3536/3536 3538/3538/3538 3537/3537/3537
f 3539/3539/3539 3540/3540/3540 3541/3541/3541
f 3540/3540/3540 3542/3542/3542 3541/3541/3541
f 3541/3541/3541 3542/3542/3542 3543/3543/3543
f 3542/3542/3542 3544/3544/3544 3543/3543/3543
f 3543/3543/3543 3544/3544/3544 3545/3545/3545
f 3544/3544/3544 3546/3546/3546 3545/3545/3545
f 3545/3545/3545 3546/3546/3546 3547/3547/3547
f 3546/3546/3546 3548/3548/3548 3547/3547/3547
f 3547/3547/3547 3548/3548/3548 3549/3549/3549
f 3548/3548/3548 3550/3550/3550 3549/3549/3549
f 3551/3551/3551 3552/3552/3552 3553/3553/3553
f 3552/3552/3552 3554/3554/3554 3553/3553/3553
f 3555/3555/3555 3556/3556/3556 3557/3557/3557
f 3556/3556/3556 3558/3558/3558 3557/3557/3557
f 3557/3557/3557 3558/3558/3558 3559/3559/3559
f 3558/3558/3558 3560/3560/3560 3559/3559/3559
f 3559/3559/3559 3560/3560/3560 3561/3561/3561
f 3562/3562/3562 3563/3563/3563 3564/3564/3564
f 3563/3563/3563 3565/3565/3565 3564/3564/3564
f 3564/3564/3564 3565/3565/3565 3566/3566/3566
f 3565/3565/3565 3567/3567/3567 3566/3566/3566
f 3566/3566/3566 3567/3567/3567 3568/3568/3568
f 3567/3567/3567 3569/3569/3569 3568/3568/3568
f 3568/3568/3568 3569/3569/3569 3570/3570/3570
f 3569/3569/3569 3571/3571/3571 3570/3570/3570
f 3570/3570/3570 3571/3571/3571 3572/3572/3572
f 3573/3573/3573 3574/3574/3574 3575/3575/3575
f 3574/3574/3574 3576/3576/3576 3575/3575/3575
f 3575/3575/3575 3576/3576/3576 3577/3577/3577
f 3576/3576/3576 3578/3578/3578 3577/3577/3577
f 3577/3577/3577 3578/3578/3578 3579/3579/3579
f 3578/3578/3578 3580/3580/3580 3579/3579/3579
f 3579/3579/3579 3580/3580/3580 3581/3581/3581
f 3580/3580/3580 3582/3582/3582 3581/3581/3581
f 3581/3581/3581 3582/3582/3582 3583/3583/3583
f 3584/3584/3584 3585/3585/3585 3586/3586/3586
f 3585/3585/3585 3587/3587/3587 3586/3586/3586
f 3586/3586/3586 3587/3587/3587 3588/3588/3588
f 3587/3587/3587 3589/3589/3589 3588/3588/3588
f 3588/3588/3588 3589/3589/3589 3590/3590/3590
f 3589/3589/3589 3591/3591/3591 3590/3590/3590
f 3590/3590/3590 3591/3591/3591 3592/3592/3592
f 3591/3591/3591 3593/3593/3593 3592/3592/3592
f 3592/3592/3592 3593/3593/3593 3594/3594/3594
f 3593/3593/3593 3595/3595/3595 3594/3594/3594
f 3594/3594/3594 3595/3595/3595 3596/3596/3596
f 3595/3595/3595 3597/3597/3597 3596/3596/3596
f 3596/3596/3596 3597/3597/3597 3598/3598/3598
f 3597/3597/3597 3599/3599/3599 3598/3598/3598
f 3598/3598/3598 3599/3599/3599 3600/3600/3600
f 3599/3599/3599 3601/3601/3601 3600/3600/3600
f 3600/3600/3600 3601/3601/3601 3602/3602/3602
f 3601/3601/3601 3603/3603/3603 3602/3602/3602
f 3602/3602/3602 3603/3603/3603 3604/3604/3604
f 3603/3603/3603 3605/3605/3605 3604/3604/3604
f 3604/3604/3604 3605/3605/3605 3606/3606/3606
f 3605/3605/3605 3607/3607/3607 3606/3606/3606
f 3606/3606/3606 3607/3607/3607 3608/3608/3608
f 3607/3607/3607 3609/3609/3609 3608/3608/3608
f 3610/3610/3610 3611/3611/3611 3612/3612/3612
f 3611/3611/3611 3613/3613/3613 3612/3612/3612
f 3612/3612/3612 3613/3613/3613 3614/3614/3614
f 3613/3613/3613 3615/3615/3615 3614/3614/3614
f 3614/3614/3614 3615/3615/3615 3616/3616/3616
f 3615/3615/3615 3617/3617/3617 3616/3616/3616
f 3616/3616/3616 3617/3617/3617 3618/3618/3618
f 3617/3617/3617 3619/3619/3619 3618/3618/3618
f 3618/3618/3618 3619/3619/3619 3620/3620/3620
f 3619/3619/3619 3621/3621/3621 3620/3620/3620
f 3620/3620/3620 3621/3621/3621 3622/3622/3622
f 3621/3621/3621 3623/3623/3623 3622/3622/3622
f 3622/3622/3622 3623/3623/3623 3624/3624/3624
f 3623/3623/3623 3625/3625/3625 3624/3624/3624
f 3624/3624/3624 3625/3625/3625 3626/3626/3626
f 3625/3625/3625 3627/3627/3627 3626/3626/3626
f 3626/3626/3626 3627/3627/3627 3628/3628/3628
f 3627/3627/3627 3629/3629/3629 3628/3628/3628
f 3628/3628/3628 3629/3629/3629 3630/3630/3630
f 3629/3629/3629 3631/3631/3631 3630/3630/3630
f 3630/3630/3630 3631/3631/3631 3632/3632/3632
f 3631/3631/3631 3633/3633/3633 3632/3632/3632
f 3632/3632/3632 3633/3633/3633 3634/3634/3634
f 3633/3633/3633 3635/3635/3635 3634/3634/3634
f 3636/3636/3636 3637/3637/3637 3638/3638/3638
f 3639/3639/3639 3640/3640/3640 3641/3641/3641
f 3642/3642/3642 3643/3643/3643 3644/3644/3644
f 3643/3643/3643 3645/3645/3645 3644/3644/3644
f 3644/3644/3644 3645/3645/3645 3646/3646/3646
f 3645/3645/3645 3647/3647/3647 3646/3646/3646
f 3648/3648/3648 3649/3649/3649 3650/3650/3650
f 3649/3649/3649 3651/3651/3651 3650/3650/3650
f 3650/3650/3650 3651/3651/3651 3652/3652/3652
f 3653/3653/3653 3654/3654/3654 3655/3655/3655
f 3654/3654/3654 3656/3656/3656 3655/3655/3655
f 3655/3655/3655 3656/3656/3656 3657/3657/3657
f 3658/3658/3658 3659/3659/3659 3660/3660/3660
f 3659/3659/3659 3661/3661/3661 3660/3660/3660
f 3660/3660/3660 3661/3661/3661 3662/3662/3662
f 3663/3663/3663 3664/3664/3664 3665/3665/3665
f 3664/3664/3664 3666/3666/3666 3665/3665/3665
f 3665/3665/3665 3666/3666/3666 3667/3667/3667
f 3668/3668/3668 3669/3669/3669 3670/3670/3670
f 3669/3669/3669 3671/3671/3671 3670/3670/3670
f 3670/3670/3670 3671/3671/3671 3672/3672/3672
f 3673/3673/3673 3674/3674/3674 3675/3675/3675
f 3674/3674/3674 3676/3676/3676 3675/3675/3675
f 3675/3675/3675 3676/3676/3676 3677/3677/3677
f 3676/3676/3676 3678/3678/3678 3677/3677/3677
f 3677/3677/3677 3678/3678/3678 3679/3679/3679
f 3680/3680/3680 3681/3681/3681 3682/3682/3682
f 3681/3681/3681 3683/3683/3683 3682/3682/3682
f 3682/3682/3682 3683/3683/3683 3684/3684/3684
f 3683/3683/3683 3685/3685/3685 3684/3684/3684
f 3684/3684/3684 3685/3685/3685 3686/3686/3686
f 3685/3685/3685 3687/3687/3687 3686/3686/3686
f 3686/3686/3686 3687/3687/3687 3688/3688/3688
f 3687/3687/3687 3689/3689/3689 3688/3688/3688
f 3688/3688/3688 3689/3689/3689 3690/3690/3690
f 3689/3689/3689 3691/3691/3691 3690/3690/3690
f 3692/3692/3692 3693/3693/3693 3694/3694/3694
f 3693/3693/3693 3695/3695/3695 3694/3694/3694
f 3694/3694/3694 3695/3695/3695 3696/3696/3696
f 3695/3695/3695 3697/3697/3697 3696/3696/3696
f 3696/3696/3696 3697/3697/3697 3698/3698/3698
f 3697/3697/3697 3699/3699/3699 3698/3698/3698
f 3698/3698/3698 3699/3699/3699 3700/3700/3700
f 3699/3699/3699 3701/3701/3701 3700/3700/3700
f 3700/3700/3700 3701/3701/3701 3702/3702/3702
f 3701/3701/3701 3703/3703/3703 3702/3702/3702
f 3704/3704/3704 3705/3705/3705 3706/3706/3706
f 3705/3705/3705 3707/3707/3707 3706/3706/3706
f 3706/3706/3706 3707/3707/3707 3708/3708/3708
f 3707/3707/3707 3709/3709/3709 3708/3708/3708
f 3708/3708/3708 3709/3709/3709 3710/3710/3710
f 3709/3709/3709 3711/3711/3711 3710/3710/3710
f 3710/3710/3710 3711/3711/3711 3712/3712/3712
f 3711/3711/3711 3713/3713/3713 3712/3712/3712
f 3712/3712/3712 3713/3713/3713 3714/3714/3714
f 3713/3713/3713 3715/3715/3715 3714/3714/3714
f 3716/3716/3716 3717/3717/3717 3718/3718/3718
f 3717/3717/3717 3719/3719/3719 3718/3718/3718
f 3720/3720/3720 3721/3721/3721 3722/3722/3722
f 3721/3721/3721 3723/3723/3723 3722/3722/3722
f 3722/3722/3722 3723/3723/3723 3724/3724/3724
f 3723/3723/3723 3725/3725/3725 3724/3724/3724
f 3724/3724/3724 3725/3725/3725 3726/3726/3726
f 3727/3727/3727 3728/3728/3728 3729/3729/3729
f 3728/3728/3728 3730/3730/3730 3729/3729/3729
f 3729/3729/3729 3730/3730/3730 3731/3731/3731
f 3730/3730/3730 3732/3732/3732 3731/3731/3731
f 3731/3731/3731 3732/3732/3732 3733/3733/3733
f 3732/3732/3732 3734/3734/3734 3733/3733/3733
f 3733/3733/3733 3734/3734/3734 3735/3735/3735
f 3734/3734/3734 3736/3736/3736 3735/3735/3735
f 3735/3735/3735 3736/3736/3736 3737/3737/3737
f 3738/3738/3738 3739/3739/3739 3740/3740/3740
f 3739/3739/3739 3741/3741/3741 3740/3740/3740
f 3740/3740/3740 3741/3741/3741 3742/3742/3742
f 3741/3741/3741 3743/3743/3743 3742/3742/3742
f 3742/3742/3742 3743/3743/3743 3744/3744/3744
f 3743/3743/3743 3745/3745/3745 3744/3744/3744
f 3744/3744/3744 3745/3745/3745 3746/3746/3746
f 3745/3745/3745 3747/3747/3747 3746/3746/3746
f 3746/3746/3746 3747/3747/3747 3748/3748/3748
f 3749/3749/3749 3750/3750/3750 3751/3751/3751
f 3752/3752/3752 3753/3753/3753 3754/3754/3754
f 3755/3755/3755 3756/3756/3756 3757/3757/3757
f 3758/3758/3758 3759/3759/3759 3760/3760/3760
f 3759/3759/3759 3761/3761/3761 3760/3760/3760
f 3762/3762/3762 3763/3763/3763 3764/3764/3764
f 3763/3763/3763 3765/3765/3765 3764/3764/3764
f 3764/3764/3764 3765/3765/3765 3766/3766/3766
f 3767/3767/3767 3768/3768/3768 3769/3769/3769
f 3768/3768/3768 3770/3770/3770 3769/3769/3769
f 3769/3769/3769 3770/3770/3770 3771/3771/3771
f 3772/3772/3772 3773/3773/3773 3774/3774/3774
f 3773/3773/3773 3775/3775/3775 3774/3774/3774
f 3774/3774/3774 3775/3775/3775 3776/3776/3776
f 3777/3777/3777 3778/3778/3778 3779/3779/3779
f 3778/3778/3778 3780/3780/3780 3779/3779/3779
f 3779/3779/3779 3780/3780/3780 3781/3781/3781
f 3782/3782/3782 3783/3783/3783 3784/3784/3784
f 3783/3783/3783 3785/3785/3785 3784/3784/3784
f 3784/3784/3784 3785/3785/3785 3786/3786/3786
f 3787/3787/3787 3788/3788/3788 3789/3789/3789
f 3788/3788/3788 3790/3790/3790 3789/3789/3789
f 3789/3789/3789 3790/3790/3790 3791/3791/3791
f 3790/3790/3790 3792/3792/3792 3791/3791/3791
f 3791/3791/3791 3792/3792/3792 3793/3793/3793
f 3794/3794/3794 3795/3795/3795 3796/3796/3796
f 3795/3795/3795 3797/3797/3797 3796/3796/3796
f 3796/3796/3796 3797/3797/3797 3798/3798/3798
f 3797/3797/3797 3799/3799/3799 3798/3798/3798
f 3798/3798/3798 3799/3799/3799 3800/3800/3800
f 3799/3799/3799 3801/3801/3801 3800/3800/3800
f 3800/3800/3800 3801/3801/3801 3802/3802/3802
f 3801/3801/3801 3803/3803/3803 3802/3802/3802
f 3804/3804/3804 3805/3805/3805 3806/3806/3806
f 3805/3805/3805 3807/3807/3807 3806/3806/3806
f 3806/3806/3806 3807/3807/3807 3808/3808/3808
f 3807/3807/3807 3809/3809/3809 3808/3808/3808
f 3808/3808/3808 3809/3809/3809 3810/3810/3810
f 3809/3809/3809 3811/3811/3811 3810/3810/3810
f 3810/3810/3810 3811/3811/3811 3812/3812/3812
f 3811/3811/3811 3813/3813/3813 3812/3812/3812
f 3812/3812/3812 3813/3813/3813 3814/3814/3814
f 3813/3813/3813 3815/3815/3815 3814/3814/3814
f 3814/3814/3814 3815/3815/3815 3816/3816/3816
f 3815/3815/3815 3817/3817/3817 3816/3816/3816
f 3816/3816/3816 3817/3817/3817 3818/3818/3818
f 3819/3819/3819 3820/3820/3820 3821/3821/3821
f 3820/3820/3820 3822/3822/3822 3821/3821/3821
f 3821/3821/3821 3822/3822/3822 3823/3823/3823
f 3822/3822/3822 3824/3824/3824 3823/3823/3823
f 3823/3823/3823 3824/3824/3824 3825/3825/3825
f 3824/3824/3824 3826/3826/3826 3825/3825/3825
f 3825/3825/3825 3826/3826/3826 3827/3827/3827
f 3826/3826/3826 3828/3828/3828 3827/3827/3827
f 3827/3827/3827 3828/3828/3828 3829/3829/3829
f 3828/3828/3828 3830/3830/3830 3829/3829/3829
f 3831/3831/3831 3832/3832/3832 3833/3833/3833
f 3832/3832/3832 3834/3834/3834 3833/3833/3833
f 3835/3835/3835 3836/3836/3836 3837/3837/3837
f 3836/3836/3836 3838/3838/3838 3837/3837/3837
f 3837/3837/3837 3838/3838/3838 3839/3839/3839
f 3838/3838/3838 3840/3840/3840 3839/3839/3839
f 3839/3839/3839 3840/3840/3840 3841/3841/3841
f 3842/3842/3842 3843/3843/3843 3844/3844/3844
f 3843/3843/3843 3845/3845/3845 3844/3844/3844
f 3844/3844/3844 3845/3845/3845 3846/3846/3846
f 3845/3845/3845 3847/3847/3847 3846/3846/3846
f 3846/3846/3846 3847/3847/3847 3848/3848/3848
f 3847/3847/3847 3849/3849/3849 3848/3848/3848
f 3848/3848/3848 3849/3849/3849 3850/3850/3850
f 3849/3849/3849 3851/3851/3851 3850/3850/3850
f 3850/3850/3850 3851/3851/3851 3852/3852/3852
f 3853/3853/3853 3854/3854/3854 3855/3855/3855
f 3854/3854/3854 3856/3856/3856 3855/3855/3855
f 3855/3855/3855 3856/3856/3856 3857/3857/3857
f 3856/3856/3856 3858/3858/3858 3857/3857/3857
f 3857/3857/3857 3858/3858/3858 3859/3859/3859
f 3858/3858/3858 3860/3860/3860 3859/3859/3859
f 3859/3859/3859 3860/3860/3860 3861/3861/3861
f 3860/3860/3860 3862/3862/3862 3861/3861/3861
f 3861/3861/3861 3862/3862/3862 3863/3863/3863
f 3864/3864/3864 3865/3865/3865 3866/3866/3866
f 3865/3865/3865 3867/3867/3867 3866/3866/3866
f 3866/3866/3866 3867/3867/3867 3868/3868/3868
f 3869/3869/3869 3870/3870/3870 3871/3871/3871
f 3870/3870/3870 3872/3872/3872 3871/3871/3871
f 3871/3871/3871 3872/3872/3872 3873/3873/3873
f 3874/3874/3874 3875/3875/3875 3876/3876/3876
f 3875/3875/3875 3877/3877/3877 3876/3876/3876
f 3876/3876/3876 3877/3877/3877 3878/3878/3878
f 3879/3879/3879 3880/3880/3880 3881/3881/3881
f 3880/3880/3880 3882/3882/3882 3881/3881/3881
f 3881/3881/3881 3882/3882/3882 3883/3883/3883
f 3884/3884/3884 3885/3885/3885 3886/3886/3886
f 3885/3885/3885 3887/3887/3887 3886/3886/3886
f 3886/3886/3886 3887/3887/3887 3888/3888/3888
f 3889/3889/3889 3890/3890/3890 3891/3891/3891
f 3890/3890/3890 3892/3892/3892 3891/3891/3891
f 3891/3891/3891 3892/3892/3892 3893/3893/3893
f 3894/3894/3894 3895/3895/3895 3896/3896/3896
f 3895/3895/3895 3897/3897/3897 3896/3896/3896
f 3896/3896/3896 3897/3897/3897 3898/3898/3898
f 3897/3897/3897 3899/3899/3899 3898/3898/3898
f 3898/3898/3898 3899/3899/3899 3900/3900/3900
f 3899/3899/3899 3901/3901/3901 3900/3900/3900
f 3900/3900/3900 3901/3901/3901 3902/3902/3902
f 3901/3901/3901 3903/3903/3903 3902/3902/3902
f 3902/3902/3902 3903/3903/3903 3904/3904/3904
f 3903/3903/3903 3905/3905/3905 3904/3904/3904
f 3904/3904/3904 3905/3905/3905 3906/3906/3906
f 3905/3905/3905 3907/3907/3907 3906/3906/3906
f 3906/3906/3906 3907/3907/3907 3908/3908/3908
f 3907/3907/3907 3909/3909/3909 3908/3908/3908
f 3908/3908/3908 3909/3909/3909 3910/3910/3910
f 3909/3909/3909 3911/3911/3911 3910/3910/3910
f 3910/3910/3910 3911/3911/3911 3912/3912/3912
f 3911/3911/3911 3913/3913/3913 3912/3912/3912
f 3912/3912/3912 3913/3913/3913 3914/3914/3914
f 3913/3913/3913 3915/3915/3915 3914/3914/3914
f 3914/3914/3914 3915/3915/3915 3916/3916/3916
f 3915/3915/3915 3917/3917/3917 3916/3916/3916
f 3916/3916/3916 3917/3917/3917 3918/3918/3918
f 3917/3917/3917 3919/3919/3919 3918/3918/3918
f 3920/3920/3920 3921/3921/3921 3922/3922/3922
f 3921/3921/3921 3923/3923/3923 3922/3922/3922
f 3924/3924/3924 3925/3925/3925 3926/3926/3926
f 3925/3925/3925 3927/3927/3927 3926/3926/3926
f 3926/3926/3926 3927/3927/3927 3928/3928/3928
f 3929/3929/3929 3930/3930/3930 3931/3931/3931
f 3930/3930/3930 3932/3932/3932 3931/3931/3931
f 3931/3931/3931 3932/3932/3932 3933/3933/3933
f 3934/3934/3934 3935/3935/3935 3936/3936/3936
f 3935/3935/3935 3937/3937/3937 3936/3936/3936
f 3936/3936/3936 3937/3937/3937 3938/3938/3938
f 3939/3939/3939 3940/3940/3940 3941/3941/3941
f 3940/3940/3940 3942/3942/3942 3941/3941/3941
f 3941/3941/3941 3942/3942/3942 3943/3943/3943
f 3944/3944/3944 3945/3945/3945 3946/3946/3946
f 3945/3945/3945 3947/3947/3947 3946/3946/3946
f 3946/3946/3946 3947/3947/3947 3948/3948/3948
f 3947/3947/3947 3949/3949/3949 3948/3948/3948
f 3950/3950/3950 3951/3951/3951 3952/3952/3952
f 3953/3953/3953 3954/3954/3954 3955/3955/3955
f 3956/3956/3956 3957/3957/3957 3958/3958/3958
f 3957/3957/3957 3959/3959/3959 3958/3958/3958
f 3958/3958/3958 3959/3959/3959 3960/3960/3960
f 3959/3959/3959 3961/3961/3961 3960/3960/3960
f 3962/3962/3962 3963/3963/3963 3964/3964/3964
f 3963/3963/3963 3965/3965/3965 3964/3964/3964
f 3964/3964/3964 3965/3965/3965 3966/3966/3966
f 3967/3967/3967 3968/3968/3968 3969/3969/3969
f 3968/3968/3968 3970/3970/3970 3969/3969/3969
f 3969/3969/3969 3970/3970/3970 3971/3971/3971
f 3972/3972/3972 3973/3973/3973 3974/3974/3974
f 3973/3973/3973 3975/3975/3975 3974/3974/3974
f 3974/3974/3974 3975/3975/3975 3976/3976/3976
f 3977/3977/3977 3978/3978/3978 3979/3979/3979
f 3978/3978/3978 3980/3980/3980 3979/3979/3979
f 3979/3979/3979 3980/3980/3980 3981/3981/3981
f 3982/3982/3982 3983/3983/3983 3984/3984/3984
f 3983/3983/3983 3985/3985/3985 3984/3984/3984
f 3984/3984/3984 3985/3985/3985 3986/3986/3986
f 3987/3987/3987 3988/3988/3988 3989/3989/3989
f 3988/3988/3988 3990/3990/3990 3989/3989/3989
f 3989/3989/3989 3990/3990/3990 3991/3991/3991
f 3990/3990/3990 3992/3992/3992 3991/3991/3991
f 3991/3991/3991 3992/3992/3992 3993/3993/3993
f 3994/3994/3994 3995/3995/3995 3996/3996/3996
f 3995/3995/3995 3997/3997/3997 3996/3996/3996
f 3996/3996/3996 3997/3997/3997 3998/3998/3998
f 3997/3997/3997 3999/3999/3999 3998/3998/3998
f 3998/3998/3998 3999/3999/3999 4000/4000/4000
f 3999/3999/3999 4001/4001/4001 4000/4000/4000
f 4000/4000/4000 4001/4001/4001 4002/4002/4002
f 4001/4001/4001 4003/4003/4003 4002/4002/4002
f 4002/4002/4002 4003/4003/4003 4004/4004/4004
f 4003/4003/4003 4005/4005/4005 4004/4004/4004
f 4006/4006/4006 4007/4007/4007 4008/4008/4008
f 4007/4007/4007 4009/4009/4009 4008/4008/4008
f 4008/4008/4008 4009/4009/4009 4010/4010/4010
f 4009/4009/4009 4011/4011/4011 4010/4010/4010
f 4010/4010/4010 4011/4011/4011 4012/4012/4012
f 4011/4011/4011 4013/4013/4013 4012/4012/4012
f 4012/4012/4012 4013/4013/4013 4014/4014/4014
f 4013/4013/4013 4015/4015/4015 4014/4014/4014
f 4014/4014/4014 4015/4015/4015 4016/4016/4016
f 4015/4015/4015 4017/4017/4017 4016/4016/4016
f 4018/4018/4018 4019/4019/4019 4020/4020/4020
f 4019/4019/4019 4021/4021/4021 4020/4020/4020
f 4020/4020/4020 4021/4021/4021 4022/4022/4022
f 4021/4021/4021 4023/4023/4023 4022/4022/4022
f 4022/4022/4022 4023/4023/4023 4024/4024/4024
f 4023/4023/4023 4025/4025/4025 4024/4024/4024
f 4024/4024/4024 4025/4025/4025 4026/4026/4026
f 4025/4025/4025 4027/4027/4027 4026/4026/4026
f 4026/4026/4026 4027/4027/4027 4028/4028/4028
f 4027/4027/4027 4029/4029/4029 4028/4028/4028
f 4030/4030/4030 4031/4031/4031 4032/4032/4032
f 4031/4031/4031 4033/4033/4033 4032/4032/4032
f 4034/4034/4034 4035/4035/4035 4036/4036/4036
f 4035/4035/4035 4037/4037/4037 4036/4036/4036
f 4036/4036/4036 4037/4037/4037 4038/4038/4038
f 4037/4037/4037 4039/4039/4039 4038/4038/4038
f 4038/4038/4038 4039/4039/4039 4040/4040/4040
f 4041/4041/4041 4042/4042/4042 4043/4043/4043
f 4042/4042/4042 4044/4044/4044 4043/4043/4043
f 4043/4043/4043 4044/4044/4044 4045/4045/4045
f 4044/4044/4044 4046/4046/4046 4045/4045/4045
f 4045/4045/4045 4046/4046/4046 4047/4047/4047
f 4046/4046/4046 4048/4048/4048 4047/4047/4047
f 4047/4047/4047 4048/4048/4048 4049/4049/4049
f 4048/4048/4048 4050/4050/4050 4049/4049/4049
f 4049/4049/4049 4050/4050/4050 4051/4051/4051
f 4052/4052/4052 4053/4053/4053 4054/4054/4054
f 4053/4053/4053 4055/4055/4055 4054/4054/4054
f 4054/4054/4054 4055/4055/4055 4056/4056/4056
f 4055/4055/4055 4057/4057/4057 4056/4056/4056
f 4056/4056/4056 4057/4057/4057 4058/4058/4058
f 4057/4057/4057 4059/4059/4059 4058/4058/4058
f 4058/4058/4058 4059/4059/4059 4060/4060/4060
f 4059/4059/4059 4061/4061/4061 4060/4060/4060
f 4060/4060/4060 4061/4061/4061 4062/4062/4062
f 4063/4063/4063 4064/4064/4064 4065/4065/4065
f 4066/4066/4066 4067/4067/4067 4068/4068/4068
f 4069/4069/4069 4070/4070/4070 4071/4071/4071
f 4070/4070/4070 4072/4072/4072 4071/4071/4071
f 4071/4071/4071 4072/4072/4072 4073/4073/4073
f 4072/4072/4072 4074/4074/4074 4073/4073/4073
f 4075/4075/4075 4076/4076/4076 4077/4077/4077
f 4076/4076/4076 4078/4078/4078 4077/4077/4077
f 4077/4077/4077 4078/4078/4078 4079/4079/4079
f 4080/4080/4080 4081/4081/4081 4082/4082/4082
f 4081/4081/4081 4083/4083/4083 4082/4082/4082
f 4082/4082/4082 4083/4083/4083 4084/4084/4084
f 4085/4085/4085 4086/4086/4086 4087/4087/4087
f 4086/4086/4086 4088/4088/4088 4087/4087/4087
f 4087/4087/4087 4088/4088/4088 4089/4089/4089
f 4090/4090/4090 4091/4091/4091 4092/4092/4092
f 4091/4091/4091 4093/4093/4093 4092/4092/4092
f 4092/4092/4092 4093/4093/4093 4094/4094/4094
f 4095/4095/4095 4096/4096/4096 4097/4097/4097
f 4096/4096/4096 4098/4098/4098 4097/4097/4097
f 4097/4097/4097 4098/4098/4098 4099/4099/4099
f 4100/4100/4100 4101/4101/4101 4102/4102/4102
f 4101/4101/4101 4103/4103/4103 4102/4102/4102
f 4102/4102/4102 4103/4103/4103 4104/4104/4104
f 4103/4103/4103 4105/4105/4105 4104/4104/4104
f 4104/4104/4104 4105/4105/4105 4106/4106/4106
f 4107/4107/4107 4108/4108/4108 4109/4109/4109
f 4108/4108/4108 4110/4110/4110 4109/4109/4109
f 4109/4109/4109 4110/4110/4110 4111/4111/4111
f 4110/4110/4110 4112/4112/4112 4111/4111/4111
f 4111/4111/4111 4112/4112/4112 4113/4113/4113
f 4112/4112/4112 4114/4114/4114 4113/4113/4113
f 4113/4113/4113 4114/4114/4114 4115/4115/4115
f 4114/4114/4114 4116/4116/4116 4115/4115/4115
f 4115/4115/4115 4116/4116/4116 4117/4117/4117
f 4116/4116/4116 4118/4118/4118 4117/4117/4117
f 4119/4119/4119 4120/4120/4120 4121/4121/4121
f 4120/4120/4120 4122/4122/4122 4121/4121/4121
f 4121/4121/4121 4122/4122/4122 4123/4123/4123
f 4122/4122/4122 4124/4124/4124 4123/4123/4123
f 4123/4123/4123 4124/4124/4124 4125/4125/4125
f 4124/4124/4124 4126/4126/4126 4125/4125/4125
f 4125/4125/4125 4126/4126/4126 4127/4127/4127
f 4126/4126/4126 4128/4128/4128 4127/4127/4127
f 4127/4127/4127 4128/4128/4128 4129/4129/4129
f 4128/4128/4128 4130/4130/4130 4129/4129/4129
f 4131/4131/4131 4132/4132/4132 4133/4133/4133
f 4132/4132/4132 4134/4134/4134 4133/4133/4133
f 4133/4133/4133 4134/4134/4134 4135/4135/4135
f 4134/4134/4134 4136/4136/4136 4135/4135/4135
f 4135/4135/4135 4136/4136/4136 4137/4137/4137
f 4136/4136/4136 4138/4138/4138 4137/4137/4137
f 4137/4137/4137 4138/4138/4138 4139/4139/4139
f 4138/4138/4138 4140/4140/4140 4139/4139/4139
f 4139/4139/4139 4140/4140/4140 4141/4141/4141
f 4140/4140/4140 4142/4142/4142 4141/4141/4141
f 4143/4143/4143 4144/4144/4144 4145/4145/4145
f 4144/4144/4144 4146/4146/4146 4145/4145/4145
f 4147/4147/4147 4148/4148/4148 4149/4149/4149
f 4148/4148/4148 4150/4150/4150 4149/4149/4149
f 4149/4149/4149 4150/4150/4150 4151/4151/4151
f 4150/4150/4150 4152/4152/4152 4151/4151/4151
f 4151/4151/4151 4152/4152/4152 4153/4153/4153
f 4154/4154/4154 4155/4155/4155 4156/4156/4156
f 4155/4155/4155 4157/4157/4157 4156/4156/4156
f 4156/4156/4156 4157/4157/4157 4158/4158/4158
f 4157/4157/4157 4159/4159/4159 4158/4158/4158
f 4158/4158/4158 4159/4159/4159 4160/4160/4160
f 4159/4159/4159 4161/4161/4161 4160/4160/4160
f 4160/4160/4160 4161/4161/4161 4162/4162/4162
f 4161/4161/4161 4163/4163/4163 4162/4162/4162
f 4162/4162/4162 4163/4163/4163 4164/4164/4164
f 4165/4165/4165 4166/4166/4166 4167/4167/4167
f 4166/4166/4166 4168/4168/4168 4167/4167/4167
f 4167/4167/4167 4168/4168/4168 4169/4169/4169
f 4168/4168/4168 4170/4170/4170 4169/4169/4169
f 4169/4169/4169 4170/4170/4170 4171/4171/4171
f 4170/4170/4170 4172/4172/4172 4171/4171/4171
f 4171/4171/4171 4172/4172/4172 4173/4173/4173
f 4172/4172/4172 4174/4174/4174 4173/4173/4173
f 4173/4173/4173 4174/4174/4174 4175/4175/4175
f 4176/4176/4176 4177/4177/4177 4178/4178/4178
f 4177/4177/4177 4179/4179/4179 4178/4178/4178
f 4180/4180/4180 4181/4181/4181 4182/4182/4182
f 4181/4181/4181 4183/4183/4183 4182/4182/4182
f 4182/4182/4182 4183/4183/4183 4184/4184/4184
f 4185/4185/4185 4186/4186/4186 4187/4187/4187
f 4186/4186/4186 4188/4188/4188 4187/4187/4187
f 4187/4187/4187 4188/4188/4188 4189/4189/4189
f 4190/4190/4190 4191/4191/4191 4192/4192/4192
f 4191/4191/4191 4193/4193/4193 4192/4192/4192
f 4192/4192/4192 4193/4193/4193 4194/4194/4194
f 4195/4195/4195 4196/4196/4196 4197/4197/4197
f 4196/4196/4196 4198/4198/4198 4197/4197/4197
f 4197/4197/4197 4198/4198/4198 4199/4199/4199
f 4200/4200/4200 4201/4201/4201 4202/4202/4202
f 4201/4201/4201 4203/4203/4203 4202/4202/4202
f 4202/4202/4202 4203/4203/4203 4204/4204/4204
f 4203/4203/4203 4205/4205/4205 4204/4204/4204
f 4206/4206/4206 4207/4207/4207 4208/4208/4208
f 4207/4207/4207 4209/4209/4209 4208/4208/4208
f 4208/4208/4208 4209/4209/4209 4210/4210/4210
f 4209/4209/4209 4211/4211/4211 4210/4210/4210
f 4210/4210/4210 4211/4211/4211 4212/4212/4212
f 4211/4211/4211 4213/4213/4213 4212/4212/4212
f 4212/4212/4212 4213/4213/4213 4214/4214/4214
f 4213/4213/4213 4215/4215/4215 4214/4214/4214
f 4214/4214/4214 4215/4215/4215 4216/4216/4216
f 4215/4215/4215 4217/4217/4217 4216/4216/4216
f 4216/4216/4216 4217/4217/4217 4218/4218/4218
f 4217/4217/4217 4219/4219/4219 4218/4218/4218
f 4218/4218/4218 4219/4219/4219 4220/4220/4220
f 4219/4219/4219 4221/4221/4221 4220/4220/4220
f 4220/4220/4220 4221/4221/4221 4222/4222/4222
f 4221/4221/4221 4223/4223/4223 4222/4222/4222
f 4222/4222/4222 4223/4223/4223 4224/4224/4224
f 4223/4223/4223 4225/4225/4225 4224/4224/4224
f 4224/4224/4224 4225/4225/4225 4226/4226/4226
f 4225/4225/4225 4227/4227/4227 4226/4226/4226
f 4226/4226/4226 4227/4227/4227 4228/4228/4228
f 4227/4227/4227 4229/4229/4229 4228/4228/4228
f 4228/4228/4228 4229/4229/4229 4230/4230/4230
f 4229/4229/4229 4231/4231/4231 4230/4230/4230
f 4232/4232/4232 4233/4233/4233 4234/4234/4234
f 4233/4233/4233 4235/4235/4235 4234/4234/4234
f 4234/4234/4234 4235/4235/4235 4236/4236/4236
f 4237/4237/4237 4238/4238/4238 4239/4239/4239
f 4238/4238/4238 4240/4240/4240 4239/4239/4239
f 4239/4239/4239 4240/4240/4240 4241/4241/4241
f 4242/4242/4242 4243/4243/4243 4244/4244/4244
f 4243/4243/4243 4245/4245/4245 4244/4244/4244
f 4244/4244/4244 4245/4245/4245 4246/4246/4246
f 4247/4247/4247 4248/4248/4248 4249/4249/4249
f 4248/4248/4248 4250/4250/4250 4249/4249/4249
f 4249/4249/4249 4250/4250/4250 4251/4251/4251
f 4252/4252/4252 4253/4253/4253 4254/4254/4254
f 4253/4253/4253 4255/4255/4255 4254/4254/4254
f 4254/4254/4254 4255/4255/4255 4256/4256/4256
f 4257/4257/4257 4258/4258/4258 4259/4259/4259
f 4258/4258/4258 4260/4260/4260 4259/4259/4259
f 4259/4259/4259 4260/4260/4260 4261/4261/4261
f 4262/4262/4262 4263/4263/4263 4264/4264/4264
f 4265/4265/4265 4266/4266/4266 4267/4267/4267
f 4268/4268/4268 4269/4269/4269 4270/4270/4270
f 4271/4271/4271 4272/4272/4272 4273/4273/4273
f 4272/4272/4272 4274/4274/4274 4273/4273/4273
f 4275/4275/4275 4276/4276/4276 4277/4277/4277
f 4276/4276/4276 4278/4278/4278 4277/4277/4277
f 4277/4277/4277 4278/4278/4278 4279/4279/4279
f 4280/4280/4280 4281/4281/4281 4282/4282/4282
f 4281/4281/4281 4283/4283/4283 4282/4282/4282
f 4282/4282/4282 4283/4283/4283 4284/4284/4284
f 4285/4285/4285 4286/4286/4286 4287/4287/4287
f 4286/4286/4286 4288/4288/4288 4287/4287/4287
f 4287/4287/4287 4288/4288/4288 4289/4289/4289
f 4290/4290/4290 4291/4291/4291 4292/4292/4292
f 4291/4291/4291 4293/4293/4293 4292/4292/4292
f 4292/4292/4292 4293/4293/4293 4294/4294/4294
f 4295/4295/4295 4296/4296/4296 4297/4297/4297
f 4296/4296/4296 4298/4298/4298 4297/4297/4297
f 4297/4297/4297 4298/4298/4298 4299/4299/4299
f 4300/4300/4300 4301/4301/4301 4302/4302/4302
f 4301/4301/4301 4303/4303/4303 4302/4302/4302
f 4302/4302/4302 4303/4303/4303 4304/4304/4304
f 4303/4303/4303 4305/4305/4305 4304/4304/4304
f 4304/4304/4304 4305/4305/4305 4306/4306/4306
f 4307/4307/4307 4308/4308/4308 4309/4309/4309
f 4308/4308/4308 4310/4310/4310 4309/4309/4309
f 4309/4309/4309 4310/4310/4310 4311/4311/4311
f 4310/4310/4310 4312/4312/4312 4311/4311/4311
f 4311/4311/4311 4312/4312/4312 4313/4313/4313
f 4312/4312/4312 4314/4314/4314 4313/4313/4313
f 4313/4313/4313 4314/4314/4314 4315/4315/4315
f 4314/4314/4314 4316/4316/4316 4315/4315/4315
f 4317/4317/4317 4318/4318/4318 4319/4319/4319
f 4318/4318/4318 4320/4320/4320 4319/4319/4319
f 4319/4319/4319 4320/4320/4320 4321/4321/4321
f 4320/4320/4320 4322/4322/4322 4321/4321/4321
f 4321/4321/4321 4322/4322/4322 4323/4323/4323
f 4322/4322/4322 4324/4324/4324 4323/4323/4323
f 4323/4323/4323 4324/4324/4324 4325/4325/4325
f 4324/4324/4324 4326/4326/4326 4325/4325/4325
f 4325/4325/4325 4326/4326/4326 4327/4327/4327
f 4326/4326/4326 4328/4328/4328 4327/4327/4327
f 4327/4327/4327 4328/4328/4328 4329/4329/4329
f 4328/4328/4328 4330/4330/4330 4329/4329/4329
f 4329/4329/4329 4330/4330/4330 4331/4331/4331
f 4332/4332/4332 4333/4333/4333 4334/4334/4334
f 4333/4333/4333 4335/4335/4335 4334/4334/4334
f 4334/4334/4334 4335/4335/4335 4336/4336/4336
f 4335/4335/4335 4337/4337/4337 4336/4336/4336
f 4336/4336/4336 4337/4337/4337 4338/4338/4338
f 4337/4337/4337 4339/4339/4339 4338/4338/4338
f 4338/4338/4338 4339/4339/4339 4340/4340/4340
f 4339/4339/4339 4341/4341/4341 4340/4340/4340
f 4340/4340/4340 4341/4341/4341 4342/4342/4342
f 4341/4341/4341 4343/4343/4343 4342/4342/4342
f 4344/4344/4344 4345/4345/4345 4346/4346/4346
f 4345/4345/4345 4347/4347/4347 4346/4346/4346
f 4348/4348/4348 4349/4349/4349 4350/4350/4350
f 4349/4349/4349 4351/4351/4351 4350/4350/4350
f 4350/4350/4350 4351/4351/4351 4352/4352/4352
f 4351/4351/4351 4353/4353/4353 4352/4352/4352
f 4352/4352/4352 4353/4353/4353 4354/4354/4354
f 4355/4355/4355 4356/4356/4356 4357/4357/4357
f 4356/4356/4356 4358/4358/4358 4357/4357/4357
f 4357/4357/4357 4358/4358/4358 4359/4359/4359
f 4358/4358/4358 4360/4360/4360 4359/4359/4359
f 4359/4359/4359 4360/4360/4360 4361/4361/4361
f 4360/4360/4360 4362/4362/4362 4361/4361/4361
f 4361/4361/4361 4362/4362/4362 4363/4363/4363
f 4362/4362/4362 4364/4364/4364 4363/4363/4363
f 4363/4363/4363 4364/4364/4364 4365/4365/4365
f 4366/4366/4366 4367/4367/4367 4368/4368/4368
f 4367/4367/4367 4369/4369/4369 4368/4368/4368
f 4368/4368/4368 4369/4369/4369 4370/4370/4370
f 4369/4369/4369 4371/4371/4371 4370/4370/4370
f 4370/4370/4370 4371/4371/4371 4372/4372/4372
f 4371/4371/4371 4373/4373/4373 4372/4372/4372
f 4372/4372/4372 4373/4373/4373 4374/4374/4374
f 4373/4373/4373 4375/4375/4375 4374/4374/4374
f 4374/4374/4374 4375/4375/4375 4376/4376/4376
f 4377/4377/4377 4378/4378/4378 4379/4379/4379
f 4380/4380/4380 4381/4381/4381 4382/4382/4382
f 4383/4383/4383 4384/4384/4384 4385/4385/4385
f 4384/4384/4384 4386/4386/4386 4385/4385/4385
f 4385/4385/4385 4386/4386/4386 4387/4387/4387
f 4386/4386/4386 4388/4388/4388 4387/4387/4387
f 4389/4389/4389 4390/4390/4390 4391/4391/4391
f 4390/4390/4390 4392/4392/4392 4391/4391/4391
f 4391/4391/4391 4392/4392/4392 4393/4393/4393
f 4394/4394/4394 4395/4395/4395 4396/4396/4396
f 4395/4395/4395 4397/4397/4397 4396/4396/4396
f 4396/4396/4396 4397/4397/4397 4398/4398/4398
f 4399/4399/4399 4400/4400/4400 4401/4401/4401
f 4400/4400/4400 4402/4402/4402 4401/4401/4401
f 4401/4401/4401 4402/4402/4402 4403/4403/4403
f 4404/4404/4404 4405/4405/4405 4406/4406/4406
f 4405/4405/4405 4407/4407/4407 4406/4406/4406
f 4406/4406/4406 4407/4407/4407 4408/4408/4408
f 4409/4409/4409 4410/4410/4410 4411/4411/4411
f 4410/4410/4410 4412/4412/4412 4411/4411/4411
f 4411/4411/4411 4412/4412/4412 4413/4413/4413
f 4414/4414/4414 4415/4415/4415 4416/4416/4416
f 4415/4415/4415 4417/4417/4417 4416/4416/4416
f 4416/4416/4416 4417/4417/4417 4418/4418/4418
f 4417/4417/4417 4419/4419/4419 4418/4418/4418
f 4418/4418/4418 4419/4419/4419 4420/4420/4420
f 4421/4421/4421 4422/4422/4422 4423/4423/4423
f 4422/4422/4422 4424/4424/4424 4423/4423/4423
f 4423/4423/4423 4424/4424/4424 4425/4425/4425
f 4424/4424/4424 4426/4426/4426 4425/4425/4425
f 4425/4425/4425 4426/4426/4426 4427/4427/4427
f 4426/4426/4426 4428/4428/4428 4427/4427/4427
f 4427/4427/4427 4428/4428/4428 4429/4429/4429
f 4428/4428/4428 4430/4430/4430 4429/4429/4429
f 4429/4429/4429 4430/4430/4430 4431/4431/4431
f 4430/4430/4430 4432/4432/4432 4431/4431/4431
f 4433/4433/4433 4434/4434/4434 4435/4435/4435
f 4434/4434/4434 4436/4436/4436 4435/4435/4435
f 4435/4435/4435 4436/4436/4436 4437/4437/4437
f 4436/4436/4436 4438/4438/4438 4437/4437/4437
f 4437/4437/4437 4438/4438/4438 4439/4439/4439
f 4438/4438/4438 4440/4440/4440 4439/4439/4439
f 4439/4439/4439 4440/4440/4440 4441/4441/4441
f 4440/4440/4440 4442/4442/4442 4441/4441/4441
f 4441/4441/4441 4442/4442/4442 4443/4443/4443
f 4442/4442/4442 4444/4444/4444 4443/4443/4443
f 4445/4445/4445 4446/4446/4446 4447/4447/4447
f 4446/4446/4446 4448/4448/4448 4447/4447/4447
f 4447/4447/4447 4448/4448/4448 4449/4449/4449
f 4448/4448/4448 4450/4450/4450 4449/4449/4449
f 4449/4449/4449 4450/4450/4450 4451/4451/4451
f 4450/4450/4450 4452/4452/4452 4451/4451/4451
f 4451/4451/4451 4452/4452/4452 4453/4453/4453
f 4452/4452/4452 4454/4454/4454 4453/4453/4453
f 4453/4453/4453 4454/4454/4454 4455/4455/4455
f 4454/4454/4454 4456/4456/4456 4455/4455/4455
f 4457/4457/4457 4458/4458/4458 4459/4459/4459
f 4458/4458/4458 4460/4460/4460 4459/4459/4459
f 4461/4461/4461 4462/4462/4462 4463/4463/4463
f 4462/4462/4462 4464/4464/4464 4463/4463/4463
f 4463/4463/4463 4464/4464/4464 4465/4465/4465
f 4464/4464/4464 4466/4466/4466 4465/4465/4465
f 4465/4465/4465 4466/4466/4466 4467/4467/4467
f 4468/4468/4468 4469/4469/4469 4470/4470/4470
f 4469/4469/4469 4471/4471/4471 4470/4470/4470
f 4470/4470/4470 4471/4471/4471 4472/4472/4472
f 4471/4471/4471 4473/4473/4473 4472/4472/4472
f 4472/4472/4472 4473/4473/4473 4474/4474/4474
f 4473/4473/4473 4475/4475/4475 4474/4474/4474
f 4474/4474/4474 4475/4475/4475 4476/4476/4476
f 4475/4475/4475 4477/4477/4477 4476/4476/4476
f 4476/4476/4476 4477/4477/4477 4478/4478/4478
f 4479/4479/4479 4480/4480/4480 4481/4481/4481
f 4480/4480/4480 4482/4482/4482 4481/4481/4481
f 4481/4481/4481 4482/4482/4482 4483/4483/4483
f 4482/4482/4482 4484/4484/4484 4483/4483/4483
f 4483/4483/4483 4484/4484/4484 4485/4485/4485
f 4484/4484/4484 4486/4486/4486 4485/4485/4485
f 4485/4485/4485 4486/4486/4486 4487/4487/4487
f 4486/4486/4486 4488/4488/4488 4487/4487/4487
f 4487/4487/4487 4488/4488/4488 4489/4489/4489
f 4490/4490/4490 4491/4491/4491 4492/4492/4492
f 4491/4491/4491 4493/4493/4493 4492/4492/4492
f 4492/4492/4492 4493/4493/4493 4494/4494/4494
f 4493/4493/4493 4495/4495/4495 4494/4494/4494
f 4494/4494/4494 4495/4495/4495 4496/4496/4496
f 4495/4495/4495 4497/4497/4497 4496/4496/4496
f 4496/4496/4496 4497/4497/4497 4498/4498/4498
f 4497/4497/4497 4499/4499/4499 4498/4498/4498
f 4498/4498/4498 4499/4499/4499 4500/4500/4500
f 4499/4499/4499 4501/4501/4501 4500/4500/4500
f 4500/4500/4500 4501/4501/4501 4502/4502/4502
f 4501/4501/4501 4503/4503/4503 4502/4502/4502
f 4502/4502/4502 4503/4503/4503 4504/4504/4504
f 4503/4503/4503 4505/4505/4505 4504/4504/4504
f 4504/4504/4504 4505/4505/4505 4506/4506/4506
f 4505/4505/4505 4507/4507/4507 4506/4506/4506
f 4506/4506/4506 4507/4507/4507 4508/4508/4508
f 4507/4507/4507 4509/4509/4509 4508/4508/4508
f 4508/4508/4508 4509/4509/4509 4510/4510/4510
f 4509/4509/4509 4511/4511/4511 4510/4510/4510
f 4510/4510/4510 4511/4511/4511 4512/4512/4512
f 4511/4511/4511 4513/4513/4513 4512/4512/4512
f 4512/4512/4512 4513/4513/4513 4514/4514/4514
f 4513/4513/4513 4515/4515/4515 4514/4514/4514
f 4516/4516/4516 4517/4517/4517 4518/4518/4518
f 4517/4517/4517 4519/4519/4519 4518/4518/4518
f 4518/4518/4518 4519/4519/4519 4520/4520/4520
f 4519/4519/4519 4521/4521/4521 4520/4520/4520
f 4520/4520/4520 4521/4521/4521 4522/4522/4522
f 4521/4521/4521 4523/4523/4523 4522/4522/4522
f 4522/4522/4522 4523/4523/4523 4524/4524/4524
f 4523/4523/4523 4525/4525/4525 4524/4524/4524
f 4524/4524/4524 4525/4525/4525 4526/4526/4526
f 4525/4525/4525 4527/4527/4527 4526/4526/4526
f 4526/4526/4526 4527/4527/4527 4528/4528/4528
f 4527/4527/4527 4529/4529/4529 4528/4528/4528
f 4528/4528/4528 4529/4529/4529 4530/4530/4530
f 4529/4529/4529 4531/4531/4531 4530/4530/4530
f 4530/4530/4530 4531/4531/4531 4532/4532/4532
f 4531/4531/4531 4533/4533/4533 4532/4532/4532
f 4532/4532/4532 4533/4533/4533 4534/4534/4534
f 4533/4533/4533 4535/4535/4535 4534/4534/4534
f 4534/4534/4534 4535/4535/4535 4536/4536/4536
f 4535/4535/4535 4537/4537/4537 4536/4536/4536
f 4536/4536/4536 4537/4537/4537 4538/4538/4538
f 4537/4537/4537 4539/4539/4539 4538/4538/4538
f 4538/4538/4538 4539/4539/4539 4540/4540/4540
f 4539/4539/4539 4541/4541/4541 4540/4540/4540
f 4542/4542/4542 4543/4543/4543 4544/4544/4544
f 4545/4545/4545 4546/4546/4546 4547/4547/4547
f 4548/4548/4548 4549/4549/4549 4550/4550/4550
f 4549/4549/4549 4551/4551/4551 4550/4550/4550
f 4550/4550/4550 4551/4551/4551 4552/4552/4552
f 4551/4551/4551 4553/4553/4553 4552/4552/4552
f 4554/4554/4554 4555/4555/4555 4556/4556/4556
f 4555/4555/4555 4557/4557/4557 4556/4556/4556
f 4556/4556/4556 4557/4557/4557 4558/4558/4558
f 4559/4559/4559 4560/4560/4560 4561/4561/4561
f 4560/4560/4560 4562/4562/4562 4561/4561/4561
f 4561/4561/4561 4562/4562/4562 4563/4563/4563
f 4564/4564/4564 4565/4565/4565 4566/4566/4566
f 4565/4565/4565 4567/4567/4567 4566/4566/4566
f 4566/4566/4566 4567/4567/4567 4568/4568/4568
f 4569/4569/4569 4570/4570/4570 4571/4571/4571
f 4570/4570/4570 4572/4572/4572 4571/4571/4571
f 4571/4571/4571 4572/4572/4572 4573/4573/4573
f 4574/4574/4574 4575/4575/4575 4576/4576/4576
f 4575/4575/4575 4577/4577/4577 4576/4576/4576
f 4576/4576/4576 4577/4577/4577 4578/4578/4578
f 4579/4579/4579 4580/4580/4580 4581/4581/4581
f 4580/4580/4580 4582/4582/4582 4581/4581/4581
f 4581/4581/4581 4582/4582/4582 4583/4583/4583
f 4582/4582/4582 4584/4584/4584 4583/4583/4583
f 4583/4583/4583 4584/4584/4584 4585/4585/4585
f 4586/4586/4586 4587/4587/4587 4588/4588/4588
f 4587/4587/4587 4589/4589/4589 4588/4588/4588
f 4588/4588/4588 4589/4589/4589 4590/4590/4590
f 4589/4589/4589 4591/4591/4591 4590/4590/4590
f 4590/4590/4590 4591/4591/4591 4592/4592/4592
f 4591/4591/4591 4593/4593/4593 4592/4592/4592
f 4592/4592/4592 4593/4593/4593 4594/4594/4594
f 4593/4593/4593 4595/4595/4595 4594/4594/4594
f 4594/4594/4594 4595/4595/4595 4596/4596/4596
f 4595/4595/4595 4597/4597/4597 4596/4596/4596
f 4598/4598/4598 4599/4599/4599 4600/4600/4600
f 4599/4599/4599 4601/4601/4601 4600/4600/4600
f 4600/4600/4600 4601/4601/4601 4602/4602/4602
f 4601/4601/4601 4603/4603/4603 4602/4602/4602
f 4602/4602/4602 4603/4603/4603 4604/4604/4604
f 4603/4603/4603 4605/4605/4605 4604/4604/4604
f 4604/4604/4604 4605/4605/4605 4606/4606/4606
f 4605/4605/4605 4607/4607/4607 4606/4606/4606
f 4606/4606/4606 4607/4607/4607 4608/4608/4608
f 4607/4607/4607 4609/4609/4609 4608/4608/4608
f 4610/4610/4610 4611/4611/4611 4612/4612/4612
f 4611/4611/4611 4613/4613/4613 4612/4612/4612
f 4612/4612/4612 4613/4613/4613 4614/4614/4614
f 4613/4613/4613 4615/4615/4615 4614/4614/4614
f 4614/4614/4614 4615/4615/4615 4616/4616/4616
f 4615/4615/4615 4617/4617/4617 4616/4616/4616
f 4616/4616/4616 4617/4617/4617 4618/4618/4618
f 4617/4617/4617 4619/4619/4619 4618/4618/4618
f 4618/4618/4618 4619/4619/4619 4620/4620/4620
f 4619/4619/4619 4621/4621/4621 4620/4620/4620
f 4622/4622/4622 4623/4623/4623 4624/4624/4624
f 4623/4623/4623 4625/4625/4625 4624/4624/4624
f 4626/4626/4626 4627/4627/4627 4628/4628/4628
f 4627/4627/4627 4629/4629/4629 4628/4628/4628
f 4628/4628/4628 4629/4629/4629 4630/4630/4630
f 4629/4629/4629 4631/4631/4631 4630/4630/4630
f 4630/4630/4630 4631/4631/4631 4632/4632/4632
f 4633/4633/4633 4634/4634/4634 4635/4635/4635
f 4634/4634/4634 4636/4636/4636 4635/4635/4635
f 4635/4635/4635 4636/4636/4636 4637/4637/4637
f 4636/4636/4636 4638/4638/4638 4637/4637/4637
f 4637/4637/4637 4638/4638/4638 4639/4639/4639
f 4638/4638/4638 4640/4640/4640 4639/4639/4639
f 4639/4639/4639 4640/4640/4640 4641/4641/4641
f 4640/4640/4640 4642/4642/4642 4641/4641/4641
f 4641/4641/4641 4642/4642/4642 4643/4643/4643
f 4644/4644/4644 4645/4645/4645 4646/4646/4646
f 4645/4645/4645 4647/4647/4647 4646/4646/4646
f 4646/4646/4646 4647/4647/4647 4648/4648/4648
f 4647/4647/4647 4649/4649/4649 4648/4648/4648
f 4648/4648/4648 4649/4649/4649 4650/4650/4650
f 4649/4649/4649 4651/4651/4651 4650/4650/4650
f 4650/4650/4650 4651/4651/4651 4652/4652/4652
f 4651/4651/4651 4653/4653/4653 4652/4652/4652
f 4652/4652/4652 4653/4653/4653 4654/4654/4654

