mtllib material.mtl
usemtl white_high_gloss_plastic
v 0.01616200 -0.01198600 0.00853500
v 0.01473800 -0.01366100 0.00853500
v 0.01649500 -0.01532400 0.01007900
v -0.01082200 -0.01380400 0.00716800
v -0.01257100 -0.01227100 0.00716800
v -0.01473800 -0.01366100 0.00853500
v -0.01082200 -0.01380400 0.00716800
v -0.01314300 -0.01517300 0.00853500
v -0.01139300 -0.01650300 0.00853500
v 0.02030100 0.00030000 0.00853500
v 0.01777800 0.00030000 0.00716800
v 0.02018200 -0.00189500 0.00853500
v 0.01762600 -0.00202000 0.00716800
v 0.01982600 -0.00406400 0.00853500
v 0.01717200 -0.00430100 0.00716800
v 0.01923800 -0.00618200 0.00853500
v 0.01923800 -0.00618200 0.00853500
v 0.01717200 -0.00430100 0.00716800
v 0.01842500 -0.00822400 0.00853500
v 0.01642500 -0.00650300 0.00716800
v 0.01739500 -0.01016600 0.00853500
v 0.01257100 -0.01227100 0.00716800
v 0.01473800 -0.01366100 0.00853500
v 0.01410400 -0.01052200 0.00716800
v 0.01616200 -0.01198600 0.00853500
v 0.01539600 -0.00858900 0.00716800
v -0.01082200 -0.01380400 0.00716800
v -0.01139300 -0.01650300 0.00853500
v -0.00888900 -0.01509600 0.00716800
v -0.00950900 -0.01763600 0.00853500
v -0.00680300 -0.01612500 0.00716800
v -0.00751400 -0.01855900 0.00853500
v -0.00460100 -0.01687200 0.00716800
v -0.00543100 -0.01926100 0.00853500
v -0.00232000 -0.01732600 0.00716800
v -0.00328400 -0.01973400 0.00853500
v 0.00000000 -0.01747800 0.00716800
v -0.01717200 -0.00430100 0.00716800
v -0.01923800 -0.00618200 0.00853500
v -0.01642500 -0.00650300 0.00716800
v -0.01842500 -0.00822400 0.00853500
v -0.01539600 -0.00858900 0.00716800
v -0.01739500 -0.01016600 0.00853500
v -0.01410400 -0.01052200 0.00716800
v -0.01616200 -0.01198600 0.00853500
v -0.01257100 -0.01227100 0.00716800
v -0.01777800 0.00030000 0.00716800
v -0.02030100 0.00030000 0.00853500
v -0.01762600 -0.00202000 0.00716800
v -0.02018200 -0.00189500 0.00853500
v -0.01717200 -0.00430100 0.00716800
v -0.01982600 -0.00406400 0.00853500
v -0.01923800 -0.00618200 0.00853500
v 0.02272000 0.00030000 0.01007900
v 0.02030100 0.00030000 0.00853500
v 0.02258700 -0.00215600 0.01007900
v 0.02018200 -0.00189500 0.00853500
v 0.02218900 -0.00458400 0.01007900
v 0.01982600 -0.00406400 0.00853500
v 0.02153100 -0.00695400 0.01007900
v 0.01923800 -0.00618200 0.00853500
v 0.02062000 -0.00924000 0.01007900
v 0.01842500 -0.00822400 0.00853500
v 0.01946800 -0.01141300 0.01007900
v 0.01739500 -0.01016600 0.00853500
v 0.01808700 -0.01344900 0.01007900
v 0.01619900 -0.01877100 0.01179200
v 0.01649500 -0.01532400 0.01007900
v 0.01470900 -0.01701600 0.01007900
v 0.01473800 -0.01366100 0.00853500
v 0.01314300 -0.01517300 0.00853500
v 0.01257100 -0.01227100 0.00716800
v 0.01082200 -0.01380400 0.00716800
v 0.01275000 -0.01850500 0.01007900
v 0.01139300 -0.01650300 0.00853500
v 0.01064200 -0.01977300 0.01007900
v 0.00950900 -0.01763600 0.00853500
v 0.00840900 -0.02080600 0.01007900
v 0.00751400 -0.01855900 0.00853500
v 0.00607800 -0.02159200 0.01007900
v 0.00543100 -0.01926100 0.00853500
v 0.00367600 -0.02212100 0.01007900
v 0.00328400 -0.01973400 0.00853500
v 0.00123000 -0.02238700 0.01007900
v 0.00109900 -0.01997100 0.00853500
v -0.00123000 -0.02238700 0.01007900
v -0.00109900 -0.01997100 0.00853500
v -0.00367600 -0.02212100 0.01007900
v -0.01314300 -0.01517300 0.00853500
v -0.01470900 -0.01701600 0.01007900
v -0.01139300 -0.01650300 0.00853500
v -0.01275000 -0.01850500 0.01007900
v -0.00950900 -0.01763600 0.00853500
v -0.01064200 -0.01977300 0.01007900
v -0.00751400 -0.01855900 0.00853500
v -0.00840900 -0.02080600 0.01007900
v -0.00543100 -0.01926100 0.00853500
v -0.00607800 -0.02159200 0.01007900
v -0.00328400 -0.01973400 0.00853500
v -0.02030100 0.00030000 0.00853500
v -0.02272000 0.00030000 0.01007900
v -0.02018200 -0.00189500 0.00853500
v -0.02258700 -0.00215600 0.01007900
v -0.01982600 -0.00406400 0.00853500
v -0.02218900 -0.00458400 0.01007900
v -0.01923800 -0.00618200 0.00853500
v -0.02153100 -0.00695400 0.01007900
v -0.01842500 -0.00822400 0.00853500
v -0.02062000 -0.00924000 0.01007900
v -0.01739500 -0.01016600 0.00853500
v -0.01946800 -0.01141300 0.01007900
v -0.01616200 -0.01198600 0.00853500
v -0.01808700 -0.01344900 0.01007900
v 0.02502200 0.00030000 0.01179200
v 0.02272000 0.00030000 0.01007900
v 0.02487500 -0.00240500 0.01179200
v 0.02258700 -0.00215600 0.01007900
v 0.02443700 -0.00507900 0.01179200
v 0.02218900 -0.00458400 0.01007900
v 0.02371200 -0.00768900 0.01179200
v 0.02153100 -0.00695400 0.01007900
v 0.02270900 -0.01020600 0.01179200
v 0.02062000 -0.00924000 0.01007900
v 0.02144000 -0.01260000 0.01179200
v 0.01946800 -0.01141300 0.01007900
v 0.01992000 -0.01484200 0.01179200
v 0.01808700 -0.01344900 0.01007900
v 0.01816600 -0.01690700 0.01179200
v 0.01404200 -0.02041000 0.01179200
v 0.01275000 -0.01850500 0.01007900
v 0.01172000 -0.02180700 0.01179200
v 0.01064200 -0.01977300 0.01007900
v 0.00926100 -0.02294500 0.01179200
v 0.00840900 -0.02080600 0.01007900
v 0.00669400 -0.02381000 0.01179200
v 0.00607800 -0.02159200 0.01007900
v 0.00404800 -0.02439200 0.01179200
v 0.00367600 -0.02212100 0.01007900
v 0.00135500 -0.02468500 0.01179200
v 0.00123000 -0.02238700 0.01007900
v -0.00135500 -0.02468500 0.01179200
v -0.00123000 -0.02238700 0.01007900
v -0.00404800 -0.02439200 0.01179200
v -0.00367600 -0.02212100 0.01007900
v -0.00669400 -0.02381000 0.01179200
v -0.01470900 -0.01701600 0.01007900
v -0.01619900 -0.01877100 0.01179200
v -0.01275000 -0.01850500 0.01007900
v -0.01404200 -0.02041000 0.01179200
v -0.01064200 -0.01977300 0.01007900
v -0.01172000 -0.02180700 0.01179200
v -0.00840900 -0.02080600 0.01007900
v -0.00926100 -0.02294500 0.01179200
v -0.00607800 -0.02159200 0.01007900
v -0.02272000 0.00030000 0.01007900
v -0.02502200 0.00030000 0.01179200
v -0.02258700 -0.00215600 0.01007900
v -0.02487500 -0.00240500 0.01179200
v -0.02218900 -0.00458400 0.01007900
v -0.02443700 -0.00507900 0.01179200
v -0.02153100 -0.00695400 0.01007900
v -0.02371200 -0.00768900 0.01179200
v -0.02062000 -0.00924000 0.01007900
v -0.02270900 -0.01020600 0.01179200
v -0.01946800 -0.01141300 0.01007900
v -0.02144000 -0.01260000 0.01179200
v -0.01808700 -0.01344900 0.01007900
v -0.01992000 -0.01484200 0.01179200
v 0.02719500 0.00030000 0.01366700
v 0.02502200 0.00030000 0.01179200
v 0.02705500 -0.00245100 0.01366700
v 0.02487500 -0.00240500 0.01179200
v 0.02663800 -0.00517400 0.01366700
v 0.02443700 -0.00507900 0.01179200
v 0.02594800 -0.00784100 0.01366700
v 0.02371200 -0.00768900 0.01179200
v 0.02499100 -0.01042400 0.01366700
v 0.02270900 -0.01020600 0.01179200
v 0.02377800 -0.01289800 0.01366700
v 0.02144000 -0.01260000 0.01179200
v 0.02232000 -0.01523600 0.01366700
v 0.01992000 -0.01484200 0.01179200
v 0.02063400 -0.01741400 0.01366700
v 0.01816600 -0.01690700 0.01179200
v 0.01974300 -0.01840200 0.01366700
v 0.01873600 -0.01941100 0.01366700
v 0.01760600 -0.02042700 0.01366700
v 0.01873600 -0.01941100 0.01366700
v 0.01619900 -0.01877100 0.01179200
v 0.01816600 -0.01690700 0.01179200
v 0.01649500 -0.01532400 0.01007900
v 0.01808700 -0.01344900 0.01007900
v 0.01616200 -0.01198600 0.00853500
v 0.01739500 -0.01016600 0.00853500
v 0.01539600 -0.00858900 0.00716800
v 0.01642500 -0.00650300 0.00716800
v 0.01404200 -0.02041000 0.01179200
v 0.01438500 -0.02277900 0.01366700
v 0.01664600 -0.02120500 0.01366700
v -0.00926100 -0.02294500 0.01179200
v -0.00669400 -0.02381000 0.01179200
v -0.00607800 -0.02159200 0.01007900
v -0.00367600 -0.02212100 0.01007900
v -0.00328400 -0.01973400 0.00853500
v -0.00109900 -0.01997100 0.00853500
v 0.00000000 -0.01747800 0.00716800
v 0.00109900 -0.01997100 0.00853500
v 0.00232000 -0.01732600 0.00716800
v 0.00328400 -0.01973400 0.00853500
v 0.00460100 -0.01687200 0.00716800
v 0.00543100 -0.01926100 0.00853500
v 0.00680300 -0.01612500 0.00716800
v 0.00751400 -0.01855900 0.00853500
v 0.00888900 -0.01509600 0.00716800
v 0.00950900 -0.01763600 0.00853500
v 0.01082200 -0.01380400 0.00716800
v 0.01139300 -0.01650300 0.00853500
v 0.01314300 -0.01517300 0.00853500
v 0.01275000 -0.01850500 0.01007900
v 0.01470900 -0.01701600 0.01007900
v 0.01404200 -0.02041000 0.01179200
v 0.01619900 -0.01877100 0.01179200
v 0.01664600 -0.02120500 0.01366700
v 0.01760600 -0.02042700 0.01366700
v 0.01438500 -0.02277900 0.01366700
v 0.01404200 -0.02041000 0.01179200
v 0.01197600 -0.02411600 0.01366700
v 0.01172000 -0.02180700 0.01179200
v 0.00944500 -0.02520200 0.01366700
v 0.00926100 -0.02294500 0.01179200
v 0.00681600 -0.02602700 0.01366700
v 0.00669400 -0.02381000 0.01179200
v 0.00411800 -0.02658100 0.01366700
v 0.00404800 -0.02439200 0.01179200
v 0.00137700 -0.02686000 0.01366700
v 0.00135500 -0.02468500 0.01179200
v -0.00137700 -0.02686000 0.01366700
v -0.00135500 -0.02468500 0.01179200
v -0.00411800 -0.02658100 0.01366700
v -0.00404800 -0.02439200 0.01179200
v -0.00681600 -0.02602700 0.01366700
v -0.00669400 -0.02381000 0.01179200
v -0.00944500 -0.02520200 0.01366700
v -0.00926100 -0.02294500 0.01179200
v -0.01197600 -0.02411600 0.01366700
v -0.01172000 -0.02180700 0.01179200
v -0.01438500 -0.02277900 0.01366700
v -0.01404200 -0.02041000 0.01179200
v -0.01664600 -0.02120500 0.01366700
v -0.01619900 -0.01877100 0.01179200
v -0.01760600 -0.02042700 0.01366700
v -0.01816600 -0.01690700 0.01179200
v -0.01974300 -0.01840200 0.01366700
v -0.01873600 -0.01941100 0.01366700
v -0.01082200 -0.01380400 0.00716800
v -0.01473800 -0.01366100 0.00853500
v -0.01314300 -0.01517300 0.00853500
v -0.01649500 -0.01532400 0.01007900
v -0.01470900 -0.01701600 0.01007900
v -0.01816600 -0.01690700 0.01179200
v -0.01619900 -0.01877100 0.01179200
v -0.01873600 -0.01941100 0.01366700
v -0.01760600 -0.02042700 0.01366700
v -0.01257100 -0.01227100 0.00716800
v -0.01616200 -0.01198600 0.00853500
v -0.01473800 -0.01366100 0.00853500
v -0.01808700 -0.01344900 0.01007900
v -0.01649500 -0.01532400 0.01007900
v -0.01992000 -0.01484200 0.01179200
v -0.01816600 -0.01690700 0.01179200
v -0.02063400 -0.01741400 0.01366700
v -0.01974300 -0.01840200 0.01366700
v -0.02502200 0.00030000 0.01179200
v -0.02719500 0.00030000 0.01366700
v -0.02487500 -0.00240500 0.01179200
v -0.02705500 -0.00245100 0.01366700
v -0.02443700 -0.00507900 0.01179200
v -0.02663800 -0.00517400 0.01366700
v -0.02371200 -0.00768900 0.01179200
v -0.02594800 -0.00784100 0.01366700
v -0.02270900 -0.01020600 0.01179200
v -0.02499100 -0.01042400 0.01366700
v -0.02144000 -0.01260000 0.01179200
v -0.02377800 -0.01289800 0.01366700
v -0.01992000 -0.01484200 0.01179200
v -0.02232000 -0.01523600 0.01366700
v -0.02063400 -0.01741400 0.01366700
v -0.01616200 0.01258600 0.00853500
v -0.01473800 0.01426100 0.00853500
v -0.01649500 0.01592400 0.01007900
v 0.01082200 0.01440400 0.00716800
v 0.01257100 0.01287100 0.00716800
v 0.01473800 0.01426100 0.00853500
v 0.01082200 0.01440400 0.00716800
v 0.01314300 0.01577300 0.00853500
v 0.01139300 0.01710300 0.00853500
v -0.02030100 0.00030000 0.00853500
v -0.01777800 0.00030000 0.00716800
v -0.02018200 0.00249500 0.00853500
v -0.01762600 0.00262000 0.00716800
v -0.01982600 0.00466400 0.00853500
v -0.01717200 0.00490100 0.00716800
v -0.01923800 0.00678200 0.00853500
v -0.01923800 0.00678200 0.00853500
v -0.01717200 0.00490100 0.00716800
v -0.01842500 0.00882400 0.00853500
v -0.01642500 0.00710300 0.00716800
v -0.01739500 0.01076600 0.00853500
v -0.01257100 0.01287100 0.00716800
v -0.01473800 0.01426100 0.00853500
v -0.01410400 0.01112200 0.00716800
v -0.01616200 0.01258600 0.00853500
v -0.01539600 0.00918900 0.00716800
v 0.01082200 0.01440400 0.00716800
v 0.01139300 0.01710300 0.00853500
v 0.00888900 0.01569600 0.00716800
v 0.00950900 0.01823600 0.00853500
v 0.00680300 0.01672500 0.00716800
v 0.00751400 0.01915900 0.00853500
v 0.00460100 0.01747200 0.00716800
v 0.00543100 0.01986100 0.00853500
v 0.00232000 0.01792600 0.00716800
v 0.00328400 0.02033400 0.00853500
v 0.00000000 0.01807800 0.00716800
v 0.01717200 0.00490100 0.00716800
v 0.01923800 0.00678200 0.00853500
v 0.01642500 0.00710300 0.00716800
v 0.01842500 0.00882400 0.00853500
v 0.01539600 0.00918900 0.00716800
v 0.01739500 0.01076600 0.00853500
v 0.01410400 0.01112200 0.00716800
v 0.01616200 0.01258600 0.00853500
v 0.01257100 0.01287100 0.00716800
v 0.01777800 0.00030000 0.00716800
v 0.02030100 0.00030000 0.00853500
v 0.01762600 0.00262000 0.00716800
v 0.02018200 0.00249500 0.00853500
v 0.01717200 0.00490100 0.00716800
v 0.01982600 0.00466400 0.00853500
v 0.01923800 0.00678200 0.00853500
v -0.02272000 0.00030000 0.01007900
v -0.02030100 0.00030000 0.00853500
v -0.02258700 0.00275600 0.01007900
v -0.02018200 0.00249500 0.00853500
v -0.02218900 0.00518400 0.01007900
v -0.01982600 0.00466400 0.00853500
v -0.02153100 0.00755400 0.01007900
v -0.01923800 0.00678200 0.00853500
v -0.02062000 0.00984000 0.01007900
v -0.01842500 0.00882400 0.00853500
v -0.01946800 0.01201300 0.01007900
v -0.01739500 0.01076600 0.00853500
v -0.01808700 0.01404900 0.01007900
v -0.01619900 0.01937100 0.01179200
v -0.01649500 0.01592400 0.01007900
v -0.01470900 0.01761600 0.01007900
v -0.01473800 0.01426100 0.00853500
v -0.01314300 0.01577300 0.00853500
v -0.01257100 0.01287100 0.00716800
v -0.01082200 0.01440400 0.00716800
v -0.01275000 0.01910500 0.01007900
v -0.01139300 0.01710300 0.00853500
v -0.01064200 0.02037300 0.01007900
v -0.00950900 0.01823600 0.00853500
v -0.00840900 0.02140600 0.01007900
v -0.00751400 0.01915900 0.00853500
v -0.00607800 0.02219200 0.01007900
v -0.00543100 0.01986100 0.00853500
v -0.00367600 0.02272100 0.01007900
v -0.00328400 0.02033400 0.00853500
v -0.00123000 0.02298700 0.01007900
v -0.00109900 0.02057100 0.00853500
v 0.00123000 0.02298700 0.01007900
v 0.00109900 0.02057100 0.00853500
v 0.00367600 0.02272100 0.01007900
v 0.01314300 0.01577300 0.00853500
v 0.01470900 0.01761600 0.01007900
v 0.01139300 0.01710300 0.00853500
v 0.01275000 0.01910500 0.01007900
v 0.00950900 0.01823600 0.00853500
v 0.01064200 0.02037300 0.01007900
v 0.00751400 0.01915900 0.00853500
v 0.00840900 0.02140600 0.01007900
v 0.00543100 0.01986100 0.00853500
v 0.00607800 0.02219200 0.01007900
v 0.00328400 0.02033400 0.00853500
v 0.02030100 0.00030000 0.00853500
v 0.02272000 0.00030000 0.01007900
v 0.02018200 0.00249500 0.00853500
v 0.02258700 0.00275600 0.01007900
v 0.01982600 0.00466400 0.00853500
v 0.02218900 0.00518400 0.01007900
v 0.01923800 0.00678200 0.00853500
v 0.02153100 0.00755400 0.01007900
v 0.01842500 0.00882400 0.00853500
v 0.02062000 0.00984000 0.01007900
v 0.01739500 0.01076600 0.00853500
v 0.01946800 0.01201300 0.01007900
v 0.01616200 0.01258600 0.00853500
v 0.01808700 0.01404900 0.01007900
v -0.02502200 0.00030000 0.01179200
v -0.02272000 0.00030000 0.01007900
v -0.02487500 0.00300500 0.01179200
v -0.02258700 0.00275600 0.01007900
v -0.02443700 0.00567900 0.01179200
v -0.02218900 0.00518400 0.01007900
v -0.02371200 0.00828900 0.01179200
v -0.02153100 0.00755400 0.01007900
v -0.02270900 0.01080600 0.01179200
v -0.02062000 0.00984000 0.01007900
v -0.02144000 0.01320000 0.01179200
v -0.01946800 0.01201300 0.01007900
v -0.01992000 0.01544200 0.01179200
v -0.01808700 0.01404900 0.01007900
v -0.01816600 0.01750700 0.01179200
v -0.01404200 0.02101000 0.01179200
v -0.01275000 0.01910500 0.01007900
v -0.01172000 0.02240700 0.01179200
v -0.01064200 0.02037300 0.01007900
v -0.00926100 0.02354500 0.01179200
v -0.00840900 0.02140600 0.01007900
v -0.00669400 0.02441000 0.01179200
v -0.00607800 0.02219200 0.01007900
v -0.00404800 0.02499200 0.01179200
v -0.00367600 0.02272100 0.01007900
v -0.00135500 0.02528500 0.01179200
v -0.00123000 0.02298700 0.01007900
v 0.00135500 0.02528500 0.01179200
v 0.00123000 0.02298700 0.01007900
v 0.00404800 0.02499200 0.01179200
v 0.00367600 0.02272100 0.01007900
v 0.00669400 0.02441000 0.01179200
v 0.01470900 0.01761600 0.01007900
v 0.01619900 0.01937100 0.01179200
v 0.01275000 0.01910500 0.01007900
v 0.01404200 0.02101000 0.01179200
v 0.01064200 0.02037300 0.01007900
v 0.01172000 0.02240700 0.01179200
v 0.00840900 0.02140600 0.01007900
v 0.00926100 0.02354500 0.01179200
v 0.00607800 0.02219200 0.01007900
v 0.02272000 0.00030000 0.01007900
v 0.02502200 0.00030000 0.01179200
v 0.02258700 0.00275600 0.01007900
v 0.02487500 0.00300500 0.01179200
v 0.02218900 0.00518400 0.01007900
v 0.02443700 0.00567900 0.01179200
v 0.02153100 0.00755400 0.01007900
v 0.02371200 0.00828900 0.01179200
v 0.02062000 0.00984000 0.01007900
v 0.02270900 0.01080600 0.01179200
v 0.01946800 0.01201300 0.01007900
v 0.02144000 0.01320000 0.01179200
v 0.01808700 0.01404900 0.01007900
v 0.01992000 0.01544200 0.01179200
v -0.02719500 0.00030000 0.01366700
v -0.02502200 0.00030000 0.01179200
v -0.02705500 0.00305100 0.01366700
v -0.02487500 0.00300500 0.01179200
v -0.02663800 0.00577400 0.01366700
v -0.02443700 0.00567900 0.01179200
v -0.02594800 0.00844100 0.01366700
v -0.02371200 0.00828900 0.01179200
v -0.02499100 0.01102400 0.01366700
v -0.02270900 0.01080600 0.01179200
v -0.02377800 0.01349800 0.01366700
v -0.02144000 0.01320000 0.01179200
v -0.02232000 0.01583600 0.01366700
v -0.01992000 0.01544200 0.01179200
v -0.02063400 0.01801400 0.01366700
v -0.01816600 0.01750700 0.01179200
v -0.01974300 0.01900200 0.01366700
v -0.01873600 0.02001100 0.01366700
v -0.01760600 0.02102700 0.01366700
v -0.01873600 0.02001100 0.01366700
v -0.01619900 0.01937100 0.01179200
v -0.01816600 0.01750700 0.01179200
v -0.01649500 0.01592400 0.01007900
v -0.01808700 0.01404900 0.01007900
v -0.01616200 0.01258600 0.00853500
v -0.01739500 0.01076600 0.00853500
v -0.01539600 0.00918900 0.00716800
v -0.01642500 0.00710300 0.00716800
v -0.01404200 0.02101000 0.01179200
v -0.01438500 0.02337900 0.01366700
v -0.01664600 0.02180500 0.01366700
v 0.00926100 0.02354500 0.01179200
v 0.00669400 0.02441000 0.01179200
v 0.00607800 0.02219200 0.01007900
v 0.00367600 0.02272100 0.01007900
v 0.00328400 0.02033400 0.00853500
v 0.00109900 0.02057100 0.00853500
v 0.00000000 0.01807800 0.00716800
v -0.00109900 0.02057100 0.00853500
v -0.00232000 0.01792600 0.00716800
v -0.00328400 0.02033400 0.00853500
v -0.00460100 0.01747200 0.00716800
v -0.00543100 0.01986100 0.00853500
v -0.00680300 0.01672500 0.00716800
v -0.00751400 0.01915900 0.00853500
v -0.00888900 0.01569600 0.00716800
v -0.00950900 0.01823600 0.00853500
v -0.01082200 0.01440400 0.00716800
v -0.01139300 0.01710300 0.00853500
v -0.01314300 0.01577300 0.00853500
v -0.01275000 0.01910500 0.01007900
v -0.01470900 0.01761600 0.01007900
v -0.01404200 0.02101000 0.01179200
v -0.01619900 0.01937100 0.01179200
v -0.01664600 0.02180500 0.01366700
v -0.01760600 0.02102700 0.01366700
v -0.01438500 0.02337900 0.01366700
v -0.01404200 0.02101000 0.01179200
v -0.01197600 0.02471600 0.01366700
v -0.01172000 0.02240700 0.01179200
v -0.00944500 0.02580200 0.01366700
v -0.00926100 0.02354500 0.01179200
v -0.00681600 0.02662700 0.01366700
v -0.00669400 0.02441000 0.01179200
v -0.00411800 0.02718100 0.01366700
v -0.00404800 0.02499200 0.01179200
v -0.00137700 0.02746000 0.01366700
v -0.00135500 0.02528500 0.01179200
v 0.00137700 0.02746000 0.01366700
v 0.00135500 0.02528500 0.01179200
v 0.00411800 0.02718100 0.01366700
v 0.00404800 0.02499200 0.01179200
v 0.00681600 0.02662700 0.01366700
v 0.00669400 0.02441000 0.01179200
v 0.00944500 0.02580200 0.01366700
v 0.00926100 0.02354500 0.01179200
v 0.01197600 0.02471600 0.01366700
v 0.01172000 0.02240700 0.01179200
v 0.01438500 0.02337900 0.01366700
v 0.01404200 0.02101000 0.01179200
v 0.01664600 0.02180500 0.01366700
v 0.01619900 0.01937100 0.01179200
v 0.01760600 0.02102700 0.01366700
v 0.01816600 0.01750700 0.01179200
v 0.01974300 0.01900200 0.01366700
v 0.01873600 0.02001100 0.01366700
v 0.01082200 0.01440400 0.00716800
v 0.01473800 0.01426100 0.00853500
v 0.01314300 0.01577300 0.00853500
v 0.01649500 0.01592400 0.01007900
v 0.01470900 0.01761600 0.01007900
v 0.01816600 0.01750700 0.01179200
v 0.01619900 0.01937100 0.01179200
v 0.01873600 0.02001100 0.01366700
v 0.01760600 0.02102700 0.01366700
v 0.01257100 0.01287100 0.00716800
v 0.01616200 0.01258600 0.00853500
v 0.01473800 0.01426100 0.00853500
v 0.01808700 0.01404900 0.01007900
v 0.01649500 0.01592400 0.01007900
v 0.01992000 0.01544200 0.01179200
v 0.01816600 0.01750700 0.01179200
v 0.02063400 0.01801400 0.01366700
v 0.01974300 0.01900200 0.01366700
v 0.02502200 0.00030000 0.01179200
v 0.02719500 0.00030000 0.01366700
v 0.02487500 0.00300500 0.01179200
v 0.02705500 0.00305100 0.01366700
v 0.02443700 0.00567900 0.01179200
v 0.02663800 0.00577400 0.01366700
v 0.02371200 0.00828900 0.01179200
v 0.02594800 0.00844100 0.01366700
v 0.02270900 0.01080600 0.01179200
v 0.02499100 0.01102400 0.01366700
v 0.02144000 0.01320000 0.01179200
v 0.02377800 0.01349800 0.01366700
v 0.01992000 0.01544200 0.01179200
v 0.02232000 0.01583600 0.01366700
v 0.02063400 0.01801400 0.01366700
v 0.04500000 -0.02055800 0.01000000
v 0.04500000 -0.02055800 0.00000000
v 0.04500000 0.00030000 0.01000000
v 0.04500000 0.00030000 0.00000000
v -0.04500000 0.00030000 0.01000000
v -0.04500000 0.00030000 0.00000000
v -0.04500000 -0.02055800 0.01000000
v -0.04500000 -0.02055800 0.00000000
v -0.03043700 -0.00279500 0.01500000
v -0.03059400 0.00030000 0.01500000
v -0.04000000 0.00030000 0.01500000
v 0.03059400 0.00030000 0.01500000
v 0.03043700 -0.00279500 0.01500000
v 0.04000000 0.00030000 0.01500000
v 0.02996800 -0.00585900 0.01500000
v 0.04000000 -0.02055800 0.01500000
v 0.02085800 -0.03970000 0.01500000
v 0.01062600 -0.02839000 0.01500000
v 0.00766800 -0.02931700 0.01500000
v -0.01872700 -0.02389300 0.01500000
v -0.02107800 -0.02187400 0.01500000
v -0.02439300 -0.03823600 0.01500000
v -0.02439300 -0.03823600 0.01500000
v -0.02107800 -0.02187400 0.01500000
v -0.03853600 -0.02409300 0.01500000
v -0.02085800 -0.03970000 0.01500000
v -0.00463300 -0.02994100 0.01500000
v -0.00766800 -0.02931700 0.01500000
v 0.02996800 -0.00585900 0.01500000
v 0.02919100 -0.00885900 0.01500000
v 0.04000000 -0.02055800 0.01500000
v 0.02811500 -0.01176500 0.01500000
v 0.03993800 -0.02134000 0.01500000
v 0.02675000 -0.01454700 0.01500000
v 0.02511100 -0.01717700 0.01500000
v 0.03945500 -0.02282800 0.01500000
v 0.02675000 -0.01454700 0.01500000
v 0.03975500 -0.02210300 0.01500000
v 0.03993800 -0.02134000 0.01500000
v 0.02107800 -0.02187400 0.01500000
v 0.02439300 -0.03823600 0.01500000
v 0.02321400 -0.01962800 0.01500000
v 0.03853600 -0.02409300 0.01500000
v 0.02511100 -0.01717700 0.01500000
v 0.03904500 -0.02349700 0.01500000
v 0.03945500 -0.02282800 0.01500000
v 0.02107800 -0.02187400 0.01500000
v 0.01872700 -0.02389300 0.01500000
v 0.02439300 -0.03823600 0.01500000
v 0.01618300 -0.02566400 0.01500000
v 0.02379700 -0.03874500 0.01500000
v 0.02312800 -0.03915500 0.01500000
v 0.00766800 -0.02931700 0.01500000
v 0.00463300 -0.02994100 0.01500000
v 0.02085800 -0.03970000 0.01500000
v 0.00155000 -0.03025500 0.01500000
v -0.02085800 -0.03970000 0.01500000
v -0.00155000 -0.03025500 0.01500000
v -0.00463300 -0.02994100 0.01500000
v 0.01062600 -0.02839000 0.01500000
v 0.02085800 -0.03970000 0.01500000
v 0.01347300 -0.02716800 0.01500000
v 0.02164000 -0.03963800 0.01500000
v 0.01618300 -0.02566400 0.01500000
v 0.02240300 -0.03945500 0.01500000
v 0.02312800 -0.03915500 0.01500000
v -0.01872700 -0.02389300 0.01500000
v -0.02439300 -0.03823600 0.01500000
v -0.01618300 -0.02566400 0.01500000
v -0.02379700 -0.03874500 0.01500000
v -0.02312800 -0.03915500 0.01500000
v -0.00766800 -0.02931700 0.01500000
v -0.01062500 -0.02839000 0.01500000
v -0.02085800 -0.03970000 0.01500000
v -0.01347300 -0.02716800 0.01500000
v -0.02164000 -0.03963800 0.01500000
v -0.01618300 -0.02566400 0.01500000
v -0.02240300 -0.03945500 0.01500000
v -0.02312800 -0.03915500 0.01500000
v -0.02107800 -0.02187400 0.01500000
v -0.02321400 -0.01962800 0.01500000
v -0.03853600 -0.02409300 0.01500000
v -0.02511100 -0.01717700 0.01500000
v -0.03904500 -0.02349700 0.01500000
v -0.02675000 -0.01454700 0.01500000
v -0.02811500 -0.01176500 0.01500000
v -0.04000000 -0.02055800 0.01500000
v -0.02919100 -0.00885900 0.01500000
v -0.04000000 0.00030000 0.01500000
v -0.02996800 -0.00585900 0.01500000
v -0.03043700 -0.00279500 0.01500000
v -0.04000000 -0.02055800 0.01500000
v -0.03993800 -0.02134000 0.01500000
v -0.02675000 -0.01454700 0.01500000
v -0.03975500 -0.02210300 0.01500000
v -0.02511100 -0.01717700 0.01500000
v -0.03945500 -0.02282800 0.01500000
v -0.03904500 -0.02349700 0.01500000
v 0.02085800 -0.04470000 0.00000000
v -0.02085800 -0.04470000 0.00000000
v -0.00227100 -0.01452700 0.00000000
v 0.04500000 -0.02055800 0.00000000
v 0.04480800 -0.02250900 0.00000000
v 0.01431200 -0.00419000 0.00000000
v 0.01311500 -0.00698000 0.00000000
v -0.04331500 -0.02611400 0.00000000
v -0.04423900 -0.02438500 0.00000000
v -0.01231100 -0.00826900 0.00000000
v -0.04480800 -0.02250900 0.00000000
v -0.01378400 -0.00561500 0.00000000
v -0.04500000 -0.02055800 0.00000000
v -0.01469300 -0.00271900 0.00000000
v -0.04500000 0.00030000 0.00000000
v -0.01500000 0.00030000 0.00000000
v 0.02792900 -0.04177100 0.00000000
v 0.00918200 -0.01156200 0.00000000
v 0.04207100 -0.02762900 0.00000000
v 0.01138100 -0.00947100 0.00000000
v 0.04331500 -0.02611400 0.00000000
v 0.01311500 -0.00698000 0.00000000
v 0.04423900 -0.02438500 0.00000000
v 0.04480800 -0.02250900 0.00000000
v 0.04500000 -0.02055800 0.00000000
v 0.01431200 -0.00419000 0.00000000
v 0.04500000 0.00030000 0.00000000
v 0.01492300 -0.00121800 0.00000000
v 0.01500000 0.00030000 0.00000000
v -0.02280900 -0.04450800 0.00000000
v -0.00793400 -0.01243000 0.00000000
v -0.02085800 -0.04470000 0.00000000
v -0.00521000 -0.01376600 0.00000000
v -0.00227100 -0.01452700 0.00000000
v -0.02280900 -0.04450800 0.00000000
v -0.02468500 -0.04393900 0.00000000
v -0.00793400 -0.01243000 0.00000000
v -0.02641400 -0.04301500 0.00000000
v -0.01033400 -0.01057200 0.00000000
v -0.02792900 -0.04177100 0.00000000
v -0.01231100 -0.00826900 0.00000000
v -0.04207100 -0.02762900 0.00000000
v -0.04331500 -0.02611400 0.00000000
v 0.02792900 -0.04177100 0.00000000
v 0.02641400 -0.04301500 0.00000000
v 0.00918200 -0.01156200 0.00000000
v 0.02468500 -0.04393900 0.00000000
v 0.00660600 -0.01316700 0.00000000
v 0.02280900 -0.04450800 0.00000000
v 0.00376000 -0.01422100 0.00000000
v 0.02085800 -0.04470000 0.00000000
v 0.00076000 -0.01468100 0.00000000
v -0.00227100 -0.01452700 0.00000000
v 0.04500000 0.00030000 0.01000000
v 0.04500000 0.00030000 0.00000000
v 0.04500000 0.02115800 0.01000000
v 0.04500000 0.02115800 0.00000000
v 0.02085800 0.04530000 0.01000000
v 0.02085800 0.04530000 0.00000000
v -0.02085800 0.04530000 0.01000000
v -0.02085800 0.04530000 0.00000000
v -0.04500000 0.02115800 0.01000000
v -0.04500000 0.02115800 0.00000000
v -0.04500000 0.00030000 0.01000000
v -0.04500000 0.00030000 0.00000000
v -0.02085800 -0.04470000 0.01000000
v -0.02085800 -0.04470000 0.00000000
v 0.02085800 -0.04470000 0.01000000
v 0.02085800 -0.04470000 0.00000000
v 0.03043700 0.00339500 0.01500000
v 0.03059400 0.00030000 0.01500000
v 0.04000000 0.00030000 0.01500000
v 0.01872700 0.02449300 0.01500000
v 0.02107800 0.02247400 0.01500000
v 0.02439300 0.03883600 0.01500000
v 0.03904500 0.02409700 0.01500000
v 0.03853600 0.02469300 0.01500000
v 0.02511100 0.01777700 0.01500000
v -0.03059400 0.00030000 0.01500000
v -0.03043700 0.00339500 0.01500000
v -0.04000000 0.00030000 0.01500000
v -0.02996800 0.00645900 0.01500000
v -0.04000000 0.02115800 0.01500000
v 0.02085800 0.04030000 0.01500000
v 0.00463300 0.03054100 0.01500000
v 0.00766800 0.02991700 0.01500000
v -0.02107800 0.02247400 0.01500000
v -0.02439300 0.03883600 0.01500000
v -0.02321400 0.02022800 0.01500000
v -0.03853600 0.02469300 0.01500000
v -0.02511100 0.01777700 0.01500000
v -0.02085800 0.04030000 0.01500000
v -0.01062500 0.02899000 0.01500000
v -0.00766800 0.02991700 0.01500000
v 0.02439300 0.03883600 0.01500000
v 0.02107800 0.02247400 0.01500000
v 0.03853600 0.02469300 0.01500000
v 0.02321400 0.02022800 0.01500000
v 0.02511100 0.01777700 0.01500000
v -0.02511100 0.01777700 0.01500000
v -0.03853600 0.02469300 0.01500000
v -0.02675000 0.01514700 0.01500000
v -0.03904500 0.02409700 0.01500000
v -0.03945500 0.02342800 0.01500000
v -0.00766800 0.02991700 0.01500000
v -0.00463300 0.03054100 0.01500000
v -0.02085800 0.04030000 0.01500000
v -0.00155000 0.03085500 0.01500000
v 0.02085800 0.04030000 0.01500000
v 0.00155000 0.03085500 0.01500000
v 0.00463300 0.03054100 0.01500000
v -0.02996800 0.00645900 0.01500000
v -0.02919100 0.00945900 0.01500000
v -0.04000000 0.02115800 0.01500000
v -0.02811500 0.01236500 0.01500000
v -0.03993800 0.02194000 0.01500000
v -0.02675000 0.01514700 0.01500000
v -0.03975500 0.02270300 0.01500000
v -0.03945500 0.02342800 0.01500000
v 0.01872700 0.02449300 0.01500000
v 0.02439300 0.03883600 0.01500000
v 0.01618300 0.02626400 0.01500000
v 0.02379700 0.03934500 0.01500000
v 0.02312800 0.03975500 0.01500000
v 0.00766800 0.02991700 0.01500000
v 0.01062600 0.02899000 0.01500000
v 0.02085800 0.04030000 0.01500000
v 0.01347300 0.02776800 0.01500000
v 0.02164000 0.04023800 0.01500000
v 0.01618300 0.02626400 0.01500000
v 0.02240300 0.04005500 0.01500000
v 0.02312800 0.03975500 0.01500000
v 0.04000000 0.02115800 0.01500000
v 0.03993800 0.02194000 0.01500000
v 0.02675000 0.01514700 0.01500000
v 0.03975500 0.02270300 0.01500000
v 0.02511100 0.01777700 0.01500000
v 0.03945500 0.02342800 0.01500000
v 0.03904500 0.02409700 0.01500000
v 0.02675000 0.01514700 0.01500000
v 0.02811500 0.01236500 0.01500000
v 0.04000000 0.02115800 0.01500000
v 0.02919100 0.00945900 0.01500000
v 0.04000000 0.00030000 0.01500000
v 0.02996800 0.00645900 0.01500000
v 0.03043700 0.00339500 0.01500000
v -0.01062500 0.02899000 0.01500000
v -0.02085800 0.04030000 0.01500000
v -0.01347300 0.02776800 0.01500000
v -0.02164000 0.04023800 0.01500000
v -0.01618300 0.02626400 0.01500000
v -0.02240300 0.04005500 0.01500000
v -0.02312800 0.03975500 0.01500000
v -0.02107800 0.02247400 0.01500000
v -0.01872700 0.02449300 0.01500000
v -0.02439300 0.03883600 0.01500000
v -0.01618300 0.02626400 0.01500000
v -0.02379700 0.03934500 0.01500000
v -0.02312800 0.03975500 0.01500000
v -0.01469300 0.00331900 0.00000000
v -0.01500000 0.00030000 0.00000000
v -0.04500000 0.00030000 0.00000000
v -0.02085800 0.04530000 0.00000000
v 0.02085800 0.04530000 0.00000000
v 0.00076000 0.01528100 0.00000000
v -0.01469300 0.00331900 0.00000000
v -0.04500000 0.00030000 0.00000000
v -0.01378400 0.00621500 0.00000000
v -0.04500000 0.02115800 0.00000000
v -0.04480800 0.02310900 0.00000000
v 0.04331500 0.02671400 0.00000000
v 0.01311500 0.00758000 0.00000000
v 0.01138100 0.01007100 0.00000000
v 0.02280900 0.04510800 0.00000000
v 0.02468500 0.04453900 0.00000000
v 0.00660600 0.01376700 0.00000000
v 0.02641400 0.04361500 0.00000000
v 0.00918200 0.01216200 0.00000000
v 0.02792900 0.04237100 0.00000000
v 0.01138100 0.01007100 0.00000000
v 0.04207100 0.02822900 0.00000000
v 0.04331500 0.02671400 0.00000000
v 0.02280900 0.04510800 0.00000000
v 0.00660600 0.01376700 0.00000000
v 0.02085800 0.04530000 0.00000000
v 0.00376000 0.01482100 0.00000000
v 0.00076000 0.01528100 0.00000000
v -0.02641400 0.04361500 0.00000000
v -0.00793400 0.01303000 0.00000000
v -0.02792900 0.04237100 0.00000000
v -0.01033400 0.01117200 0.00000000
v -0.04207100 0.02822900 0.00000000
v -0.01231100 0.00886900 0.00000000
v -0.04331500 0.02671400 0.00000000
v -0.01378400 0.00621500 0.00000000
v -0.04423900 0.02498500 0.00000000
v -0.04480800 0.02310900 0.00000000
v 0.04331500 0.02671400 0.00000000
v 0.04423900 0.02498500 0.00000000
v 0.01311500 0.00758000 0.00000000
v 0.04480800 0.02310900 0.00000000
v 0.01431200 0.00479000 0.00000000
v 0.04500000 0.02115800 0.00000000
v 0.01492300 0.00181800 0.00000000
v 0.04500000 0.00030000 0.00000000
v 0.01500000 0.00030000 0.00000000
v 0.00076000 0.01528100 0.00000000
v -0.00227100 0.01512700 0.00000000
v -0.02085800 0.04530000 0.00000000
v -0.00521000 0.01436600 0.00000000
v -0.02280900 0.04510800 0.00000000
v -0.00793400 0.01303000 0.00000000
v -0.02468500 0.04453900 0.00000000
v -0.02641400 0.04361500 0.00000000
v -0.01500000 0.00030000 0.00000000
v -0.01469300 0.00331900 0.00000000
v -0.01487200 0.00225800 0.00268900
v -0.01378400 0.00621500 0.00268900
v -0.01385800 0.00604000 0.00268900
v -0.01378400 0.00621500 0.00000000
v -0.01448900 0.00418200 0.00268900
v -0.01469300 0.00331900 0.00000000
v -0.01469300 0.00331900 0.00268900
v -0.01487200 0.00225800 0.00268900
v -0.01378400 0.00621500 0.00268900
v -0.01378400 0.00621500 0.00000000
v -0.01299000 0.00780000 0.00268900
v -0.01231100 0.00886900 0.00000000
v -0.01231100 0.00886900 0.00268900
v -0.01231100 0.00886900 0.00268900
v -0.01231100 0.00886900 0.00000000
v -0.01190000 0.00943100 0.00268900
v -0.01033400 0.01117200 0.00000000
v -0.01060700 0.01090700 0.00268900
v -0.00793400 0.01303000 0.00000000
v -0.00913100 0.01220000 0.00268900
v -0.01033400 0.01117200 0.00000000
v -0.01033400 0.01117200 0.00268900
v -0.01060700 0.01090700 0.00268900
v -0.00521000 0.01436600 0.00268900
v -0.00574000 0.01415800 0.00268900
v -0.00521000 0.01436600 0.00000000
v -0.00750000 0.01329000 0.00268900
v -0.00793400 0.01303000 0.00000000
v -0.00793400 0.01303000 0.00268900
v -0.00913100 0.01220000 0.00268900
v -0.00521000 0.01436600 0.00268900
v -0.00521000 0.01436600 0.00000000
v -0.00388200 0.01478900 0.00268900
v -0.00227100 0.01512700 0.00000000
v -0.00227100 0.01512700 0.00268900
v -0.00227100 0.01512700 0.00268900
v -0.00227100 0.01512700 0.00000000
v -0.00195800 0.01517200 0.00268900
v 0.00076000 0.01528100 0.00000000
v 0.00000000 0.01530000 0.00268900
v 0.00376000 0.01482100 0.00000000
v 0.00195800 0.01517200 0.00268900
v 0.00076000 0.01528100 0.00000000
v 0.00076000 0.01528100 0.00268900
v 0.00000000 0.01530000 0.00268900
v 0.00660600 0.01376700 0.00268900
v 0.00574000 0.01415800 0.00268900
v 0.00660600 0.01376700 0.00000000
v 0.00388200 0.01478900 0.00268900
v 0.00376000 0.01482100 0.00000000
v 0.00376000 0.01482100 0.00268900
v 0.00195800 0.01517200 0.00268900
v 0.00660600 0.01376700 0.00268900
v 0.00660600 0.01376700 0.00000000
v 0.00750000 0.01329000 0.00268900
v 0.00918200 0.01216200 0.00000000
v 0.00913100 0.01220000 0.00268900
v 0.01138100 0.01007100 0.00000000
v 0.01060700 0.01090700 0.00268900
v 0.00918200 0.01216200 0.00000000
v 0.00918200 0.01216200 0.00268900
v 0.00913100 0.01220000 0.00268900
v 0.01311500 0.00758000 0.00268900
v 0.01299000 0.00780000 0.00268900
v 0.01311500 0.00758000 0.00000000
v 0.01190000 0.00943100 0.00268900
v 0.01138100 0.01007100 0.00000000
v 0.01138100 0.01007100 0.00268900
v 0.01060700 0.01090700 0.00268900
v 0.01311500 0.00758000 0.00268900
v 0.01311500 0.00758000 0.00000000
v 0.01385800 0.00604000 0.00268900
v 0.01431200 0.00479000 0.00000000
v 0.01431200 0.00479000 0.00268900
v 0.01431200 0.00479000 0.00268900
v 0.01431200 0.00479000 0.00000000
v 0.01448900 0.00418200 0.00268900
v 0.01492300 0.00181800 0.00000000
v 0.01487200 0.00225800 0.00268900
v 0.01431200 -0.00419000 0.00268900
v 0.01448900 -0.00358200 0.00268900
v 0.01431200 -0.00419000 0.00000000
v 0.01487200 -0.00165800 0.00268900
v 0.01492300 -0.00121800 0.00000000
v 0.01492300 -0.00121800 0.00268900
v 0.01500000 0.00030000 0.00000000
v 0.01500000 0.00030000 0.00268900
v 0.01492300 0.00181800 0.00000000
v 0.01492300 0.00181800 0.00268900
v 0.01487200 0.00225800 0.00268900
v 0.01431200 -0.00419000 0.00268900
v 0.01431200 -0.00419000 0.00000000
v 0.01385800 -0.00544000 0.00268900
v 0.01311500 -0.00698000 0.00000000
v 0.01311500 -0.00698000 0.00268900
v 0.01311500 -0.00698000 0.00268900
v 0.01311500 -0.00698000 0.00000000
v 0.01299000 -0.00720000 0.00268900
v 0.01138100 -0.00947100 0.00000000
v 0.01190000 -0.00883100 0.00268900
v 0.00918200 -0.01156200 0.00000000
v 0.01060700 -0.01030700 0.00268900
v 0.01138100 -0.00947100 0.00000000
v 0.01138100 -0.00947100 0.00268900
v 0.01190000 -0.00883100 0.00268900
v 0.00660600 -0.01316700 0.00268900
v 0.00750000 -0.01269000 0.00268900
v 0.00660600 -0.01316700 0.00000000
v 0.00913100 -0.01160000 0.00268900
v 0.00918200 -0.01156200 0.00000000
v 0.00918200 -0.01156200 0.00268900
v 0.01060700 -0.01030700 0.00268900
v 0.00660600 -0.01316700 0.00268900
v 0.00660600 -0.01316700 0.00000000
v 0.00574000 -0.01355800 0.00268900
v 0.00376000 -0.01422100 0.00000000
v 0.00388200 -0.01418900 0.00268900
v 0.00076000 -0.01468100 0.00000000
v 0.00195800 -0.01457200 0.00268900
v 0.00376000 -0.01422100 0.00000000
v 0.00376000 -0.01422100 0.00268900
v 0.00388200 -0.01418900 0.00268900
v -0.00227100 -0.01452700 0.00268900
v -0.00195800 -0.01457200 0.00268900
v -0.00227100 -0.01452700 0.00000000
v 0.00000000 -0.01470000 0.00268900
v 0.00076000 -0.01468100 0.00000000
v 0.00076000 -0.01468100 0.00268900
v 0.00195800 -0.01457200 0.00268900
v -0.00227100 -0.01452700 0.00268900
v -0.00227100 -0.01452700 0.00000000
v -0.00388200 -0.01418900 0.00268900
v -0.00521000 -0.01376600 0.00000000
v -0.00521000 -0.01376600 0.00268900
v -0.00521000 -0.01376600 0.00268900
v -0.00521000 -0.01376600 0.00000000
v -0.00574000 -0.01355800 0.00268900
v -0.00793400 -0.01243000 0.00000000
v -0.00750000 -0.01269000 0.00268900
v -0.01033400 -0.01057200 0.00000000
v -0.00913100 -0.01160000 0.00268900
v -0.00793400 -0.01243000 0.00000000
v -0.00793400 -0.01243000 0.00268900
v -0.00750000 -0.01269000 0.00268900
v -0.01231100 -0.00826900 0.00268900
v -0.01190000 -0.00883100 0.00268900
v -0.01231100 -0.00826900 0.00000000
v -0.01060700 -0.01030700 0.00268900
v -0.01033400 -0.01057200 0.00000000
v -0.01033400 -0.01057200 0.00268900
v -0.00913100 -0.01160000 0.00268900
v -0.01231100 -0.00826900 0.00268900
v -0.01231100 -0.00826900 0.00000000
v -0.01299000 -0.00720000 0.00268900
v -0.01378400 -0.00561500 0.00000000
v -0.01378400 -0.00561500 0.00268900
v -0.01378400 -0.00561500 0.00268900
v -0.01378400 -0.00561500 0.00000000
v -0.01385800 -0.00544000 0.00268900
v -0.01469300 -0.00271900 0.00000000
v -0.01448900 -0.00358200 0.00268900
v -0.01487200 0.00225800 0.00268900
v -0.01500000 0.00030000 0.00268900
v -0.01500000 0.00030000 0.00000000
v -0.01487200 -0.00165800 0.00268900
v -0.01469300 -0.00271900 0.00000000
v -0.01469300 -0.00271900 0.00268900
v -0.01448900 -0.00358200 0.00268900
v -0.02792900 0.04237100 0.01000000
v -0.02792900 0.04237100 0.00000000
v -0.04207100 0.02822900 0.01000000
v -0.04207100 0.02822900 0.00000000
v 0.04207100 0.02822900 0.01000000
v 0.04207100 0.02822900 0.00000000
v 0.02792900 0.04237100 0.01000000
v 0.02792900 0.04237100 0.00000000
v 0.02792900 -0.04177100 0.01000000
v 0.02792900 -0.04177100 0.00000000
v 0.04207100 -0.02762900 0.01000000
v 0.04207100 -0.02762900 0.00000000
v -0.04207100 -0.02762900 0.01000000
v -0.04207100 -0.02762900 0.00000000
v -0.02792900 -0.04177100 0.01000000
v -0.02792900 -0.04177100 0.00000000
v -0.01777800 0.00030000 0.00716800
v -0.01684600 0.00030000 0.00656800
v -0.01670200 0.00249900 0.00656800
v -0.01684600 0.00030000 0.00656800
v -0.01606900 0.00030000 0.00577900
v -0.01593100 0.00239700 0.00577900
v -0.01606900 0.00030000 0.00577900
v -0.01548500 0.00030000 0.00483700
v -0.01535300 0.00232100 0.00483700
v -0.01512300 0.00030000 0.00379000
v -0.01500000 0.00030000 0.00268900
v -0.01487200 0.00225800 0.00268900
v -0.01548500 0.00030000 0.00483700
v -0.01512300 0.00030000 0.00379000
v -0.01499300 0.00227400 0.00379000
v -0.01487200 0.00225800 0.00268900
v -0.01460700 0.00421400 0.00379000
v -0.01469300 0.00331900 0.00268900
v -0.01469300 0.00331900 0.00268900
v -0.01448900 0.00418200 0.00268900
v -0.01460700 0.00421400 0.00379000
v -0.01385800 0.00604000 0.00268900
v -0.01397200 0.00608700 0.00379000
v -0.01378400 0.00621500 0.00268900
v -0.01309700 0.00786100 0.00379000
v -0.01299000 0.00780000 0.00268900
v -0.01199800 0.00950600 0.00379000
v -0.01231100 0.00886900 0.00268900
v -0.01231100 0.00886900 0.00268900
v -0.01190000 0.00943100 0.00268900
v -0.01199800 0.00950600 0.00379000
v -0.01060700 0.01090700 0.00268900
v -0.01069300 0.01099300 0.00379000
v -0.01033400 0.01117200 0.00268900
v -0.00920600 0.01229800 0.00379000
v -0.00913100 0.01220000 0.00268900
v -0.00756100 0.01339700 0.00379000
v -0.00793400 0.01303000 0.00268900
v -0.00793400 0.01303000 0.00268900
v -0.00750000 0.01329000 0.00268900
v -0.00756100 0.01339700 0.00379000
v -0.00574000 0.01415800 0.00268900
v -0.00578700 0.01427200 0.00379000
v -0.00521000 0.01436600 0.00268900
v -0.00391400 0.01490700 0.00379000
v -0.00388200 0.01478900 0.00268900
v -0.00197400 0.01529300 0.00379000
v -0.00227100 0.01512700 0.00268900
v -0.00227100 0.01512700 0.00268900
v -0.00195800 0.01517200 0.00268900
v -0.00197400 0.01529300 0.00379000
v 0.00000000 0.01530000 0.00268900
v 0.00000000 0.01542300 0.00379000
v 0.00076000 0.01528100 0.00268900
v 0.00197400 0.01529300 0.00379000
v 0.00195800 0.01517200 0.00268900
v 0.00391400 0.01490700 0.00379000
v 0.00376000 0.01482100 0.00268900
v 0.00376000 0.01482100 0.00268900
v 0.00388200 0.01478900 0.00268900
v 0.00391400 0.01490700 0.00379000
v 0.00574000 0.01415800 0.00268900
v 0.00578700 0.01427200 0.00379000
v 0.00660600 0.01376700 0.00268900
v 0.00756100 0.01339700 0.00379000
v 0.00660600 0.01376700 0.00268900
v 0.00750000 0.01329000 0.00268900
v 0.00756100 0.01339700 0.00379000
v 0.00913100 0.01220000 0.00268900
v 0.00920600 0.01229800 0.00379000
v 0.00918200 0.01216200 0.00268900
v 0.01069300 0.01099300 0.00379000
v 0.01060700 0.01090700 0.00268900
v 0.01199800 0.00950600 0.00379000
v 0.01138100 0.01007100 0.00268900
v 0.01138100 0.01007100 0.00268900
v 0.01190000 0.00943100 0.00268900
v 0.01199800 0.00950600 0.00379000
v 0.01299000 0.00780000 0.00268900
v 0.01309700 0.00786100 0.00379000
v 0.01311500 0.00758000 0.00268900
v 0.01397200 0.00608700 0.00379000
v 0.01385800 0.00604000 0.00268900
v 0.01460700 0.00421400 0.00379000
v 0.01431200 0.00479000 0.00268900
v 0.01500000 0.00030000 0.00268900
v 0.01512300 0.00030000 0.00379000
v 0.01492300 0.00181800 0.00268900
v 0.01499300 0.00227400 0.00379000
v 0.01487200 0.00225800 0.00268900
v 0.01460700 0.00421400 0.00379000
v 0.01448900 0.00418200 0.00268900
v 0.01431200 0.00479000 0.00268900
v -0.01548500 0.00030000 0.00483700
v -0.01499300 0.00227400 0.00379000
v -0.01535300 0.00232100 0.00483700
v -0.01460700 0.00421400 0.00379000
v -0.01495700 0.00430800 0.00483700
v -0.01397200 0.00608700 0.00379000
v -0.01430600 0.00622600 0.00483700
v -0.01309700 0.00786100 0.00379000
v -0.01341000 0.00804200 0.00483700
v -0.01199800 0.00950600 0.00379000
v -0.01228500 0.00972700 0.00483700
v -0.01069300 0.01099300 0.00379000
v -0.01095000 0.01125000 0.00483700
v -0.00920600 0.01229800 0.00379000
v -0.00942700 0.01258500 0.00483700
v -0.00756100 0.01339700 0.00379000
v -0.00774200 0.01371000 0.00483700
v -0.00578700 0.01427200 0.00379000
v -0.00592600 0.01460600 0.00483700
v -0.00391400 0.01490700 0.00379000
v -0.00400800 0.01525700 0.00483700
v -0.00197400 0.01529300 0.00379000
v -0.00202100 0.01565300 0.00483700
v 0.00000000 0.01542300 0.00379000
v 0.00000000 0.01578500 0.00483700
v 0.00197400 0.01529300 0.00379000
v 0.00202100 0.01565300 0.00483700
v 0.00391400 0.01490700 0.00379000
v 0.00400800 0.01525700 0.00483700
v 0.00578700 0.01427200 0.00379000
v 0.00592600 0.01460600 0.00483700
v 0.00756100 0.01339700 0.00379000
v 0.00774300 0.01371000 0.00483700
v 0.00920600 0.01229800 0.00379000
v 0.00942700 0.01258500 0.00483700
v 0.01069300 0.01099300 0.00379000
v 0.01095000 0.01125000 0.00483700
v 0.01199800 0.00950600 0.00379000
v 0.01228500 0.00972700 0.00483700
v 0.01309700 0.00786100 0.00379000
v 0.01341000 0.00804200 0.00483700
v 0.01397200 0.00608700 0.00379000
v 0.01430600 0.00622600 0.00483700
v 0.01460700 0.00421400 0.00379000
v 0.01495700 0.00430800 0.00483700
v 0.01499300 0.00227400 0.00379000
v 0.01535300 0.00232100 0.00483700
v 0.01512300 0.00030000 0.00379000
v 0.01548500 0.00030000 0.00483700
v -0.01606900 0.00030000 0.00577900
v -0.01535300 0.00232100 0.00483700
v -0.01593100 0.00239700 0.00577900
v -0.01495700 0.00430800 0.00483700
v -0.01552100 0.00445900 0.00577900
v -0.01430600 0.00622600 0.00483700
v -0.01484600 0.00644900 0.00577900
v -0.01341000 0.00804200 0.00483700
v -0.01391600 0.00833400 0.00577900
v -0.01228500 0.00972700 0.00483700
v -0.01274800 0.01008200 0.00577900
v -0.01095000 0.01125000 0.00483700
v -0.01136200 0.01166200 0.00577900
v -0.00942700 0.01258500 0.00483700
v -0.00978200 0.01304800 0.00577900
v -0.00774200 0.01371000 0.00483700
v -0.00803400 0.01421600 0.00577900
v -0.00592600 0.01460600 0.00483700
v -0.00614900 0.01514600 0.00577900
v -0.00400800 0.01525700 0.00483700
v -0.00415900 0.01582100 0.00577900
v -0.00202100 0.01565300 0.00483700
v -0.00209700 0.01623100 0.00577900
v 0.00000000 0.01578500 0.00483700
v 0.00000000 0.01636900 0.00577900
v 0.00202100 0.01565300 0.00483700
v 0.00209700 0.01623100 0.00577900
v 0.00400800 0.01525700 0.00483700
v 0.00415900 0.01582100 0.00577900
v 0.00592600 0.01460600 0.00483700
v 0.00614900 0.01514600 0.00577900
v 0.00774300 0.01371000 0.00483700
v 0.00803400 0.01421600 0.00577900
v 0.00942700 0.01258500 0.00483700
v 0.00978200 0.01304800 0.00577900
v 0.01095000 0.01125000 0.00483700
v 0.01136200 0.01166200 0.00577900
v 0.01228500 0.00972700 0.00483700
v 0.01274800 0.01008200 0.00577900
v 0.01341000 0.00804200 0.00483700
v 0.01391600 0.00833400 0.00577900
v 0.01430600 0.00622600 0.00483700
v 0.01484600 0.00644900 0.00577900
v 0.01495700 0.00430800 0.00483700
v 0.01552100 0.00445900 0.00577900
v 0.01535300 0.00232100 0.00483700
v 0.01593100 0.00239700 0.00577900
v 0.01548500 0.00030000 0.00483700
v 0.01606900 0.00030000 0.00577900
v -0.01684600 0.00030000 0.00656800
v -0.01593100 0.00239700 0.00577900
v -0.01670200 0.00249900 0.00656800
v -0.01552100 0.00445900 0.00577900
v -0.01627200 0.00466000 0.00656800
v -0.01484600 0.00644900 0.00577900
v -0.01556400 0.00674700 0.00656800
v -0.01391600 0.00833400 0.00577900
v -0.01458900 0.00872300 0.00656800
v -0.01274800 0.01008200 0.00577900
v -0.01336500 0.01055500 0.00656800
v -0.01136200 0.01166200 0.00577900
v -0.01191200 0.01221200 0.00656800
v -0.00978200 0.01304800 0.00577900
v -0.01025500 0.01366500 0.00656800
v -0.00803400 0.01421600 0.00577900
v -0.00842300 0.01488900 0.00656800
v -0.00614900 0.01514600 0.00577900
v -0.00644700 0.01586400 0.00656800
v -0.00415900 0.01582100 0.00577900
v -0.00436000 0.01657200 0.00656800
v -0.00209700 0.01623100 0.00577900
v -0.00219900 0.01700200 0.00656800
v 0.00000000 0.01636900 0.00577900
v 0.00000000 0.01714600 0.00656800
v 0.00209700 0.01623100 0.00577900
v 0.00219900 0.01700200 0.00656800
v 0.00415900 0.01582100 0.00577900
v 0.00436000 0.01657200 0.00656800
v 0.00614900 0.01514600 0.00577900
v 0.00644700 0.01586400 0.00656800
v 0.00803400 0.01421600 0.00577900
v 0.00842300 0.01488900 0.00656800
v 0.00978200 0.01304800 0.00577900
v 0.01025500 0.01366500 0.00656800
v 0.01136200 0.01166200 0.00577900
v 0.01191200 0.01221200 0.00656800
v 0.01274800 0.01008200 0.00577900
v 0.01336500 0.01055500 0.00656800
v 0.01391600 0.00833400 0.00577900
v 0.01458900 0.00872300 0.00656800
v 0.01484600 0.00644900 0.00577900
v 0.01556400 0.00674700 0.00656800
v 0.01552100 0.00445900 0.00577900
v 0.01627200 0.00466000 0.00656800
v 0.01593100 0.00239700 0.00577900
v 0.01670200 0.00249900 0.00656800
v 0.01606900 0.00030000 0.00577900
v 0.01684600 0.00030000 0.00656800
v -0.01777800 0.00030000 0.00716800
v -0.01670200 0.00249900 0.00656800
v -0.01762600 0.00262000 0.00716800
v -0.01627200 0.00466000 0.00656800
v -0.01717200 0.00490100 0.00716800
v -0.01556400 0.00674700 0.00656800
v -0.01642500 0.00710300 0.00716800
v -0.01458900 0.00872300 0.00656800
v -0.01539600 0.00918900 0.00716800
v -0.01336500 0.01055500 0.00656800
v -0.01410400 0.01112200 0.00716800
v -0.01191200 0.01221200 0.00656800
v -0.01257100 0.01287100 0.00716800
v -0.01025500 0.01366500 0.00656800
v -0.01082200 0.01440400 0.00716800
v -0.00842300 0.01488900 0.00656800
v -0.00888900 0.01569600 0.00716800
v -0.00644700 0.01586400 0.00656800
v -0.00680300 0.01672500 0.00716800
v -0.00436000 0.01657200 0.00656800
v -0.00460100 0.01747200 0.00716800
v -0.00219900 0.01700200 0.00656800
v -0.00232000 0.01792600 0.00716800
v 0.00000000 0.01714600 0.00656800
v 0.00000000 0.01807800 0.00716800
v 0.00219900 0.01700200 0.00656800
v 0.00232000 0.01792600 0.00716800
v 0.00436000 0.01657200 0.00656800
v 0.00460100 0.01747200 0.00716800
v 0.00644700 0.01586400 0.00656800
v 0.00680300 0.01672500 0.00716800
v 0.00842300 0.01488900 0.00656800
v 0.00888900 0.01569600 0.00716800
v 0.01025500 0.01366500 0.00656800
v 0.01082200 0.01440400 0.00716800
v 0.01191200 0.01221200 0.00656800
v 0.01257100 0.01287100 0.00716800
v 0.01336500 0.01055500 0.00656800
v 0.01410400 0.01112200 0.00716800
v 0.01458900 0.00872300 0.00656800
v 0.01539600 0.00918900 0.00716800
v 0.01556400 0.00674700 0.00656800
v 0.01642500 0.00710300 0.00716800
v 0.01627200 0.00466000 0.00656800
v 0.01717200 0.00490100 0.00716800
v 0.01670200 0.00249900 0.00656800
v 0.01762600 0.00262000 0.00716800
v 0.01684600 0.00030000 0.00656800
v 0.01777800 0.00030000 0.00716800
v 0.01777800 0.00030000 0.00716800
v 0.01684600 0.00030000 0.00656800
v 0.01670200 -0.00189900 0.00656800
v 0.01684600 0.00030000 0.00656800
v 0.01606900 0.00030000 0.00577900
v 0.01593100 -0.00179700 0.00577900
v 0.01606900 0.00030000 0.00577900
v 0.01548500 0.00030000 0.00483700
v 0.01535300 -0.00172100 0.00483700
v 0.00920600 -0.01169800 0.00379000
v 0.00913100 -0.01160000 0.00268900
v 0.00750000 -0.01269000 0.00268900
v 0.01548500 0.00030000 0.00483700
v 0.01512300 0.00030000 0.00379000
v 0.01499300 -0.00167400 0.00379000
v 0.01500000 0.00030000 0.00268900
v 0.01492300 -0.00121800 0.00268900
v 0.01492300 -0.00121800 0.00268900
v 0.01487200 -0.00165800 0.00268900
v 0.01499300 -0.00167400 0.00379000
v 0.01448900 -0.00358200 0.00268900
v 0.01460700 -0.00361400 0.00379000
v 0.01431200 -0.00419000 0.00268900
v 0.01397200 -0.00548700 0.00379000
v 0.01385800 -0.00544000 0.00268900
v 0.01309700 -0.00726100 0.00379000
v 0.01311500 -0.00698000 0.00268900
v 0.01311500 -0.00698000 0.00268900
v 0.01299000 -0.00720000 0.00268900
v 0.01309700 -0.00726100 0.00379000
v 0.01190000 -0.00883100 0.00268900
v 0.01199800 -0.00890600 0.00379000
v 0.01138100 -0.00947100 0.00268900
v 0.01069300 -0.01039300 0.00379000
v 0.01060700 -0.01030700 0.00268900
v 0.00920600 -0.01169800 0.00379000
v 0.00918200 -0.01156200 0.00268900
v 0.00913100 -0.01160000 0.00268900
v 0.00660600 -0.01316700 0.00268900
v 0.00578700 -0.01367200 0.00379000
v 0.00750000 -0.01269000 0.00268900
v 0.00756100 -0.01279700 0.00379000
v 0.00920600 -0.01169800 0.00379000
v 0.00660600 -0.01316700 0.00268900
v 0.00574000 -0.01355800 0.00268900
v 0.00578700 -0.01367200 0.00379000
v 0.00388200 -0.01418900 0.00268900
v 0.00391400 -0.01430700 0.00379000
v 0.00376000 -0.01422100 0.00268900
v 0.00197400 -0.01469300 0.00379000
v 0.00195800 -0.01457200 0.00268900
v 0.00000000 -0.01482300 0.00379000
v 0.00076000 -0.01468100 0.00268900
v 0.00076000 -0.01468100 0.00268900
v 0.00000000 -0.01470000 0.00268900
v 0.00000000 -0.01482300 0.00379000
v -0.00195800 -0.01457200 0.00268900
v -0.00197400 -0.01469300 0.00379000
v -0.00227100 -0.01452700 0.00268900
v -0.00391400 -0.01430700 0.00379000
v -0.00388200 -0.01418900 0.00268900
v -0.00578700 -0.01367200 0.00379000
v -0.00521000 -0.01376600 0.00268900
v -0.00521000 -0.01376600 0.00268900
v -0.00574000 -0.01355800 0.00268900
v -0.00578700 -0.01367200 0.00379000
v -0.00750000 -0.01269000 0.00268900
v -0.00756100 -0.01279700 0.00379000
v -0.00793400 -0.01243000 0.00268900
v -0.00920600 -0.01169800 0.00379000
v -0.00913100 -0.01160000 0.00268900
v -0.01069300 -0.01039300 0.00379000
v -0.01033400 -0.01057200 0.00268900
v -0.01033400 -0.01057200 0.00268900
v -0.01060700 -0.01030700 0.00268900
v -0.01069300 -0.01039300 0.00379000
v -0.01190000 -0.00883100 0.00268900
v -0.01199800 -0.00890600 0.00379000
v -0.01231100 -0.00826900 0.00268900
v -0.01309700 -0.00726100 0.00379000
v -0.01299000 -0.00720000 0.00268900
v -0.01397200 -0.00548700 0.00379000
v -0.01378400 -0.00561500 0.00268900
v -0.01378400 -0.00561500 0.00268900
v -0.01385800 -0.00544000 0.00268900
v -0.01397200 -0.00548700 0.00379000
v -0.01448900 -0.00358200 0.00268900
v -0.01460700 -0.00361400 0.00379000
v -0.01469300 -0.00271900 0.00268900
v -0.01499300 -0.00167400 0.00379000
v -0.01469300 -0.00271900 0.00268900
v -0.01487200 -0.00165800 0.00268900
v -0.01499300 -0.00167400 0.00379000
v -0.01500000 0.00030000 0.00268900
v -0.01512300 0.00030000 0.00379000
v 0.01548500 0.00030000 0.00483700
v 0.01499300 -0.00167400 0.00379000
v 0.01535300 -0.00172100 0.00483700
v 0.01460700 -0.00361400 0.00379000
v 0.01495700 -0.00370800 0.00483700
v 0.01397200 -0.00548700 0.00379000
v 0.01430600 -0.00562600 0.00483700
v 0.01309700 -0.00726100 0.00379000
v 0.01341000 -0.00744300 0.00483700
v 0.01199800 -0.00890600 0.00379000
v 0.01228500 -0.00912700 0.00483700
v 0.01069300 -0.01039300 0.00379000
v 0.01095000 -0.01065000 0.00483700
v 0.00920600 -0.01169800 0.00379000
v 0.00942700 -0.01198500 0.00483700
v 0.00756100 -0.01279700 0.00379000
v 0.00774300 -0.01311000 0.00483700
v 0.00578700 -0.01367200 0.00379000
v 0.00592600 -0.01400600 0.00483700
v 0.00391400 -0.01430700 0.00379000
v 0.00400800 -0.01465700 0.00483700
v 0.00197400 -0.01469300 0.00379000
v 0.00202100 -0.01505300 0.00483700
v 0.00000000 -0.01482300 0.00379000
v 0.00000000 -0.01518500 0.00483700
v -0.00197400 -0.01469300 0.00379000
v -0.00202100 -0.01505300 0.00483700
v -0.00391400 -0.01430700 0.00379000
v -0.00400800 -0.01465700 0.00483700
v -0.00578700 -0.01367200 0.00379000
v -0.00592600 -0.01400600 0.00483700
v -0.00756100 -0.01279700 0.00379000
v -0.00774200 -0.01311000 0.00483700
v -0.00920600 -0.01169800 0.00379000
v -0.00942700 -0.01198500 0.00483700
v -0.01069300 -0.01039300 0.00379000
v -0.01095000 -0.01065000 0.00483700
v -0.01199800 -0.00890600 0.00379000
v -0.01228500 -0.00912700 0.00483700
v -0.01309700 -0.00726100 0.00379000
v -0.01341000 -0.00744300 0.00483700
v -0.01397200 -0.00548700 0.00379000
v -0.01430600 -0.00562600 0.00483700
v -0.01460700 -0.00361400 0.00379000
v -0.01495700 -0.00370800 0.00483700
v -0.01499300 -0.00167400 0.00379000
v -0.01535300 -0.00172100 0.00483700
v -0.01512300 0.00030000 0.00379000
v -0.01548500 0.00030000 0.00483700
v 0.01606900 0.00030000 0.00577900
v 0.01535300 -0.00172100 0.00483700
v 0.01593100 -0.00179700 0.00577900
v 0.01495700 -0.00370800 0.00483700
v 0.01552100 -0.00385900 0.00577900
v 0.01430600 -0.00562600 0.00483700
v 0.01484600 -0.00584900 0.00577900
v 0.01341000 -0.00744300 0.00483700
v 0.01391600 -0.00773400 0.00577900
v 0.01228500 -0.00912700 0.00483700
v 0.01274800 -0.00948200 0.00577900
v 0.01095000 -0.01065000 0.00483700
v 0.01136200 -0.01106200 0.00577900
v 0.00942700 -0.01198500 0.00483700
v 0.00978200 -0.01244800 0.00577900
v 0.00774300 -0.01311000 0.00483700
v 0.00803400 -0.01361600 0.00577900
v 0.00592600 -0.01400600 0.00483700
v 0.00614900 -0.01454600 0.00577900
v 0.00400800 -0.01465700 0.00483700
v 0.00415900 -0.01522100 0.00577900
v 0.00202100 -0.01505300 0.00483700
v 0.00209700 -0.01563100 0.00577900
v 0.00000000 -0.01518500 0.00483700
v 0.00000000 -0.01576900 0.00577900
v -0.00202100 -0.01505300 0.00483700
v -0.00209700 -0.01563100 0.00577900
v -0.00400800 -0.01465700 0.00483700
v -0.00415900 -0.01522100 0.00577900
v -0.00592600 -0.01400600 0.00483700
v -0.00614900 -0.01454600 0.00577900
v -0.00774200 -0.01311000 0.00483700
v -0.00803400 -0.01361600 0.00577900
v -0.00942700 -0.01198500 0.00483700
v -0.00978200 -0.01244800 0.00577900
v -0.01095000 -0.01065000 0.00483700
v -0.01136200 -0.01106200 0.00577900
v -0.01228500 -0.00912700 0.00483700
v -0.01274800 -0.00948200 0.00577900
v -0.01341000 -0.00744300 0.00483700
v -0.01391600 -0.00773400 0.00577900
v -0.01430600 -0.00562600 0.00483700
v -0.01484600 -0.00584900 0.00577900
v -0.01495700 -0.00370800 0.00483700
v -0.01552100 -0.00385900 0.00577900
v -0.01535300 -0.00172100 0.00483700
v -0.01593100 -0.00179700 0.00577900
v -0.01548500 0.00030000 0.00483700
v -0.01606900 0.00030000 0.00577900
v 0.01684600 0.00030000 0.00656800
v 0.01593100 -0.00179700 0.00577900
v 0.01670200 -0.00189900 0.00656800
v 0.01552100 -0.00385900 0.00577900
v 0.01627200 -0.00406000 0.00656800
v 0.01484600 -0.00584900 0.00577900
v 0.01556400 -0.00614700 0.00656800
v 0.01391600 -0.00773400 0.00577900
v 0.01458900 -0.00812300 0.00656800
v 0.01274800 -0.00948200 0.00577900
v 0.01336500 -0.00995500 0.00656800
v 0.01136200 -0.01106200 0.00577900
v 0.01191200 -0.01161200 0.00656800
v 0.00978200 -0.01244800 0.00577900
v 0.01025500 -0.01306500 0.00656800
v 0.00803400 -0.01361600 0.00577900
v 0.00842300 -0.01428900 0.00656800
v 0.00614900 -0.01454600 0.00577900
v 0.00644700 -0.01526400 0.00656800
v 0.00415900 -0.01522100 0.00577900
v 0.00436000 -0.01597200 0.00656800
v 0.00209700 -0.01563100 0.00577900
v 0.00219900 -0.01640200 0.00656800
v 0.00000000 -0.01576900 0.00577900
v 0.00000000 -0.01654600 0.00656800
v -0.00209700 -0.01563100 0.00577900
v -0.00219900 -0.01640200 0.00656800
v -0.00415900 -0.01522100 0.00577900
v -0.00436000 -0.01597200 0.00656800
v -0.00614900 -0.01454600 0.00577900
v -0.00644700 -0.01526400 0.00656800
v -0.00803400 -0.01361600 0.00577900
v -0.00842300 -0.01428900 0.00656800
v -0.00978200 -0.01244800 0.00577900
v -0.01025500 -0.01306500 0.00656800
v -0.01136200 -0.01106200 0.00577900
v -0.01191200 -0.01161200 0.00656800
v -0.01274800 -0.00948200 0.00577900
v -0.01336500 -0.00995500 0.00656800
v -0.01391600 -0.00773400 0.00577900
v -0.01458900 -0.00812300 0.00656800
v -0.01484600 -0.00584900 0.00577900
v -0.01556400 -0.00614700 0.00656800
v -0.01552100 -0.00385900 0.00577900
v -0.01627200 -0.00406000 0.00656800
v -0.01593100 -0.00179700 0.00577900
v -0.01670200 -0.00189900 0.00656800
v -0.01606900 0.00030000 0.00577900
v -0.01684600 0.00030000 0.00656800
v 0.01777800 0.00030000 0.00716800
v 0.01670200 -0.00189900 0.00656800
v 0.01762600 -0.00202000 0.00716800
v 0.01627200 -0.00406000 0.00656800
v 0.01717200 -0.00430100 0.00716800
v 0.01556400 -0.00614700 0.00656800
v 0.01642500 -0.00650300 0.00716800
v 0.01458900 -0.00812300 0.00656800
v 0.01539600 -0.00858900 0.00716800
v 0.01336500 -0.00995500 0.00656800
v 0.01410400 -0.01052200 0.00716800
v 0.01191200 -0.01161200 0.00656800
v 0.01257100 -0.01227100 0.00716800
v 0.01025500 -0.01306500 0.00656800
v 0.01082200 -0.01380400 0.00716800
v 0.00842300 -0.01428900 0.00656800
v 0.00888900 -0.01509600 0.00716800
v 0.00644700 -0.01526400 0.00656800
v 0.00680300 -0.01612500 0.00716800
v 0.00436000 -0.01597200 0.00656800
v 0.00460100 -0.01687200 0.00716800
v 0.00219900 -0.01640200 0.00656800
v 0.00232000 -0.01732600 0.00716800
v 0.00000000 -0.01654600 0.00656800
v 0.00000000 -0.01747800 0.00716800
v -0.00219900 -0.01640200 0.00656800
v -0.00232000 -0.01732600 0.00716800
v -0.00436000 -0.01597200 0.00656800
v -0.00460100 -0.01687200 0.00716800
v -0.00644700 -0.01526400 0.00656800
v -0.00680300 -0.01612500 0.00716800
v -0.00842300 -0.01428900 0.00656800
v -0.00888900 -0.01509600 0.00716800
v -0.01025500 -0.01306500 0.00656800
v -0.01082200 -0.01380400 0.00716800
v -0.01191200 -0.01161200 0.00656800
v -0.01257100 -0.01227100 0.00716800
v -0.01336500 -0.00995500 0.00656800
v -0.01410400 -0.01052200 0.00716800
v -0.01458900 -0.00812300 0.00656800
v -0.01539600 -0.00858900 0.00716800
v -0.01556400 -0.00614700 0.00656800
v -0.01642500 -0.00650300 0.00716800
v -0.01627200 -0.00406000 0.00656800
v -0.01717200 -0.00430100 0.00716800
v -0.01670200 -0.00189900 0.00656800
v -0.01762600 -0.00202000 0.00716800
v -0.01684600 0.00030000 0.00656800
v -0.01777800 0.00030000 0.00716800
v -0.03059400 0.00030000 0.01500000
v -0.02936100 0.00030000 0.01484600
v -0.02921000 0.00327000 0.01484600
v -0.02936100 0.00030000 0.01484600
v -0.02820400 0.00030000 0.01439200
v -0.02805900 0.00315300 0.01439200
v -0.01760600 0.02102700 0.01366700
v -0.01726400 0.02260300 0.01439200
v -0.01873600 0.02001100 0.01366700
v -0.01943200 0.02074200 0.01439200
v -0.01974300 0.01900200 0.01366700
v -0.02140000 0.01867100 0.01439200
v -0.02063400 0.01801400 0.01366700
v -0.02314900 0.01641200 0.01439200
v -0.02232000 0.01583600 0.01366700
v -0.02466000 0.01398700 0.01439200
v -0.02377800 0.01349800 0.01366700
v -0.02591800 0.01142200 0.01439200
v -0.02499100 0.01102400 0.01366700
v -0.02691100 0.00874300 0.01439200
v -0.02594800 0.00844100 0.01366700
v -0.02762700 0.00597700 0.01439200
v -0.02663800 0.00577400 0.01366700
v -0.02805900 0.00315300 0.01439200
v -0.02705500 0.00305100 0.01366700
v -0.02820400 0.00030000 0.01439200
v -0.02719500 0.00030000 0.01366700
v -0.01760600 0.02102700 0.01366700
v -0.01664600 0.02180500 0.01366700
v -0.01726400 0.02260300 0.01439200
v -0.01438500 0.02337900 0.01366700
v -0.01491900 0.02423500 0.01439200
v -0.01197600 0.02471600 0.01366700
v -0.01242100 0.02562200 0.01439200
v -0.00944500 0.02580200 0.01366700
v -0.00979500 0.02674800 0.01439200
v -0.00681600 0.02662700 0.01366700
v -0.00706900 0.02760400 0.01439200
v -0.00411800 0.02718100 0.01366700
v -0.00427100 0.02817900 0.01439200
v -0.00137700 0.02746000 0.01366700
v -0.00142900 0.02846800 0.01439200
v 0.00137700 0.02746000 0.01366700
v 0.00142900 0.02846800 0.01439200
v 0.00411800 0.02718100 0.01366700
v 0.00427100 0.02817900 0.01439200
v 0.00681600 0.02662700 0.01366700
v 0.00706900 0.02760400 0.01439200
v 0.00944500 0.02580200 0.01366700
v 0.00979500 0.02674800 0.01439200
v 0.01197600 0.02471600 0.01366700
v 0.01242100 0.02562200 0.01439200
v 0.01438500 0.02337900 0.01366700
v 0.01491900 0.02423500 0.01439200
v 0.01664600 0.02180500 0.01366700
v 0.01726400 0.02260300 0.01439200
v 0.01760600 0.02102700 0.01366700
v 0.01943200 0.02074200 0.01439200
v 0.01873600 0.02001100 0.01366700
v 0.02140000 0.01867100 0.01439200
v 0.01974300 0.01900200 0.01366700
v 0.01974300 0.01900200 0.01366700
v 0.02063400 0.01801400 0.01366700
v 0.02140000 0.01867100 0.01439200
v 0.02232000 0.01583600 0.01366700
v 0.02314900 0.01641200 0.01439200
v 0.02377800 0.01349800 0.01366700
v 0.02466000 0.01398700 0.01439200
v 0.02499100 0.01102400 0.01366700
v 0.02591800 0.01142200 0.01439200
v 0.02594800 0.00844100 0.01366700
v 0.02691100 0.00874300 0.01439200
v 0.02663800 0.00577400 0.01366700
v 0.02762700 0.00597700 0.01439200
v 0.02705500 0.00305100 0.01366700
v 0.02805900 0.00315300 0.01439200
v 0.02719500 0.00030000 0.01366700
v 0.02820400 0.00030000 0.01439200
v -0.02936100 0.00030000 0.01484600
v -0.02805900 0.00315300 0.01439200
v -0.02921000 0.00327000 0.01484600
v -0.02762700 0.00597700 0.01439200
v -0.02876000 0.00621000 0.01484600
v -0.02691100 0.00874300 0.01439200
v -0.02801400 0.00909000 0.01484600
v -0.02591800 0.01142200 0.01439200
v -0.02698200 0.01187900 0.01484600
v -0.02466000 0.01398700 0.01439200
v -0.02567200 0.01454900 0.01484600
v -0.02314900 0.01641200 0.01439200
v -0.02409800 0.01707300 0.01484600
v -0.02140000 0.01867100 0.01439200
v -0.02227800 0.01942500 0.01484600
v -0.01943200 0.02074200 0.01439200
v -0.02022900 0.02158100 0.01484600
v -0.01726400 0.02260300 0.01439200
v -0.01797200 0.02351800 0.01484600
v -0.01491900 0.02423500 0.01439200
v -0.01553100 0.02521700 0.01484600
v -0.01242100 0.02562200 0.01439200
v -0.01293000 0.02666000 0.01484600
v -0.00979500 0.02674800 0.01439200
v -0.01019700 0.02783300 0.01484600
v -0.00706900 0.02760400 0.01439200
v -0.00735900 0.02872400 0.01484600
v -0.00427100 0.02817900 0.01439200
v -0.00444600 0.02932200 0.01484600
v -0.00142900 0.02846800 0.01439200
v -0.00148700 0.02962300 0.01484600
v 0.00142900 0.02846800 0.01439200
v 0.00148700 0.02962300 0.01484600
v 0.00427100 0.02817900 0.01439200
v 0.00444600 0.02932200 0.01484600
v 0.00706900 0.02760400 0.01439200
v 0.00735900 0.02872400 0.01484600
v 0.00979500 0.02674800 0.01439200
v 0.01019700 0.02783300 0.01484600
v 0.01242100 0.02562200 0.01439200
v 0.01293000 0.02666000 0.01484600
v 0.01491900 0.02423500 0.01439200
v 0.01553100 0.02521700 0.01484600
v 0.01726400 0.02260300 0.01439200
v 0.01797200 0.02351800 0.01484600
v 0.01943200 0.02074200 0.01439200
v 0.02022900 0.02158100 0.01484600
v 0.02140000 0.01867100 0.01439200
v 0.02227800 0.01942500 0.01484600
v 0.02314900 0.01641200 0.01439200
v 0.02409800 0.01707300 0.01484600
v 0.02466000 0.01398700 0.01439200
v 0.02567200 0.01454900 0.01484600
v 0.02591800 0.01142200 0.01439200
v 0.02698200 0.01187900 0.01484600
v 0.02691100 0.00874300 0.01439200
v 0.02801400 0.00909000 0.01484600
v 0.02762700 0.00597700 0.01439200
v 0.02876000 0.00621000 0.01484600
v 0.02805900 0.00315300 0.01439200
v 0.02921000 0.00327000 0.01484600
v 0.02820400 0.00030000 0.01439200
v 0.02936100 0.00030000 0.01484600
v -0.03059400 0.00030000 0.01500000
v -0.02921000 0.00327000 0.01484600
v -0.03043700 0.00339500 0.01500000
v -0.02876000 0.00621000 0.01484600
v -0.02996800 0.00645900 0.01500000
v -0.02801400 0.00909000 0.01484600
v -0.02919100 0.00945900 0.01500000
v -0.02698200 0.01187900 0.01484600
v -0.02811500 0.01236500 0.01500000
v -0.02567200 0.01454900 0.01484600
v -0.02675000 0.01514700 0.01500000
v -0.02409800 0.01707300 0.01484600
v -0.02511100 0.01777700 0.01500000
v -0.02227800 0.01942500 0.01484600
v -0.02321400 0.02022800 0.01500000
v -0.02022900 0.02158100 0.01484600
v -0.02107800 0.02247400 0.01500000
v -0.01797200 0.02351800 0.01484600
v -0.01872700 0.02449300 0.01500000
v -0.01553100 0.02521700 0.01484600
v -0.01618300 0.02626400 0.01500000
v -0.01293000 0.02666000 0.01484600
v -0.01347300 0.02776800 0.01500000
v -0.01019700 0.02783300 0.01484600
v -0.01062500 0.02899000 0.01500000
v -0.00735900 0.02872400 0.01484600
v -0.00766800 0.02991700 0.01500000
v -0.00444600 0.02932200 0.01484600
v -0.00463300 0.03054100 0.01500000
v -0.00148700 0.02962300 0.01484600
v -0.00155000 0.03085500 0.01500000
v 0.00148700 0.02962300 0.01484600
v 0.00155000 0.03085500 0.01500000
v 0.00444600 0.02932200 0.01484600
v 0.00463300 0.03054100 0.01500000
v 0.00735900 0.02872400 0.01484600
v 0.00766800 0.02991700 0.01500000
v 0.01019700 0.02783300 0.01484600
v 0.01062600 0.02899000 0.01500000
v 0.01293000 0.02666000 0.01484600
v 0.01347300 0.02776800 0.01500000
v 0.01553100 0.02521700 0.01484600
v 0.01618300 0.02626400 0.01500000
v 0.01797200 0.02351800 0.01484600
v 0.01872700 0.02449300 0.01500000
v 0.02022900 0.02158100 0.01484600
v 0.02107800 0.02247400 0.01500000
v 0.02227800 0.01942500 0.01484600
v 0.02321400 0.02022800 0.01500000
v 0.02409800 0.01707300 0.01484600
v 0.02511100 0.01777700 0.01500000
v 0.02567200 0.01454900 0.01484600
v 0.02675000 0.01514700 0.01500000
v 0.02698200 0.01187900 0.01484600
v 0.02811500 0.01236500 0.01500000
v 0.02801400 0.00909000 0.01484600
v 0.02919100 0.00945900 0.01500000
v 0.02876000 0.00621000 0.01484600
v 0.02996800 0.00645900 0.01500000
v 0.02921000 0.00327000 0.01484600
v 0.03043700 0.00339500 0.01500000
v 0.02936100 0.00030000 0.01484600
v 0.03059400 0.00030000 0.01500000
v 0.03059400 0.00030000 0.01500000
v 0.02936100 0.00030000 0.01484600
v 0.02921000 -0.00267000 0.01484600
v 0.02936100 0.00030000 0.01484600
v 0.02820400 0.00030000 0.01439200
v 0.02805900 -0.00255300 0.01439200
v 0.01760600 -0.02042700 0.01366700
v 0.01726400 -0.02200300 0.01439200
v 0.01873600 -0.01941100 0.01366700
v 0.01943200 -0.02014200 0.01439200
v 0.01974300 -0.01840200 0.01366700
v 0.02140000 -0.01807100 0.01439200
v 0.02063400 -0.01741400 0.01366700
v 0.02314900 -0.01581200 0.01439200
v 0.02232000 -0.01523600 0.01366700
v 0.02466000 -0.01338700 0.01439200
v 0.02377800 -0.01289800 0.01366700
v 0.02591800 -0.01082200 0.01439200
v 0.02499100 -0.01042400 0.01366700
v 0.02691100 -0.00814300 0.01439200
v 0.02594800 -0.00784100 0.01366700
v 0.02762700 -0.00537700 0.01439200
v 0.02663800 -0.00517400 0.01366700
v 0.02805900 -0.00255300 0.01439200
v 0.02705500 -0.00245100 0.01366700
v 0.02820400 0.00030000 0.01439200
v 0.02719500 0.00030000 0.01366700
v 0.01760600 -0.02042700 0.01366700
v 0.01664600 -0.02120500 0.01366700
v 0.01726400 -0.02200300 0.01439200
v 0.01438500 -0.02277900 0.01366700
v 0.01491900 -0.02363500 0.01439200
v 0.01197600 -0.02411600 0.01366700
v 0.01242100 -0.02502200 0.01439200
v 0.00944500 -0.02520200 0.01366700
v 0.00979500 -0.02614800 0.01439200
v 0.00681600 -0.02602700 0.01366700
v 0.00706900 -0.02700400 0.01439200
v 0.00411800 -0.02658100 0.01366700
v 0.00427100 -0.02757900 0.01439200
v 0.00137700 -0.02686000 0.01366700
v 0.00142900 -0.02786800 0.01439200
v -0.00137700 -0.02686000 0.01366700
v -0.00142900 -0.02786800 0.01439200
v -0.00411800 -0.02658100 0.01366700
v -0.00427100 -0.02757900 0.01439200
v -0.00681600 -0.02602700 0.01366700
v -0.00706900 -0.02700400 0.01439200
v -0.00944500 -0.02520200 0.01366700
v -0.00979500 -0.02614800 0.01439200
v -0.01197600 -0.02411600 0.01366700
v -0.01242100 -0.02502200 0.01439200
v -0.01438500 -0.02277900 0.01366700
v -0.01491900 -0.02363500 0.01439200
v -0.01664600 -0.02120500 0.01366700
v -0.01726400 -0.02200300 0.01439200
v -0.01760600 -0.02042700 0.01366700
v -0.01943200 -0.02014200 0.01439200
v -0.01873600 -0.01941100 0.01366700
v -0.02140000 -0.01807100 0.01439200
v -0.01974300 -0.01840200 0.01366700
v -0.01974300 -0.01840200 0.01366700
v -0.02063400 -0.01741400 0.01366700
v -0.02140000 -0.01807100 0.01439200
v -0.02232000 -0.01523600 0.01366700
v -0.02314900 -0.01581200 0.01439200
v -0.02377800 -0.01289800 0.01366700
v -0.02466000 -0.01338700 0.01439200
v -0.02499100 -0.01042400 0.01366700
v -0.02591800 -0.01082200 0.01439200
v -0.02594800 -0.00784100 0.01366700
v -0.02691100 -0.00814300 0.01439200
v -0.02663800 -0.00517400 0.01366700
v -0.02762700 -0.00537700 0.01439200
v -0.02705500 -0.00245100 0.01366700
v -0.02805900 -0.00255300 0.01439200
v -0.02719500 0.00030000 0.01366700
v -0.02820400 0.00030000 0.01439200
v 0.02936100 0.00030000 0.01484600
v 0.02805900 -0.00255300 0.01439200
v 0.02921000 -0.00267000 0.01484600
v 0.02762700 -0.00537700 0.01439200
v 0.02876000 -0.00561000 0.01484600
v 0.02691100 -0.00814300 0.01439200
v 0.02801400 -0.00849000 0.01484600
v 0.02591800 -0.01082200 0.01439200
v 0.02698200 -0.01127900 0.01484600
v 0.02466000 -0.01338700 0.01439200
v 0.02567200 -0.01394900 0.01484600
v 0.02314900 -0.01581200 0.01439200
v 0.02409800 -0.01647300 0.01484600
v 0.02140000 -0.01807100 0.01439200
v 0.02227800 -0.01882500 0.01484600
v 0.01943200 -0.02014200 0.01439200
v 0.02022900 -0.02098100 0.01484600
v 0.01726400 -0.02200300 0.01439200
v 0.01797200 -0.02291800 0.01484600
v 0.01491900 -0.02363500 0.01439200
v 0.01553100 -0.02461700 0.01484600
v 0.01242100 -0.02502200 0.01439200
v 0.01293000 -0.02606000 0.01484600
v 0.00979500 -0.02614800 0.01439200
v 0.01019700 -0.02723300 0.01484600
v 0.00706900 -0.02700400 0.01439200
v 0.00735900 -0.02812400 0.01484600
v 0.00427100 -0.02757900 0.01439200
v 0.00444600 -0.02872200 0.01484600
v 0.00142900 -0.02786800 0.01439200
v 0.00148700 -0.02902300 0.01484600
v -0.00142900 -0.02786800 0.01439200
v -0.00148700 -0.02902300 0.01484600
v -0.00427100 -0.02757900 0.01439200
v -0.00444600 -0.02872200 0.01484600
v -0.00706900 -0.02700400 0.01439200
v -0.00735900 -0.02812400 0.01484600
v -0.00979500 -0.02614800 0.01439200
v -0.01019700 -0.02723300 0.01484600
v -0.01242100 -0.02502200 0.01439200
v -0.01293000 -0.02606000 0.01484600
v -0.01491900 -0.02363500 0.01439200
v -0.01553100 -0.02461700 0.01484600
v -0.01726400 -0.02200300 0.01439200
v -0.01797200 -0.02291800 0.01484600
v -0.01943200 -0.02014200 0.01439200
v -0.02022900 -0.02098100 0.01484600
v -0.02140000 -0.01807100 0.01439200
v -0.02227800 -0.01882500 0.01484600
v -0.02314900 -0.01581200 0.01439200
v -0.02409800 -0.01647300 0.01484600
v -0.02466000 -0.01338700 0.01439200
v -0.02567200 -0.01394900 0.01484600
v -0.02591800 -0.01082200 0.01439200
v -0.02698200 -0.01127900 0.01484600
v -0.02691100 -0.00814300 0.01439200
v -0.02801400 -0.00849000 0.01484600
v -0.02762700 -0.00537700 0.01439200
v -0.02876000 -0.00561000 0.01484600
v -0.02805900 -0.00255300 0.01439200
v -0.02921000 -0.00267000 0.01484600
v -0.02820400 0.00030000 0.01439200
v -0.02936100 0.00030000 0.01484600
v 0.03059400 0.00030000 0.01500000
v 0.02921000 -0.00267000 0.01484600
v 0.03043700 -0.00279500 0.01500000
v 0.02876000 -0.00561000 0.01484600
v 0.02996800 -0.00585900 0.01500000
v 0.02801400 -0.00849000 0.01484600
v 0.02919100 -0.00885900 0.01500000
v 0.02698200 -0.01127900 0.01484600
v 0.02811500 -0.01176500 0.01500000
v 0.02567200 -0.01394900 0.01484600
v 0.02675000 -0.01454700 0.01500000
v 0.02409800 -0.01647300 0.01484600
v 0.02511100 -0.01717700 0.01500000
v 0.02227800 -0.01882500 0.01484600
v 0.02321400 -0.01962800 0.01500000
v 0.02022900 -0.02098100 0.01484600
v 0.02107800 -0.02187400 0.01500000
v 0.01797200 -0.02291800 0.01484600
v 0.01872700 -0.02389300 0.01500000
v 0.01553100 -0.02461700 0.01484600
v 0.01618300 -0.02566400 0.01500000
v 0.01293000 -0.02606000 0.01484600
v 0.01347300 -0.02716800 0.01500000
v 0.01019700 -0.02723300 0.01484600
v 0.01062600 -0.02839000 0.01500000
v 0.00735900 -0.02812400 0.01484600
v 0.00766800 -0.02931700 0.01500000
v 0.00444600 -0.02872200 0.01484600
v 0.00463300 -0.02994100 0.01500000
v 0.00148700 -0.02902300 0.01484600
v 0.00155000 -0.03025500 0.01500000
v -0.00148700 -0.02902300 0.01484600
v -0.00155000 -0.03025500 0.01500000
v -0.00444600 -0.02872200 0.01484600
v -0.00463300 -0.02994100 0.01500000
v -0.00735900 -0.02812400 0.01484600
v -0.00766800 -0.02931700 0.01500000
v -0.01019700 -0.02723300 0.01484600
v -0.01062500 -0.02839000 0.01500000
v -0.01293000 -0.02606000 0.01484600
v -0.01347300 -0.02716800 0.01500000
v -0.01553100 -0.02461700 0.01484600
v -0.01618300 -0.02566400 0.01500000
v -0.01797200 -0.02291800 0.01484600
v -0.01872700 -0.02389300 0.01500000
v -0.02022900 -0.02098100 0.01484600
v -0.02107800 -0.02187400 0.01500000
v -0.02227800 -0.01882500 0.01484600
v -0.02321400 -0.01962800 0.01500000
v -0.02409800 -0.01647300 0.01484600
v -0.02511100 -0.01717700 0.01500000
v -0.02567200 -0.01394900 0.01484600
v -0.02675000 -0.01454700 0.01500000
v -0.02698200 -0.01127900 0.01484600
v -0.02811500 -0.01176500 0.01500000
v -0.02801400 -0.00849000 0.01484600
v -0.02919100 -0.00885900 0.01500000
v -0.02876000 -0.00561000 0.01484600
v -0.02996800 -0.00585900 0.01500000
v -0.02921000 -0.00267000 0.01484600
v -0.03043700 -0.00279500 0.01500000
v -0.02936100 0.00030000 0.01484600
v -0.03059400 0.00030000 0.01500000
v -0.04309000 0.02703600 0.01000000
v -0.04207100 0.02822900 0.01000000
v -0.04331500 0.02671400 0.00000000
v -0.04207100 0.02822900 0.00000000
v -0.04309000 0.02703600 0.01000000
v -0.04331500 0.02671400 0.00000000
v -0.04391000 0.02569800 0.01000000
v -0.04423900 0.02498500 0.00000000
v -0.04423900 0.02498500 0.01000000
v -0.04423900 0.02498500 0.01000000
v -0.04423900 0.02498500 0.00000000
v -0.04451100 0.02424800 0.01000000
v -0.04480800 0.02310900 0.00000000
v -0.04487700 0.02272200 0.01000000
v -0.04500000 0.02115800 0.00000000
v -0.04500000 0.02115800 0.01000000
v -0.02085800 0.04530000 0.01000000
v -0.02085800 0.04530000 0.00000000
v -0.02280900 0.04510800 0.00000000
v -0.02792900 0.04237100 0.00000000
v -0.02792900 0.04237100 0.01000000
v -0.02673600 0.04339000 0.01000000
v -0.02792900 0.04237100 0.00000000
v -0.02673600 0.04339000 0.01000000
v -0.02641400 0.04361500 0.00000000
v -0.02539800 0.04421000 0.01000000
v -0.02468500 0.04453900 0.00000000
v -0.02539800 0.04421000 0.01000000
v -0.02468500 0.04453900 0.01000000
v -0.02468500 0.04453900 0.00000000
v -0.02394800 0.04481100 0.01000000
v -0.02280900 0.04510800 0.00000000
v -0.02242200 0.04517700 0.01000000
v -0.02085800 0.04530000 0.01000000
v 0.02673600 0.04339000 0.01000000
v 0.02792900 0.04237100 0.01000000
v 0.02641400 0.04361500 0.00000000
v 0.02792900 0.04237100 0.00000000
v 0.02673600 0.04339000 0.01000000
v 0.02641400 0.04361500 0.00000000
v 0.02539800 0.04421000 0.01000000
v 0.02468500 0.04453900 0.00000000
v 0.02468500 0.04453900 0.01000000
v 0.02468500 0.04453900 0.01000000
v 0.02468500 0.04453900 0.00000000
v 0.02394800 0.04481100 0.01000000
v 0.02280900 0.04510800 0.00000000
v 0.02242200 0.04517700 0.01000000
v 0.02085800 0.04530000 0.00000000
v 0.02085800 0.04530000 0.01000000
v 0.04500000 0.02115800 0.01000000
v 0.04500000 0.02115800 0.00000000
v 0.04480800 0.02310900 0.00000000
v 0.04207100 0.02822900 0.00000000
v 0.04207100 0.02822900 0.01000000
v 0.04309000 0.02703600 0.01000000
v 0.04207100 0.02822900 0.00000000
v 0.04309000 0.02703600 0.01000000
v 0.04331500 0.02671400 0.00000000
v 0.04391000 0.02569800 0.01000000
v 0.04423900 0.02498500 0.00000000
v 0.04391000 0.02569800 0.01000000
v 0.04423900 0.02498500 0.01000000
v 0.04423900 0.02498500 0.00000000
v 0.04451100 0.02424800 0.01000000
v 0.04480800 0.02310900 0.00000000
v 0.04487700 0.02272200 0.01000000
v 0.04500000 0.02115800 0.01000000
v 0.04309000 -0.02643600 0.01000000
v 0.04207100 -0.02762900 0.01000000
v 0.04331500 -0.02611400 0.00000000
v 0.04207100 -0.02762900 0.00000000
v 0.04309000 -0.02643600 0.01000000
v 0.04331500 -0.02611400 0.00000000
v 0.04391000 -0.02509800 0.01000000
v 0.04423900 -0.02438500 0.00000000
v 0.04423900 -0.02438500 0.01000000
v 0.04423900 -0.02438500 0.01000000
v 0.04423900 -0.02438500 0.00000000
v 0.04451100 -0.02364800 0.01000000
v 0.04480800 -0.02250900 0.00000000
v 0.04487700 -0.02212200 0.01000000
v 0.04500000 -0.02055800 0.00000000
v 0.04500000 -0.02055800 0.01000000
v 0.02085800 -0.04470000 0.01000000
v 0.02085800 -0.04470000 0.00000000
v 0.02280900 -0.04450800 0.00000000
v 0.02792900 -0.04177100 0.00000000
v 0.02792900 -0.04177100 0.01000000
v 0.02673600 -0.04279000 0.01000000
v 0.02792900 -0.04177100 0.00000000
v 0.02673600 -0.04279000 0.01000000
v 0.02641400 -0.04301500 0.00000000
v 0.02539800 -0.04361000 0.01000000
v 0.02468500 -0.04393900 0.00000000
v 0.02539800 -0.04361000 0.01000000
v 0.02468500 -0.04393900 0.01000000
v 0.02468500 -0.04393900 0.00000000
v 0.02394800 -0.04421100 0.01000000
v 0.02280900 -0.04450800 0.00000000
v 0.02242200 -0.04457700 0.01000000
v 0.02085800 -0.04470000 0.01000000
v -0.04500000 -0.02055800 0.01000000
v -0.04500000 -0.02055800 0.00000000
v -0.04480800 -0.02250900 0.00000000
v -0.04207100 -0.02762900 0.00000000
v -0.04207100 -0.02762900 0.01000000
v -0.04309000 -0.02643600 0.01000000
v -0.04207100 -0.02762900 0.00000000
v -0.04309000 -0.02643600 0.01000000
v -0.04331500 -0.02611400 0.00000000
v -0.04391000 -0.02509800 0.01000000
v -0.04423900 -0.02438500 0.00000000
v -0.04391000 -0.02509800 0.01000000
v -0.04423900 -0.02438500 0.01000000
v -0.04423900 -0.02438500 0.00000000
v -0.04451100 -0.02364800 0.01000000
v -0.04480800 -0.02250900 0.00000000
v -0.04487700 -0.02212200 0.01000000
v -0.04500000 -0.02055800 0.01000000
v -0.02673600 -0.04279000 0.01000000
v -0.02792900 -0.04177100 0.01000000
v -0.02641400 -0.04301500 0.00000000
v -0.02792900 -0.04177100 0.00000000
v -0.02673600 -0.04279000 0.01000000
v -0.02641400 -0.04301500 0.00000000
v -0.02539800 -0.04361000 0.01000000
v -0.02468500 -0.04393900 0.00000000
v -0.02468500 -0.04393900 0.01000000
v -0.02468500 -0.04393900 0.01000000
v -0.02468500 -0.04393900 0.00000000
v -0.02394800 -0.04421100 0.01000000
v -0.02280900 -0.04450800 0.00000000
v -0.02242200 -0.04457700 0.01000000
v -0.02085800 -0.04470000 0.00000000
v -0.02085800 -0.04470000 0.01000000
v 0.04103700 0.02211400 0.01487500
v 0.03993800 0.02194000 0.01500000
v 0.04000000 0.02115800 0.01500000
v 0.03853600 0.02469300 0.01500000
v 0.03904500 0.02409700 0.01500000
v 0.03932200 0.02548000 0.01487500
v 0.03994500 0.02475100 0.01487500
v 0.03945100 0.02560800 0.01483000
v 0.04080000 0.02537200 0.01450500
v 0.04000000 0.02115800 0.01500000
v 0.04111300 0.02115800 0.01487500
v 0.04103700 0.02211400 0.01487500
v 0.04129400 0.02115800 0.01483000
v 0.04208100 0.02227900 0.01450500
v 0.04156700 0.02592900 0.01390900
v 0.04030300 0.02646100 0.01433000
v 0.04080000 0.02537200 0.01450500
v 0.04007000 0.02622700 0.01450500
v 0.03945100 0.02560800 0.01483000
v 0.04129400 0.02115800 0.01483000
v 0.04216900 0.02115800 0.01450500
v 0.04208100 0.02227900 0.01450500
v 0.04250000 0.02115800 0.01433000
v 0.04301800 0.02242800 0.01390900
v 0.04220800 0.02639500 0.01311700
v 0.04103600 0.02719300 0.01353600
v 0.04156700 0.02592900 0.01390900
v 0.04074000 0.02689800 0.01390900
v 0.04030300 0.02646100 0.01433000
v 0.04250000 0.02115800 0.01433000
v 0.04311700 0.02115800 0.01390900
v 0.04301800 0.02242800 0.01390900
v 0.04353600 0.02115800 0.01353600
v 0.04379900 0.02255200 0.01311700
v 0.04269000 0.02674500 0.01216900
v 0.04159700 0.02775500 0.01250000
v 0.04220800 0.02639500 0.01311700
v 0.04130000 0.02745800 0.01311700
v 0.04103600 0.02719300 0.01353600
v 0.04353600 0.02115800 0.01353600
v 0.04390900 0.02115800 0.01311700
v 0.04379900 0.02255200 0.01311700
v 0.04433000 0.02115800 0.01250000
v 0.04438800 0.02264500 0.01216900
v 0.04298900 0.02696200 0.01111300
v 0.04195100 0.02810800 0.01129400
v 0.04269000 0.02674500 0.01216900
v 0.04172100 0.02787900 0.01216900
v 0.04159700 0.02775500 0.01250000
v 0.03904500 0.02409700 0.01500000
v 0.03945500 0.02342800 0.01500000
v 0.03994500 0.02475100 0.01487500
v 0.04044600 0.02393300 0.01487500
v 0.04080000 0.02537200 0.01450500
v 0.04138800 0.02441300 0.01450500
v 0.04156700 0.02592900 0.01390900
v 0.04223300 0.02484300 0.01390900
v 0.04220800 0.02639500 0.01311700
v 0.04293800 0.02520300 0.01311700
v 0.04269000 0.02674500 0.01216900
v 0.04346900 0.02547300 0.01216900
v 0.04298900 0.02696200 0.01111300
v 0.04379800 0.02564100 0.01111300
v 0.04309000 0.02703600 0.01000000
v 0.03975500 0.02270300 0.01500000
v 0.03993800 0.02194000 0.01500000
v 0.04081300 0.02304700 0.01487500
v 0.04103700 0.02211400 0.01487500
v 0.04181900 0.02337300 0.01450500
v 0.04208100 0.02227900 0.01450500
v 0.04272000 0.02366600 0.01390900
v 0.04301800 0.02242800 0.01390900
v 0.04347300 0.02391100 0.01311700
v 0.04379900 0.02255200 0.01311700
v 0.04404000 0.02409500 0.01216900
v 0.04438800 0.02264500 0.01216900
v 0.04439100 0.02420900 0.01111300
v 0.04475300 0.02270300 0.01111300
v 0.04487500 0.02115800 0.01111300
v 0.04475300 0.02270300 0.01111300
v 0.04483000 0.02115800 0.01129400
v 0.04438800 0.02264500 0.01216900
v 0.04450500 0.02115800 0.01216900
v 0.04433000 0.02115800 0.01250000
v 0.04309000 0.02703600 0.01000000
v 0.04207100 0.02822900 0.01000000
v 0.04298900 0.02696200 0.01111300
v 0.04198200 0.02814000 0.01111300
v 0.04195100 0.02810800 0.01129400
v 0.04451100 0.02424800 0.01000000
v 0.04423900 0.02498500 0.01000000
v 0.04379800 0.02564100 0.01111300
v 0.04391000 0.02569800 0.01000000
v 0.04309000 0.02703600 0.01000000
v 0.03945500 0.02342800 0.01500000
v 0.03975500 0.02270300 0.01500000
v 0.04044600 0.02393300 0.01487500
v 0.04081300 0.02304700 0.01487500
v 0.04138800 0.02441300 0.01450500
v 0.04181900 0.02337300 0.01450500
v 0.04223300 0.02484300 0.01390900
v 0.04272000 0.02366600 0.01390900
v 0.04293800 0.02520300 0.01311700
v 0.04347300 0.02391100 0.01311700
v 0.04346900 0.02547300 0.01216900
v 0.04404000 0.02409500 0.01216900
v 0.04379800 0.02564100 0.01111300
v 0.04439100 0.02420900 0.01111300
v 0.04451100 0.02424800 0.01000000
v 0.04475300 0.02270300 0.01111300
v 0.04487700 0.02272200 0.01000000
v 0.04487500 0.02115800 0.01111300
v 0.04500000 0.02115800 0.01000000
v 0.02439300 0.03883600 0.01500000
v 0.03853600 0.02469300 0.01500000
v 0.02518000 0.03962200 0.01487500
v 0.03932200 0.02548000 0.01487500
v 0.02530800 0.03975100 0.01483000
v 0.03945100 0.02560800 0.01483000
v 0.02592700 0.04037000 0.01450500
v 0.04007000 0.02622700 0.01450500
v 0.02616100 0.04060300 0.01433000
v 0.04030300 0.02646100 0.01433000
v 0.02659800 0.04104000 0.01390900
v 0.04074000 0.02689800 0.01390900
v 0.02689300 0.04133600 0.01353600
v 0.04103600 0.02719300 0.01353600
v 0.02715800 0.04160000 0.01311700
v 0.04130000 0.02745800 0.01311700
v 0.02745500 0.04189700 0.01250000
v 0.04159700 0.02775500 0.01250000
v 0.02757900 0.04202100 0.01216900
v 0.04172100 0.02787900 0.01216900
v 0.02780800 0.04225100 0.01129400
v 0.04195100 0.02810800 0.01129400
v 0.02784000 0.04228200 0.01111300
v 0.04198200 0.02814000 0.01111300
v 0.02792900 0.04237100 0.01000000
v 0.04207100 0.02822900 0.01000000
v 0.04000000 0.02115800 0.01500000
v 0.04000000 0.00030000 0.01500000
v 0.04111300 0.02115800 0.01487500
v 0.04129400 0.00030000 0.01483000
v 0.04129400 0.02115800 0.01483000
v 0.04129400 0.02115800 0.01483000
v 0.04129400 0.00030000 0.01483000
v 0.04216900 0.02115800 0.01450500
v 0.04250000 0.00030000 0.01433000
v 0.04250000 0.02115800 0.01433000
v 0.04250000 0.02115800 0.01433000
v 0.04250000 0.00030000 0.01433000
v 0.04311700 0.02115800 0.01390900
v 0.04353600 0.00030000 0.01353600
v 0.04353600 0.02115800 0.01353600
v 0.04353600 0.02115800 0.01353600
v 0.04353600 0.00030000 0.01353600
v 0.04390900 0.02115800 0.01311700
v 0.04433000 0.00030000 0.01250000
v 0.04433000 0.02115800 0.01250000
v 0.04433000 0.02115800 0.01250000
v 0.04433000 0.00030000 0.01250000
v 0.04450500 0.02115800 0.01216900
v 0.04483000 0.00030000 0.01129400
v 0.04483000 0.02115800 0.01129400
v 0.04483000 0.02115800 0.01129400
v 0.04483000 0.00030000 0.01129400
v 0.04487500 0.02115800 0.01111300
v 0.04500000 0.00030000 0.01000000
v 0.04500000 0.02115800 0.01000000
v 0.02445100 0.04024500 0.01487500
v 0.02379700 0.03934500 0.01500000
v 0.02439300 0.03883600 0.01500000
v 0.02085800 0.04030000 0.01500000
v 0.02164000 0.04023800 0.01500000
v 0.02085800 0.04141300 0.01487500
v 0.02181400 0.04133700 0.01487500
v 0.02085800 0.04159400 0.01483000
v 0.02197900 0.04238100 0.01450500
v 0.02439300 0.03883600 0.01500000
v 0.02518000 0.03962200 0.01487500
v 0.02445100 0.04024500 0.01487500
v 0.02530800 0.03975100 0.01483000
v 0.02507200 0.04110000 0.01450500
v 0.02212800 0.04331800 0.01390900
v 0.02085800 0.04280000 0.01433000
v 0.02197900 0.04238100 0.01450500
v 0.02085800 0.04246900 0.01450500
v 0.02085800 0.04159400 0.01483000
v 0.02530800 0.03975100 0.01483000
v 0.02592700 0.04037000 0.01450500
v 0.02507200 0.04110000 0.01450500
v 0.02616100 0.04060300 0.01433000
v 0.02562900 0.04186700 0.01390900
v 0.02225200 0.04409900 0.01311700
v 0.02085800 0.04383600 0.01353600
v 0.02212800 0.04331800 0.01390900
v 0.02085800 0.04341700 0.01390900
v 0.02085800 0.04280000 0.01433000
v 0.02616100 0.04060300 0.01433000
v 0.02659800 0.04104000 0.01390900
v 0.02562900 0.04186700 0.01390900
v 0.02689300 0.04133600 0.01353600
v 0.02609500 0.04250800 0.01311700
v 0.02234500 0.04468800 0.01216900
v 0.02085800 0.04463000 0.01250000
v 0.02225200 0.04409900 0.01311700
v 0.02085800 0.04420900 0.01311700
v 0.02085800 0.04383600 0.01353600
v 0.02240300 0.04005500 0.01500000
v 0.02312800 0.03975500 0.01500000
v 0.02274700 0.04111300 0.01487500
v 0.02363300 0.04074600 0.01487500
v 0.02307300 0.04211900 0.01450500
v 0.02411300 0.04168800 0.01450500
v 0.02336600 0.04302000 0.01390900
v 0.02454300 0.04253300 0.01390900
v 0.02361100 0.04377300 0.01311700
v 0.02490300 0.04323800 0.01311700
v 0.02379500 0.04434000 0.01216900
v 0.02517300 0.04376900 0.01216900
v 0.02390900 0.04469100 0.01111300
v 0.02312800 0.03975500 0.01500000
v 0.02379700 0.03934500 0.01500000
v 0.02363300 0.04074600 0.01487500
v 0.02445100 0.04024500 0.01487500
v 0.02411300 0.04168800 0.01450500
v 0.02507200 0.04110000 0.01450500
v 0.02454300 0.04253300 0.01390900
v 0.02562900 0.04186700 0.01390900
v 0.02490300 0.04323800 0.01311700
v 0.02609500 0.04250800 0.01311700
v 0.02517300 0.04376900 0.01216900
v 0.02644500 0.04299000 0.01216900
v 0.02240300 0.04505300 0.01111300
v 0.02085800 0.04513000 0.01129400
v 0.02234500 0.04468800 0.01216900
v 0.02085800 0.04480500 0.01216900
v 0.02085800 0.04463000 0.01250000
v 0.02689300 0.04133600 0.01353600
v 0.02715800 0.04160000 0.01311700
v 0.02609500 0.04250800 0.01311700
v 0.02745500 0.04189700 0.01250000
v 0.02644500 0.04299000 0.01216900
v 0.02757900 0.04202100 0.01216900
v 0.02780800 0.04225100 0.01129400
v 0.02390900 0.04469100 0.01111300
v 0.02517300 0.04376900 0.01216900
v 0.02534100 0.04409800 0.01111300
v 0.02644500 0.04299000 0.01216900
v 0.02666200 0.04328900 0.01111300
v 0.02780800 0.04225100 0.01129400
v 0.02784000 0.04228200 0.01111300
v 0.02242200 0.04517700 0.01000000
v 0.02085800 0.04530000 0.01000000
v 0.02240300 0.04505300 0.01111300
v 0.02085800 0.04517500 0.01111300
v 0.02085800 0.04513000 0.01129400
v 0.02164000 0.04023800 0.01500000
v 0.02240300 0.04005500 0.01500000
v 0.02181400 0.04133700 0.01487500
v 0.02274700 0.04111300 0.01487500
v 0.02197900 0.04238100 0.01450500
v 0.02307300 0.04211900 0.01450500
v 0.02212800 0.04331800 0.01390900
v 0.02336600 0.04302000 0.01390900
v 0.02225200 0.04409900 0.01311700
v 0.02361100 0.04377300 0.01311700
v 0.02234500 0.04468800 0.01216900
v 0.02379500 0.04434000 0.01216900
v 0.02240300 0.04505300 0.01111300
v 0.02390900 0.04469100 0.01111300
v 0.02242200 0.04517700 0.01000000
v 0.02394800 0.04481100 0.01000000
v 0.02394800 0.04481100 0.01000000
v 0.02390900 0.04469100 0.01111300
v 0.02468500 0.04453900 0.01000000
v 0.02534100 0.04409800 0.01111300
v 0.02539800 0.04421000 0.01000000
v 0.02666200 0.04328900 0.01111300
v 0.02673600 0.04339000 0.01000000
v 0.02784000 0.04228200 0.01111300
v 0.02792900 0.04237100 0.01000000
v 0.04000000 -0.02055800 0.01500000
v 0.04111300 -0.02055800 0.01487500
v 0.04000000 0.00030000 0.01500000
v 0.04129400 0.00030000 0.01483000
v 0.04111300 -0.02055800 0.01487500
v 0.04129400 -0.02055800 0.01483000
v 0.04129400 0.00030000 0.01483000
v 0.04216900 -0.02055800 0.01450500
v 0.04250000 0.00030000 0.01433000
v 0.04216900 -0.02055800 0.01450500
v 0.04250000 -0.02055800 0.01433000
v 0.04250000 0.00030000 0.01433000
v 0.04311700 -0.02055800 0.01390900
v 0.04353600 0.00030000 0.01353600
v 0.04311700 -0.02055800 0.01390900
v 0.04353600 -0.02055800 0.01353600
v 0.04353600 0.00030000 0.01353600
v 0.04390900 -0.02055800 0.01311700
v 0.04433000 0.00030000 0.01250000
v 0.04390900 -0.02055800 0.01311700
v 0.04433000 -0.02055800 0.01250000
v 0.04433000 0.00030000 0.01250000
v 0.04450500 -0.02055800 0.01216900
v 0.04483000 0.00030000 0.01129400
v 0.04500000 -0.02055800 0.01000000
v 0.04500000 0.00030000 0.01000000
v 0.04487500 -0.02055800 0.01111300
v 0.04483000 0.00030000 0.01129400
v 0.04483000 -0.02055800 0.01129400
v 0.04450500 -0.02055800 0.01216900
v -0.02085800 0.04030000 0.01500000
v 0.02085800 0.04030000 0.01500000
v -0.02085800 0.04141300 0.01487500
v 0.02085800 0.04141300 0.01487500
v -0.02085800 0.04159400 0.01483000
v 0.02085800 0.04159400 0.01483000
v -0.02085800 0.04246900 0.01450500
v 0.02085800 0.04246900 0.01450500
v -0.02085800 0.04280000 0.01433000
v 0.02085800 0.04280000 0.01433000
v -0.02085800 0.04341700 0.01390900
v 0.02085800 0.04341700 0.01390900
v -0.02085800 0.04383600 0.01353600
v 0.02085800 0.04383600 0.01353600
v -0.02085800 0.04420900 0.01311700
v 0.02085800 0.04420900 0.01311700
v -0.02085800 0.04463000 0.01250000
v 0.02085800 0.04463000 0.01250000
v -0.02085800 0.04480500 0.01216900
v 0.02085800 0.04480500 0.01216900
v -0.02085800 0.04513000 0.01129400
v 0.02085800 0.04513000 0.01129400
v -0.02085800 0.04517500 0.01111300
v 0.02085800 0.04517500 0.01111300
v -0.02085800 0.04530000 0.01000000
v 0.02085800 0.04530000 0.01000000
v 0.03994500 -0.02415100 0.01487500
v 0.03904500 -0.02349700 0.01500000
v 0.03853600 -0.02409300 0.01500000
v 0.04000000 -0.02055800 0.01500000
v 0.03993800 -0.02134000 0.01500000
v 0.04111300 -0.02055800 0.01487500
v 0.04103700 -0.02151400 0.01487500
v 0.04129400 -0.02055800 0.01483000
v 0.04208100 -0.02167900 0.01450500
v 0.03853600 -0.02409300 0.01500000
v 0.03932200 -0.02488000 0.01487500
v 0.03994500 -0.02415100 0.01487500
v 0.03945100 -0.02500800 0.01483000
v 0.04080000 -0.02477200 0.01450500
v 0.04301800 -0.02182800 0.01390900
v 0.04250000 -0.02055800 0.01433000
v 0.04208100 -0.02167900 0.01450500
v 0.04216900 -0.02055800 0.01450500
v 0.04129400 -0.02055800 0.01483000
v 0.03945100 -0.02500800 0.01483000
v 0.04007000 -0.02562700 0.01450500
v 0.04080000 -0.02477200 0.01450500
v 0.04030300 -0.02586100 0.01433000
v 0.04156700 -0.02532900 0.01390900
v 0.04379900 -0.02195200 0.01311700
v 0.04353600 -0.02055800 0.01353600
v 0.04301800 -0.02182800 0.01390900
v 0.04311700 -0.02055800 0.01390900
v 0.04250000 -0.02055800 0.01433000
v 0.04030300 -0.02586100 0.01433000
v 0.04074000 -0.02629800 0.01390900
v 0.04156700 -0.02532900 0.01390900
v 0.04103600 -0.02659300 0.01353600
v 0.04220800 -0.02579500 0.01311700
v 0.04438800 -0.02204500 0.01216900
v 0.04433000 -0.02055800 0.01250000
v 0.04379900 -0.02195200 0.01311700
v 0.04390900 -0.02055800 0.01311700
v 0.04353600 -0.02055800 0.01353600
v 0.04103600 -0.02659300 0.01353600
v 0.04130000 -0.02685800 0.01311700
v 0.04220800 -0.02579500 0.01311700
v 0.04159700 -0.02715500 0.01250000
v 0.04269000 -0.02614500 0.01216900
v 0.04475300 -0.02210300 0.01111300
v 0.04483000 -0.02055800 0.01129400
v 0.04438800 -0.02204500 0.01216900
v 0.04450500 -0.02055800 0.01216900
v 0.04433000 -0.02055800 0.01250000
v 0.03993800 -0.02134000 0.01500000
v 0.03975500 -0.02210300 0.01500000
v 0.04103700 -0.02151400 0.01487500
v 0.04081300 -0.02244700 0.01487500
v 0.04208100 -0.02167900 0.01450500
v 0.04181900 -0.02277300 0.01450500
v 0.04301800 -0.02182800 0.01390900
v 0.04272000 -0.02306600 0.01390900
v 0.04379900 -0.02195200 0.01311700
v 0.04347300 -0.02331100 0.01311700
v 0.04438800 -0.02204500 0.01216900
v 0.04404000 -0.02349500 0.01216900
v 0.04475300 -0.02210300 0.01111300
v 0.04439100 -0.02360900 0.01111300
v 0.04487700 -0.02212200 0.01000000
v 0.03945500 -0.02282800 0.01500000
v 0.03904500 -0.02349700 0.01500000
v 0.04044600 -0.02333300 0.01487500
v 0.03994500 -0.02415100 0.01487500
v 0.04138800 -0.02381300 0.01450500
v 0.04080000 -0.02477200 0.01450500
v 0.04223300 -0.02424300 0.01390900
v 0.04156700 -0.02532900 0.01390900
v 0.04293800 -0.02460300 0.01311700
v 0.04220800 -0.02579500 0.01311700
v 0.04346900 -0.02487300 0.01216900
v 0.04269000 -0.02614500 0.01216900
v 0.04379800 -0.02504100 0.01111300
v 0.04298900 -0.02636200 0.01111300
v 0.04198200 -0.02754000 0.01111300
v 0.04298900 -0.02636200 0.01111300
v 0.04195100 -0.02750800 0.01129400
v 0.04269000 -0.02614500 0.01216900
v 0.04172100 -0.02727900 0.01216900
v 0.04159700 -0.02715500 0.01250000
v 0.04487700 -0.02212200 0.01000000
v 0.04500000 -0.02055800 0.01000000
v 0.04475300 -0.02210300 0.01111300
v 0.04487500 -0.02055800 0.01111300
v 0.04483000 -0.02055800 0.01129400
v 0.04391000 -0.02509800 0.01000000
v 0.04423900 -0.02438500 0.01000000
v 0.04439100 -0.02360900 0.01111300
v 0.04451100 -0.02364800 0.01000000
v 0.04487700 -0.02212200 0.01000000
v 0.03975500 -0.02210300 0.01500000
v 0.03945500 -0.02282800 0.01500000
v 0.04081300 -0.02244700 0.01487500
v 0.04044600 -0.02333300 0.01487500
v 0.04181900 -0.02277300 0.01450500
v 0.04138800 -0.02381300 0.01450500
v 0.04272000 -0.02306600 0.01390900
v 0.04223300 -0.02424300 0.01390900
v 0.04347300 -0.02331100 0.01311700
v 0.04293800 -0.02460300 0.01311700
v 0.04404000 -0.02349500 0.01216900
v 0.04346900 -0.02487300 0.01216900
v 0.04439100 -0.02360900 0.01111300
v 0.04379800 -0.02504100 0.01111300
v 0.04391000 -0.02509800 0.01000000
v 0.04298900 -0.02636200 0.01111300
v 0.04309000 -0.02643600 0.01000000
v 0.04198200 -0.02754000 0.01111300
v 0.04207100 -0.02762900 0.01000000
v -0.02181400 0.04133700 0.01487500
v -0.02164000 0.04023800 0.01500000
v -0.02085800 0.04030000 0.01500000
v -0.02439300 0.03883600 0.01500000
v -0.02379700 0.03934500 0.01500000
v -0.02518000 0.03962200 0.01487500
v -0.02445100 0.04024500 0.01487500
v -0.02530800 0.03975100 0.01483000
v -0.02507200 0.04110000 0.01450500
v -0.02085800 0.04030000 0.01500000
v -0.02085800 0.04141300 0.01487500
v -0.02181400 0.04133700 0.01487500
v -0.02085800 0.04159400 0.01483000
v -0.02197900 0.04238100 0.01450500
v -0.02562900 0.04186700 0.01390900
v -0.02616100 0.04060300 0.01433000
v -0.02507200 0.04110000 0.01450500
v -0.02592700 0.04037000 0.01450500
v -0.02530800 0.03975100 0.01483000
v -0.02085800 0.04159400 0.01483000
v -0.02085800 0.04246900 0.01450500
v -0.02197900 0.04238100 0.01450500
v -0.02085800 0.04280000 0.01433000
v -0.02212800 0.04331800 0.01390900
v -0.02609500 0.04250800 0.01311700
v -0.02689300 0.04133600 0.01353600
v -0.02562900 0.04186700 0.01390900
v -0.02659800 0.04104000 0.01390900
v -0.02616100 0.04060300 0.01433000
v -0.02085800 0.04280000 0.01433000
v -0.02085800 0.04341700 0.01390900
v -0.02212800 0.04331800 0.01390900
v -0.02085800 0.04383600 0.01353600
v -0.02225200 0.04409900 0.01311700
v -0.02644500 0.04299000 0.01216900
v -0.02745500 0.04189700 0.01250000
v -0.02609500 0.04250800 0.01311700
v -0.02715800 0.04160000 0.01311700
v -0.02689300 0.04133600 0.01353600
v -0.02312800 0.03975500 0.01500000
v -0.02240300 0.04005500 0.01500000
v -0.02363300 0.04074600 0.01487500
v -0.02274700 0.04111300 0.01487500
v -0.02411300 0.04168800 0.01450500
v -0.02307300 0.04211900 0.01450500
v -0.02454300 0.04253300 0.01390900
v -0.02336600 0.04302000 0.01390900
v -0.02490300 0.04323800 0.01311700
v -0.02361100 0.04377300 0.01311700
v -0.02517300 0.04376900 0.01216900
v -0.02379500 0.04434000 0.01216900
v -0.02534100 0.04409800 0.01111300
v -0.02240300 0.04005500 0.01500000
v -0.02164000 0.04023800 0.01500000
v -0.02274700 0.04111300 0.01487500
v -0.02181400 0.04133700 0.01487500
v -0.02307300 0.04211900 0.01450500
v -0.02197900 0.04238100 0.01450500
v -0.02336600 0.04302000 0.01390900
v -0.02212800 0.04331800 0.01390900
v -0.02361100 0.04377300 0.01311700
v -0.02225200 0.04409900 0.01311700
v -0.02379500 0.04434000 0.01216900
v -0.02234500 0.04468800 0.01216900
v -0.02666200 0.04328900 0.01111300
v -0.02780800 0.04225100 0.01129400
v -0.02644500 0.04299000 0.01216900
v -0.02757900 0.04202100 0.01216900
v -0.02745500 0.04189700 0.01250000
v -0.02085800 0.04383600 0.01353600
v -0.02085800 0.04420900 0.01311700
v -0.02225200 0.04409900 0.01311700
v -0.02085800 0.04463000 0.01250000
v -0.02234500 0.04468800 0.01216900
v -0.02085800 0.04480500 0.01216900
v -0.02085800 0.04513000 0.01129400
v -0.02534100 0.04409800 0.01111300
v -0.02379500 0.04434000 0.01216900
v -0.02390900 0.04469100 0.01111300
v -0.02234500 0.04468800 0.01216900
v -0.02240300 0.04505300 0.01111300
v -0.02085800 0.04513000 0.01129400
v -0.02085800 0.04517500 0.01111300
v -0.02673600 0.04339000 0.01000000
v -0.02792900 0.04237100 0.01000000
v -0.02666200 0.04328900 0.01111300
v -0.02784000 0.04228200 0.01111300
v -0.02780800 0.04225100 0.01129400
v -0.02379700 0.03934500 0.01500000
v -0.02312800 0.03975500 0.01500000
v -0.02445100 0.04024500 0.01487500
v -0.02363300 0.04074600 0.01487500
v -0.02507200 0.04110000 0.01450500
v -0.02411300 0.04168800 0.01450500
v -0.02562900 0.04186700 0.01390900
v -0.02454300 0.04253300 0.01390900
v -0.02609500 0.04250800 0.01311700
v -0.02490300 0.04323800 0.01311700
v -0.02644500 0.04299000 0.01216900
v -0.02517300 0.04376900 0.01216900
v -0.02666200 0.04328900 0.01111300
v -0.02534100 0.04409800 0.01111300
v -0.02673600 0.04339000 0.01000000
v -0.02539800 0.04421000 0.01000000
v -0.02539800 0.04421000 0.01000000
v -0.02534100 0.04409800 0.01111300
v -0.02468500 0.04453900 0.01000000
v -0.02390900 0.04469100 0.01111300
v -0.02394800 0.04481100 0.01000000
v -0.02240300 0.04505300 0.01111300
v -0.02242200 0.04517700 0.01000000
v -0.02085800 0.04517500 0.01111300
v -0.02085800 0.04530000 0.01000000
v 0.03853600 -0.02409300 0.01500000
v 0.02439300 -0.03823600 0.01500000
v 0.03932200 -0.02488000 0.01487500
v 0.02518000 -0.03902200 0.01487500
v 0.03945100 -0.02500800 0.01483000
v 0.02530800 -0.03915100 0.01483000
v 0.04007000 -0.02562700 0.01450500
v 0.02592700 -0.03977000 0.01450500
v 0.04030300 -0.02586100 0.01433000
v 0.02616100 -0.04000300 0.01433000
v 0.04074000 -0.02629800 0.01390900
v 0.02659800 -0.04044000 0.01390900
v 0.04103600 -0.02659300 0.01353600
v 0.02689300 -0.04073600 0.01353600
v 0.04130000 -0.02685800 0.01311700
v 0.02715800 -0.04100000 0.01311700
v 0.04159700 -0.02715500 0.01250000
v 0.02745500 -0.04129700 0.01250000
v 0.04172100 -0.02727900 0.01216900
v 0.02757900 -0.04142100 0.01216900
v 0.04195100 -0.02750800 0.01129400
v 0.02780800 -0.04165100 0.01129400
v 0.04198200 -0.02754000 0.01111300
v 0.02784000 -0.04168200 0.01111300
v 0.04207100 -0.02762900 0.01000000
v 0.02792900 -0.04177100 0.01000000
v -0.03853600 0.02469300 0.01500000
v -0.02439300 0.03883600 0.01500000
v -0.03932200 0.02548000 0.01487500
v -0.02518000 0.03962200 0.01487500
v -0.03945100 0.02560800 0.01483000
v -0.02530800 0.03975100 0.01483000
v -0.04007000 0.02622700 0.01450500
v -0.02592700 0.04037000 0.01450500
v -0.04030300 0.02646100 0.01433000
v -0.02616100 0.04060300 0.01433000
v -0.04074000 0.02689800 0.01390900
v -0.02659800 0.04104000 0.01390900
v -0.04103600 0.02719300 0.01353600
v -0.02689300 0.04133600 0.01353600
v -0.04130000 0.02745800 0.01311700
v -0.02715800 0.04160000 0.01311700
v -0.04159700 0.02775500 0.01250000
v -0.02745500 0.04189700 0.01250000
v -0.04172100 0.02787900 0.01216900
v -0.02757900 0.04202100 0.01216900
v -0.04195100 0.02810800 0.01129400
v -0.02780800 0.04225100 0.01129400
v -0.04198200 0.02814000 0.01111300
v -0.02784000 0.04228200 0.01111300
v -0.04207100 0.02822900 0.01000000
v -0.02792900 0.04237100 0.01000000
v 0.02181400 -0.04073700 0.01487500
v 0.02164000 -0.03963800 0.01500000
v 0.02085800 -0.03970000 0.01500000
v 0.02439300 -0.03823600 0.01500000
v 0.02379700 -0.03874500 0.01500000
v 0.02518000 -0.03902200 0.01487500
v 0.02445100 -0.03964500 0.01487500
v 0.02530800 -0.03915100 0.01483000
v 0.02507200 -0.04050000 0.01450500
v 0.02085800 -0.03970000 0.01500000
v 0.02085800 -0.04081300 0.01487500
v 0.02181400 -0.04073700 0.01487500
v 0.02085800 -0.04099400 0.01483000
v 0.02197900 -0.04178100 0.01450500
v 0.02562900 -0.04126700 0.01390900
v 0.02616100 -0.04000300 0.01433000
v 0.02507200 -0.04050000 0.01450500
v 0.02592700 -0.03977000 0.01450500
v 0.02530800 -0.03915100 0.01483000
v 0.02085800 -0.04099400 0.01483000
v 0.02085800 -0.04186900 0.01450500
v 0.02197900 -0.04178100 0.01450500
v 0.02085800 -0.04220000 0.01433000
v 0.02212800 -0.04271800 0.01390900
v 0.02609500 -0.04190800 0.01311700
v 0.02689300 -0.04073600 0.01353600
v 0.02562900 -0.04126700 0.01390900
v 0.02659800 -0.04044000 0.01390900
v 0.02616100 -0.04000300 0.01433000
v 0.02085800 -0.04220000 0.01433000
v 0.02085800 -0.04281700 0.01390900
v 0.02212800 -0.04271800 0.01390900
v 0.02085800 -0.04323600 0.01353600
v 0.02225200 -0.04349900 0.01311700
v 0.02644500 -0.04239000 0.01216900
v 0.02745500 -0.04129700 0.01250000
v 0.02609500 -0.04190800 0.01311700
v 0.02715800 -0.04100000 0.01311700
v 0.02689300 -0.04073600 0.01353600
v 0.02312800 -0.03915500 0.01500000
v 0.02240300 -0.03945500 0.01500000
v 0.02363300 -0.04014600 0.01487500
v 0.02274700 -0.04051300 0.01487500
v 0.02411300 -0.04108800 0.01450500
v 0.02307300 -0.04151900 0.01450500
v 0.02454300 -0.04193300 0.01390900
v 0.02336600 -0.04242000 0.01390900
v 0.02490300 -0.04263800 0.01311700
v 0.02361100 -0.04317300 0.01311700
v 0.02517300 -0.04316900 0.01216900
v 0.02379500 -0.04374000 0.01216900
v 0.02534100 -0.04349800 0.01111300
v 0.02240300 -0.03945500 0.01500000
v 0.02164000 -0.03963800 0.01500000
v 0.02274700 -0.04051300 0.01487500
v 0.02181400 -0.04073700 0.01487500
v 0.02307300 -0.04151900 0.01450500
v 0.02197900 -0.04178100 0.01450500
v 0.02336600 -0.04242000 0.01390900
v 0.02212800 -0.04271800 0.01390900
v 0.02361100 -0.04317300 0.01311700
v 0.02225200 -0.04349900 0.01311700
v 0.02379500 -0.04374000 0.01216900
v 0.02234500 -0.04408800 0.01216900
v 0.02666200 -0.04268900 0.01111300
v 0.02780800 -0.04165100 0.01129400
v 0.02644500 -0.04239000 0.01216900
v 0.02757900 -0.04142100 0.01216900
v 0.02745500 -0.04129700 0.01250000
v 0.02085800 -0.04323600 0.01353600
v 0.02085800 -0.04360900 0.01311700
v 0.02225200 -0.04349900 0.01311700
v 0.02085800 -0.04403000 0.01250000
v 0.02234500 -0.04408800 0.01216900
v 0.02085800 -0.04420500 0.01216900
v 0.02085800 -0.04453000 0.01129400
v 0.02534100 -0.04349800 0.01111300
v 0.02379500 -0.04374000 0.01216900
v 0.02390900 -0.04409100 0.01111300
v 0.02234500 -0.04408800 0.01216900
v 0.02240300 -0.04445300 0.01111300
v 0.02085800 -0.04453000 0.01129400
v 0.02085800 -0.04457500 0.01111300
v 0.02673600 -0.04279000 0.01000000
v 0.02792900 -0.04177100 0.01000000
v 0.02666200 -0.04268900 0.01111300
v 0.02784000 -0.04168200 0.01111300
v 0.02780800 -0.04165100 0.01129400
v 0.02379700 -0.03874500 0.01500000
v 0.02312800 -0.03915500 0.01500000
v 0.02445100 -0.03964500 0.01487500
v 0.02363300 -0.04014600 0.01487500
v 0.02507200 -0.04050000 0.01450500
v 0.02411300 -0.04108800 0.01450500
v 0.02562900 -0.04126700 0.01390900
v 0.02454300 -0.04193300 0.01390900
v 0.02609500 -0.04190800 0.01311700
v 0.02490300 -0.04263800 0.01311700
v 0.02644500 -0.04239000 0.01216900
v 0.02517300 -0.04316900 0.01216900
v 0.02666200 -0.04268900 0.01111300
v 0.02534100 -0.04349800 0.01111300
v 0.02673600 -0.04279000 0.01000000
v 0.02539800 -0.04361000 0.01000000
v 0.02539800 -0.04361000 0.01000000
v 0.02534100 -0.04349800 0.01111300
v 0.02468500 -0.04393900 0.01000000
v 0.02390900 -0.04409100 0.01111300
v 0.02394800 -0.04421100 0.01000000
v 0.02240300 -0.04445300 0.01111300
v 0.02242200 -0.04457700 0.01000000
v 0.02085800 -0.04457500 0.01111300
v 0.02085800 -0.04470000 0.01000000
v -0.03994500 0.02475100 0.01487500
v -0.03904500 0.02409700 0.01500000
v -0.03853600 0.02469300 0.01500000
v -0.04000000 0.02115800 0.01500000
v -0.03993800 0.02194000 0.01500000
v -0.04111300 0.02115800 0.01487500
v -0.04103700 0.02211400 0.01487500
v -0.04129400 0.02115800 0.01483000
v -0.04208100 0.02227900 0.01450500
v -0.03853600 0.02469300 0.01500000
v -0.03932200 0.02548000 0.01487500
v -0.03994500 0.02475100 0.01487500
v -0.03945100 0.02560800 0.01483000
v -0.04080000 0.02537200 0.01450500
v -0.04301800 0.02242800 0.01390900
v -0.04250000 0.02115800 0.01433000
v -0.04208100 0.02227900 0.01450500
v -0.04216900 0.02115800 0.01450500
v -0.04129400 0.02115800 0.01483000
v -0.03945100 0.02560800 0.01483000
v -0.04007000 0.02622700 0.01450500
v -0.04080000 0.02537200 0.01450500
v -0.04030300 0.02646100 0.01433000
v -0.04156700 0.02592900 0.01390900
v -0.04379900 0.02255200 0.01311700
v -0.04353600 0.02115800 0.01353600
v -0.04301800 0.02242800 0.01390900
v -0.04311700 0.02115800 0.01390900
v -0.04250000 0.02115800 0.01433000
v -0.04030300 0.02646100 0.01433000
v -0.04074000 0.02689800 0.01390900
v -0.04156700 0.02592900 0.01390900
v -0.04103600 0.02719300 0.01353600
v -0.04220800 0.02639500 0.01311700
v -0.04438800 0.02264500 0.01216900
v -0.04433000 0.02115800 0.01250000
v -0.04379900 0.02255200 0.01311700
v -0.04390900 0.02115800 0.01311700
v -0.04353600 0.02115800 0.01353600
v -0.03975500 0.02270300 0.01500000
v -0.03945500 0.02342800 0.01500000
v -0.04081300 0.02304700 0.01487500
v -0.04044600 0.02393300 0.01487500
v -0.04181900 0.02337300 0.01450500
v -0.04138800 0.02441300 0.01450500
v -0.04272000 0.02366600 0.01390900
v -0.04223300 0.02484300 0.01390900
v -0.04347300 0.02391100 0.01311700
v -0.04293800 0.02520300 0.01311700
v -0.04404000 0.02409500 0.01216900
v -0.04346900 0.02547300 0.01216900
v -0.04439100 0.02420900 0.01111300
v -0.03945500 0.02342800 0.01500000
v -0.03904500 0.02409700 0.01500000
v -0.04044600 0.02393300 0.01487500
v -0.03994500 0.02475100 0.01487500
v -0.04138800 0.02441300 0.01450500
v -0.04080000 0.02537200 0.01450500
v -0.04223300 0.02484300 0.01390900
v -0.04156700 0.02592900 0.01390900
v -0.04293800 0.02520300 0.01311700
v -0.04220800 0.02639500 0.01311700
v -0.04346900 0.02547300 0.01216900
v -0.04269000 0.02674500 0.01216900
v -0.04475300 0.02270300 0.01111300
v -0.04483000 0.02115800 0.01129400
v -0.04438800 0.02264500 0.01216900
v -0.04450500 0.02115800 0.01216900
v -0.04433000 0.02115800 0.01250000
v -0.04103600 0.02719300 0.01353600
v -0.04130000 0.02745800 0.01311700
v -0.04220800 0.02639500 0.01311700
v -0.04159700 0.02775500 0.01250000
v -0.04269000 0.02674500 0.01216900
v -0.04172100 0.02787900 0.01216900
v -0.04195100 0.02810800 0.01129400
v -0.04439100 0.02420900 0.01111300
v -0.04346900 0.02547300 0.01216900
v -0.04379800 0.02564100 0.01111300
v -0.04269000 0.02674500 0.01216900
v -0.04298900 0.02696200 0.01111300
v -0.04195100 0.02810800 0.01129400
v -0.04198200 0.02814000 0.01111300
v -0.04487700 0.02272200 0.01000000
v -0.04500000 0.02115800 0.01000000
v -0.04475300 0.02270300 0.01111300
v -0.04487500 0.02115800 0.01111300
v -0.04483000 0.02115800 0.01129400
v -0.03993800 0.02194000 0.01500000
v -0.03975500 0.02270300 0.01500000
v -0.04103700 0.02211400 0.01487500
v -0.04081300 0.02304700 0.01487500
v -0.04208100 0.02227900 0.01450500
v -0.04181900 0.02337300 0.01450500
v -0.04301800 0.02242800 0.01390900
v -0.04272000 0.02366600 0.01390900
v -0.04379900 0.02255200 0.01311700
v -0.04347300 0.02391100 0.01311700
v -0.04438800 0.02264500 0.01216900
v -0.04404000 0.02409500 0.01216900
v -0.04475300 0.02270300 0.01111300
v -0.04439100 0.02420900 0.01111300
v -0.04487700 0.02272200 0.01000000
v -0.04451100 0.02424800 0.01000000
v -0.04451100 0.02424800 0.01000000
v -0.04439100 0.02420900 0.01111300
v -0.04423900 0.02498500 0.01000000
v -0.04379800 0.02564100 0.01111300
v -0.04391000 0.02569800 0.01000000
v -0.04298900 0.02696200 0.01111300
v -0.04309000 0.02703600 0.01000000
v -0.04198200 0.02814000 0.01111300
v -0.04207100 0.02822900 0.01000000
v 0.02085800 -0.03970000 0.01500000
v -0.02085800 -0.03970000 0.01500000
v 0.02085800 -0.04081300 0.01487500
v -0.02085800 -0.04081300 0.01487500
v 0.02085800 -0.04099400 0.01483000
v -0.02085800 -0.04099400 0.01483000
v 0.02085800 -0.04186900 0.01450500
v -0.02085800 -0.04186900 0.01450500
v 0.02085800 -0.04220000 0.01433000
v -0.02085800 -0.04220000 0.01433000
v 0.02085800 -0.04281700 0.01390900
v -0.02085800 -0.04281700 0.01390900
v 0.02085800 -0.04323600 0.01353600
v -0.02085800 -0.04323600 0.01353600
v 0.02085800 -0.04360900 0.01311700
v -0.02085800 -0.04360900 0.01311700
v 0.02085800 -0.04403000 0.01250000
v -0.02085800 -0.04403000 0.01250000
v 0.02085800 -0.04420500 0.01216900
v -0.02085800 -0.04420500 0.01216900
v 0.02085800 -0.04453000 0.01129400
v -0.02085800 -0.04453000 0.01129400
v 0.02085800 -0.04457500 0.01111300
v -0.02085800 -0.04457500 0.01111300
v 0.02085800 -0.04470000 0.01000000
v -0.02085800 -0.04470000 0.01000000
v -0.04000000 0.02115800 0.01500000
v -0.04111300 0.02115800 0.01487500
v -0.04000000 0.00030000 0.01500000
v -0.04129400 0.00030000 0.01483000
v -0.04111300 0.02115800 0.01487500
v -0.04129400 0.02115800 0.01483000
v -0.04129400 0.00030000 0.01483000
v -0.04216900 0.02115800 0.01450500
v -0.04250000 0.00030000 0.01433000
v -0.04216900 0.02115800 0.01450500
v -0.04250000 0.02115800 0.01433000
v -0.04250000 0.00030000 0.01433000
v -0.04311700 0.02115800 0.01390900
v -0.04353600 0.00030000 0.01353600
v -0.04311700 0.02115800 0.01390900
v -0.04353600 0.02115800 0.01353600
v -0.04353600 0.00030000 0.01353600
v -0.04390900 0.02115800 0.01311700
v -0.04433000 0.00030000 0.01250000
v -0.04390900 0.02115800 0.01311700
v -0.04433000 0.02115800 0.01250000
v -0.04433000 0.00030000 0.01250000
v -0.04450500 0.02115800 0.01216900
v -0.04483000 0.00030000 0.01129400
v -0.04500000 0.02115800 0.01000000
v -0.04500000 0.00030000 0.01000000
v -0.04487500 0.02115800 0.01111300
v -0.04483000 0.00030000 0.01129400
v -0.04483000 0.02115800 0.01129400
v -0.04450500 0.02115800 0.01216900
v -0.02445100 -0.03964500 0.01487500
v -0.02379700 -0.03874500 0.01500000
v -0.02439300 -0.03823600 0.01500000
v -0.02085800 -0.03970000 0.01500000
v -0.02164000 -0.03963800 0.01500000
v -0.02085800 -0.04081300 0.01487500
v -0.02181400 -0.04073700 0.01487500
v -0.02085800 -0.04099400 0.01483000
v -0.02197900 -0.04178100 0.01450500
v -0.02439300 -0.03823600 0.01500000
v -0.02518000 -0.03902200 0.01487500
v -0.02445100 -0.03964500 0.01487500
v -0.02530800 -0.03915100 0.01483000
v -0.02507200 -0.04050000 0.01450500
v -0.02212800 -0.04271800 0.01390900
v -0.02085800 -0.04220000 0.01433000
v -0.02197900 -0.04178100 0.01450500
v -0.02085800 -0.04186900 0.01450500
v -0.02085800 -0.04099400 0.01483000
v -0.02530800 -0.03915100 0.01483000
v -0.02592700 -0.03977000 0.01450500
v -0.02507200 -0.04050000 0.01450500
v -0.02616100 -0.04000300 0.01433000
v -0.02562900 -0.04126700 0.01390900
v -0.02225200 -0.04349900 0.01311700
v -0.02085800 -0.04323600 0.01353600
v -0.02212800 -0.04271800 0.01390900
v -0.02085800 -0.04281700 0.01390900
v -0.02085800 -0.04220000 0.01433000
v -0.02616100 -0.04000300 0.01433000
v -0.02659800 -0.04044000 0.01390900
v -0.02562900 -0.04126700 0.01390900
v -0.02689300 -0.04073600 0.01353600
v -0.02609500 -0.04190800 0.01311700
v -0.02234500 -0.04408800 0.01216900
v -0.02085800 -0.04403000 0.01250000
v -0.02225200 -0.04349900 0.01311700
v -0.02085800 -0.04360900 0.01311700
v -0.02085800 -0.04323600 0.01353600
v -0.02689300 -0.04073600 0.01353600
v -0.02715800 -0.04100000 0.01311700
v -0.02609500 -0.04190800 0.01311700
v -0.02745500 -0.04129700 0.01250000
v -0.02644500 -0.04239000 0.01216900
v -0.02240300 -0.04445300 0.01111300
v -0.02085800 -0.04453000 0.01129400
v -0.02234500 -0.04408800 0.01216900
v -0.02085800 -0.04420500 0.01216900
v -0.02085800 -0.04403000 0.01250000
v -0.02164000 -0.03963800 0.01500000
v -0.02240300 -0.03945500 0.01500000
v -0.02181400 -0.04073700 0.01487500
v -0.02274700 -0.04051300 0.01487500
v -0.02197900 -0.04178100 0.01450500
v -0.02307300 -0.04151900 0.01450500
v -0.02212800 -0.04271800 0.01390900
v -0.02336600 -0.04242000 0.01390900
v -0.02225200 -0.04349900 0.01311700
v -0.02361100 -0.04317300 0.01311700
v -0.02234500 -0.04408800 0.01216900
v -0.02379500 -0.04374000 0.01216900
v -0.02240300 -0.04445300 0.01111300
v -0.02390900 -0.04409100 0.01111300
v -0.02242200 -0.04457700 0.01000000
v -0.02312800 -0.03915500 0.01500000
v -0.02379700 -0.03874500 0.01500000
v -0.02363300 -0.04014600 0.01487500
v -0.02445100 -0.03964500 0.01487500
v -0.02411300 -0.04108800 0.01450500
v -0.02507200 -0.04050000 0.01450500
v -0.02454300 -0.04193300 0.01390900
v -0.02562900 -0.04126700 0.01390900
v -0.02490300 -0.04263800 0.01311700
v -0.02609500 -0.04190800 0.01311700
v -0.02517300 -0.04316900 0.01216900
v -0.02644500 -0.04239000 0.01216900
v -0.02534100 -0.04349800 0.01111300
v -0.02666200 -0.04268900 0.01111300
v -0.02784000 -0.04168200 0.01111300
v -0.02666200 -0.04268900 0.01111300
v -0.02780800 -0.04165100 0.01129400
v -0.02644500 -0.04239000 0.01216900
v -0.02757900 -0.04142100 0.01216900
v -0.02745500 -0.04129700 0.01250000
v -0.02242200 -0.04457700 0.01000000
v -0.02085800 -0.04470000 0.01000000
v -0.02240300 -0.04445300 0.01111300
v -0.02085800 -0.04457500 0.01111300
v -0.02085800 -0.04453000 0.01129400
v -0.02539800 -0.04361000 0.01000000
v -0.02468500 -0.04393900 0.01000000
v -0.02390900 -0.04409100 0.01111300
v -0.02394800 -0.04421100 0.01000000
v -0.02242200 -0.04457700 0.01000000
v -0.02240300 -0.03945500 0.01500000
v -0.02312800 -0.03915500 0.01500000
v -0.02274700 -0.04051300 0.01487500
v -0.02363300 -0.04014600 0.01487500
v -0.02307300 -0.04151900 0.01450500
v -0.02411300 -0.04108800 0.01450500
v -0.02336600 -0.04242000 0.01390900
v -0.02454300 -0.04193300 0.01390900
v -0.02361100 -0.04317300 0.01311700
v -0.02490300 -0.04263800 0.01311700
v -0.02379500 -0.04374000 0.01216900
v -0.02517300 -0.04316900 0.01216900
v -0.02390900 -0.04409100 0.01111300
v -0.02534100 -0.04349800 0.01111300
v -0.02539800 -0.04361000 0.01000000
v -0.02666200 -0.04268900 0.01111300
v -0.02673600 -0.04279000 0.01000000
v -0.02784000 -0.04168200 0.01111300
v -0.02792900 -0.04177100 0.01000000
v -0.04000000 -0.02055800 0.01500000
v -0.04000000 0.00030000 0.01500000
v -0.04111300 -0.02055800 0.01487500
v -0.04129400 0.00030000 0.01483000
v -0.04129400 -0.02055800 0.01483000
v -0.04129400 -0.02055800 0.01483000
v -0.04129400 0.00030000 0.01483000
v -0.04216900 -0.02055800 0.01450500
v -0.04250000 0.00030000 0.01433000
v -0.04250000 -0.02055800 0.01433000
v -0.04250000 -0.02055800 0.01433000
v -0.04250000 0.00030000 0.01433000
v -0.04311700 -0.02055800 0.01390900
v -0.04353600 0.00030000 0.01353600
v -0.04353600 -0.02055800 0.01353600
v -0.04353600 -0.02055800 0.01353600
v -0.04353600 0.00030000 0.01353600
v -0.04390900 -0.02055800 0.01311700
v -0.04433000 0.00030000 0.01250000
v -0.04433000 -0.02055800 0.01250000
v -0.04433000 -0.02055800 0.01250000
v -0.04433000 0.00030000 0.01250000
v -0.04450500 -0.02055800 0.01216900
v -0.04483000 0.00030000 0.01129400
v -0.04483000 -0.02055800 0.01129400
v -0.04483000 -0.02055800 0.01129400
v -0.04483000 0.00030000 0.01129400
v -0.04487500 -0.02055800 0.01111300
v -0.04500000 0.00030000 0.01000000
v -0.04500000 -0.02055800 0.01000000
v -0.02439300 -0.03823600 0.01500000
v -0.03853600 -0.02409300 0.01500000
v -0.02518000 -0.03902200 0.01487500
v -0.03932200 -0.02488000 0.01487500
v -0.02530800 -0.03915100 0.01483000
v -0.03945100 -0.02500800 0.01483000
v -0.02592700 -0.03977000 0.01450500
v -0.04007000 -0.02562700 0.01450500
v -0.02616100 -0.04000300 0.01433000
v -0.04030300 -0.02586100 0.01433000
v -0.02659800 -0.04044000 0.01390900
v -0.04074000 -0.02629800 0.01390900
v -0.02689300 -0.04073600 0.01353600
v -0.04103600 -0.02659300 0.01353600
v -0.02715800 -0.04100000 0.01311700
v -0.04130000 -0.02685800 0.01311700
v -0.02745500 -0.04129700 0.01250000
v -0.04159700 -0.02715500 0.01250000
v -0.02757900 -0.04142100 0.01216900
v -0.04172100 -0.02727900 0.01216900
v -0.02780800 -0.04165100 0.01129400
v -0.04195100 -0.02750800 0.01129400
v -0.02784000 -0.04168200 0.01111300
v -0.04198200 -0.02754000 0.01111300
v -0.02792900 -0.04177100 0.01000000
v -0.04207100 -0.02762900 0.01000000
v -0.04103700 -0.02151400 0.01487500
v -0.03993800 -0.02134000 0.01500000
v -0.04000000 -0.02055800 0.01500000
v -0.03853600 -0.02409300 0.01500000
v -0.03904500 -0.02349700 0.01500000
v -0.03932200 -0.02488000 0.01487500
v -0.03994500 -0.02415100 0.01487500
v -0.03945100 -0.02500800 0.01483000
v -0.04080000 -0.02477200 0.01450500
v -0.04000000 -0.02055800 0.01500000
v -0.04111300 -0.02055800 0.01487500
v -0.04103700 -0.02151400 0.01487500
v -0.04129400 -0.02055800 0.01483000
v -0.04208100 -0.02167900 0.01450500
v -0.04156700 -0.02532900 0.01390900
v -0.04030300 -0.02586100 0.01433000
v -0.04080000 -0.02477200 0.01450500
v -0.04007000 -0.02562700 0.01450500
v -0.03945100 -0.02500800 0.01483000
v -0.04129400 -0.02055800 0.01483000
v -0.04216900 -0.02055800 0.01450500
v -0.04208100 -0.02167900 0.01450500
v -0.04250000 -0.02055800 0.01433000
v -0.04301800 -0.02182800 0.01390900
v -0.04220800 -0.02579500 0.01311700
v -0.04103600 -0.02659300 0.01353600
v -0.04156700 -0.02532900 0.01390900
v -0.04074000 -0.02629800 0.01390900
v -0.04030300 -0.02586100 0.01433000
v -0.04250000 -0.02055800 0.01433000
v -0.04311700 -0.02055800 0.01390900
v -0.04301800 -0.02182800 0.01390900
v -0.04353600 -0.02055800 0.01353600
v -0.04379900 -0.02195200 0.01311700
v -0.04269000 -0.02614500 0.01216900
v -0.04159700 -0.02715500 0.01250000
v -0.04220800 -0.02579500 0.01311700
v -0.04130000 -0.02685800 0.01311700
v -0.04103600 -0.02659300 0.01353600
v -0.03945500 -0.02282800 0.01500000
v -0.03975500 -0.02210300 0.01500000
v -0.04044600 -0.02333300 0.01487500
v -0.04081300 -0.02244700 0.01487500
v -0.04138800 -0.02381300 0.01450500
v -0.04181900 -0.02277300 0.01450500
v -0.04223300 -0.02424300 0.01390900
v -0.04272000 -0.02306600 0.01390900
v -0.04293800 -0.02460300 0.01311700
v -0.04347300 -0.02331100 0.01311700
v -0.04346900 -0.02487300 0.01216900
v -0.04404000 -0.02349500 0.01216900
v -0.04379800 -0.02504100 0.01111300
v -0.03975500 -0.02210300 0.01500000
v -0.03993800 -0.02134000 0.01500000
v -0.04081300 -0.02244700 0.01487500
v -0.04103700 -0.02151400 0.01487500
v -0.04181900 -0.02277300 0.01450500
v -0.04208100 -0.02167900 0.01450500
v -0.04272000 -0.02306600 0.01390900
v -0.04301800 -0.02182800 0.01390900
v -0.04347300 -0.02331100 0.01311700
v -0.04379900 -0.02195200 0.01311700
v -0.04404000 -0.02349500 0.01216900
v -0.04438800 -0.02204500 0.01216900
v -0.04298900 -0.02636200 0.01111300
v -0.04195100 -0.02750800 0.01129400
v -0.04269000 -0.02614500 0.01216900
v -0.04172100 -0.02727900 0.01216900
v -0.04159700 -0.02715500 0.01250000
v -0.04353600 -0.02055800 0.01353600
v -0.04390900 -0.02055800 0.01311700
v -0.04379900 -0.02195200 0.01311700
v -0.04433000 -0.02055800 0.01250000
v -0.04438800 -0.02204500 0.01216900
v -0.04450500 -0.02055800 0.01216900
v -0.04483000 -0.02055800 0.01129400
v -0.04379800 -0.02504100 0.01111300
v -0.04404000 -0.02349500 0.01216900
v -0.04439100 -0.02360900 0.01111300
v -0.04438800 -0.02204500 0.01216900
v -0.04475300 -0.02210300 0.01111300
v -0.04483000 -0.02055800 0.01129400
v -0.04487500 -0.02055800 0.01111300
v -0.04309000 -0.02643600 0.01000000
v -0.04207100 -0.02762900 0.01000000
v -0.04298900 -0.02636200 0.01111300
v -0.04198200 -0.02754000 0.01111300
v -0.04195100 -0.02750800 0.01129400
v -0.03904500 -0.02349700 0.01500000
v -0.03945500 -0.02282800 0.01500000
v -0.03994500 -0.02415100 0.01487500
v -0.04044600 -0.02333300 0.01487500
v -0.04080000 -0.02477200 0.01450500
v -0.04138800 -0.02381300 0.01450500
v -0.04156700 -0.02532900 0.01390900
v -0.04223300 -0.02424300 0.01390900
v -0.04220800 -0.02579500 0.01311700
v -0.04293800 -0.02460300 0.01311700
v -0.04269000 -0.02614500 0.01216900
v -0.04346900 -0.02487300 0.01216900
v -0.04298900 -0.02636200 0.01111300
v -0.04379800 -0.02504100 0.01111300
v -0.04309000 -0.02643600 0.01000000
v -0.04391000 -0.02509800 0.01000000
v -0.04391000 -0.02509800 0.01000000
v -0.04379800 -0.02504100 0.01111300
v -0.04423900 -0.02438500 0.01000000
v -0.04439100 -0.02360900 0.01111300
v -0.04451100 -0.02364800 0.01000000
v -0.04475300 -0.02210300 0.01111300
v -0.04487700 -0.02212200 0.01000000
v -0.04487500 -0.02055800 0.01111300
v -0.04500000 -0.02055800 0.01000000
vn -0.40400000 0.30720000 0.86160000
vn -0.36850000 0.34900000 0.86160000
vn -0.41240000 0.39060000 0.82300000
vn 0.27060000 0.35260000 0.89580000
vn 0.31430000 0.31430000 0.89580000
vn 0.36840000 0.34900000 0.86160000
vn 0.27060000 0.35260000 0.89580000
vn 0.32860000 0.38680000 0.86160000
vn 0.28480000 0.42010000 0.86160000
vn -0.50750000 -0.00000000 0.86160000
vn -0.44450000 -0.00000000 0.89580000
vn -0.50460000 0.05490000 0.86160000
vn -0.44070000 0.05800000 0.89580000
vn -0.49560000 0.10910000 0.86160000
vn -0.42930000 0.11500000 0.89580000
vn -0.48100000 0.16200000 0.86160000
vn -0.48100000 0.16210000 0.86160000
vn -0.42930000 0.11510000 0.89580000
vn -0.46060000 0.21310000 0.86160000
vn -0.41060000 0.17010000 0.89580000
vn -0.43490000 0.26160000 0.86170000
vn -0.31430000 0.31430000 0.89580000
vn -0.36850000 0.34900000 0.86160000
vn -0.35260000 0.27060000 0.89580000
vn -0.40400000 0.30710000 0.86160000
vn -0.38490000 0.22220000 0.89580000
vn 0.27060000 0.35260000 0.89580000
vn 0.28480000 0.42010000 0.86160000
vn 0.22220000 0.38490000 0.89580000
vn 0.23770000 0.44840000 0.86160000
vn 0.17010000 0.41060000 0.89580000
vn 0.18790000 0.47150000 0.86160000
vn 0.11500000 0.42930000 0.89580000
vn 0.13580000 0.48900000 0.86160000
vn 0.05800000 0.44070000 0.89580000
vn 0.08210000 0.50080000 0.86160000
vn -0.00000000 0.44450000 0.89580000
vn 0.42930000 0.11500000 0.89580000
vn 0.48100000 0.16210000 0.86160000
vn 0.41060000 0.17010000 0.89580000
vn 0.46060000 0.21310000 0.86160000
vn 0.38490000 0.22220000 0.89580000
vn 0.43490000 0.26160000 0.86170000
vn 0.35260000 0.27060000 0.89580000
vn 0.40400000 0.30710000 0.86160000
vn 0.31430000 0.31430000 0.89580000
vn 0.44440000 -0.00000000 0.89580000
vn 0.50750000 -0.00000000 0.86160000
vn 0.44070000 0.05800000 0.89580000
vn 0.50460000 0.05490000 0.86160000
vn 0.42930000 0.11500000 0.89580000
vn 0.49570000 0.10910000 0.86160000
vn 0.48100000 0.16200000 0.86160000
vn -0.56800000 -0.00000000 0.82300000
vn -0.50750000 -0.00000000 0.86160000
vn -0.56460000 0.06140000 0.82300000
vn -0.50450000 0.05490000 0.86160000
vn -0.55470000 0.12210000 0.82300000
vn -0.49570000 0.10910000 0.86160000
vn -0.53820000 0.18140000 0.82300000
vn -0.48100000 0.16210000 0.86160000
vn -0.51550000 0.23850000 0.82300000
vn -0.46060000 0.21310000 0.86160000
vn -0.48670000 0.29280000 0.82300000
vn -0.43490000 0.26170000 0.86160000
vn -0.45220000 0.34370000 0.82300000
vn -0.40500000 0.47680000 0.78020000
vn -0.41230000 0.39060000 0.82300000
vn -0.36770000 0.43290000 0.82300000
vn -0.36850000 0.34900000 0.86160000
vn -0.32860000 0.38680000 0.86160000
vn -0.31430000 0.31430000 0.89580000
vn -0.27060000 0.35260000 0.89580000
vn -0.31870000 0.47010000 0.82300000
vn -0.28480000 0.42010000 0.86160000
vn -0.26600000 0.50180000 0.82300000
vn -0.23770000 0.44840000 0.86160000
vn -0.21020000 0.52760000 0.82300000
vn -0.18790000 0.47150000 0.86160000
vn -0.15200000 0.54730000 0.82300000
vn -0.13580000 0.48910000 0.86160000
vn -0.09190000 0.56050000 0.82300000
vn -0.08210000 0.50080000 0.86160000
vn -0.03080000 0.56710000 0.82300000
vn -0.02750000 0.50680000 0.86160000
vn 0.03070000 0.56710000 0.82300000
vn 0.02750000 0.50680000 0.86160000
vn 0.09190000 0.56050000 0.82300000
vn 0.32860000 0.38680000 0.86160000
vn 0.36770000 0.43290000 0.82300000
vn 0.28480000 0.42010000 0.86160000
vn 0.31870000 0.47010000 0.82300000
vn 0.23770000 0.44840000 0.86160000
vn 0.26600000 0.50180000 0.82300000
vn 0.18780000 0.47150000 0.86160000
vn 0.21020000 0.52760000 0.82300000
vn 0.13580000 0.48900000 0.86160000
vn 0.15200000 0.54730000 0.82300000
vn 0.08210000 0.50090000 0.86160000
vn 0.50750000 -0.00000000 0.86160000
vn 0.56800000 -0.00000000 0.82300000
vn 0.50450000 0.05490000 0.86160000
vn 0.56460000 0.06140000 0.82300000
vn 0.49570000 0.10910000 0.86160000
vn 0.55470000 0.12210000 0.82300000
vn 0.48100000 0.16210000 0.86160000
vn 0.53820000 0.18140000 0.82300000
vn 0.46060000 0.21310000 0.86160000
vn 0.51550000 0.23850000 0.82300000
vn 0.43490000 0.26170000 0.86160000
vn 0.48670000 0.29280000 0.82300000
vn 0.40410000 0.30710000 0.86160000
vn 0.45220000 0.34370000 0.82300000
vn -0.62550000 -0.00000000 0.78020000
vn -0.56800000 -0.00000000 0.82300000
vn -0.62190000 0.06760000 0.78020000
vn -0.56470000 0.06140000 0.82300000
vn -0.61090000 0.13450000 0.78020000
vn -0.55470000 0.12210000 0.82300000
vn -0.59280000 0.19970000 0.78020000
vn -0.53830000 0.18140000 0.82300000
vn -0.56770000 0.26260000 0.78020000
vn -0.51550000 0.23850000 0.82300000
vn -0.53600000 0.32250000 0.78020000
vn -0.48670000 0.29280000 0.82300000
vn -0.49800000 0.37850000 0.78020000
vn -0.45220000 0.34370000 0.82300000
vn -0.45410000 0.43020000 0.78020000
vn -0.35100000 0.51770000 0.78020000
vn -0.31880000 0.47010000 0.82300000
vn -0.29300000 0.55270000 0.78020000
vn -0.26610000 0.50180000 0.82300000
vn -0.23150000 0.58110000 0.78020000
vn -0.21020000 0.52770000 0.82300000
vn -0.16730000 0.60270000 0.78020000
vn -0.15200000 0.54730000 0.82300000
vn -0.10120000 0.61730000 0.78020000
vn -0.09190000 0.56050000 0.82300000
vn -0.03390000 0.62460000 0.78020000
vn -0.03080000 0.56720000 0.82300000
vn 0.03390000 0.62460000 0.78020000
vn 0.03070000 0.56720000 0.82300000
vn 0.10120000 0.61730000 0.78020000
vn 0.09190000 0.56050000 0.82300000
vn 0.16740000 0.60270000 0.78020000
vn 0.36770000 0.43290000 0.82300000
vn 0.40500000 0.47680000 0.78020000
vn 0.31880000 0.47010000 0.82300000
vn 0.35100000 0.51770000 0.78020000
vn 0.26610000 0.50180000 0.82300000
vn 0.29300000 0.55270000 0.78020000
vn 0.21020000 0.52770000 0.82300000
vn 0.23150000 0.58110000 0.78020000
vn 0.15190000 0.54730000 0.82300000
vn 0.56800000 -0.00000000 0.82300000
vn 0.62550000 -0.00000000 0.78020000
vn 0.56470000 0.06140000 0.82300000
vn 0.62180000 0.06760000 0.78020000
vn 0.55470000 0.12210000 0.82300000
vn 0.61090000 0.13450000 0.78020000
vn 0.53830000 0.18140000 0.82300000
vn 0.59280000 0.19970000 0.78020000
vn 0.51550000 0.23850000 0.82300000
vn 0.56770000 0.26260000 0.78020000
vn 0.48670000 0.29280000 0.82300000
vn 0.53600000 0.32250000 0.78020000
vn 0.45220000 0.34370000 0.82300000
vn 0.49800000 0.37850000 0.78020000
vn -0.67990000 -0.00000000 0.73330000
vn -0.62550000 -0.00000000 0.78020000
vn -0.67640000 0.06880000 0.73330000
vn -0.62190000 0.06760000 0.78020000
vn -0.66590000 0.13680000 0.73340000
vn -0.61090000 0.13450000 0.78020000
vn -0.64870000 0.20350000 0.73330000
vn -0.59280000 0.19970000 0.78020000
vn -0.62480000 0.26810000 0.73330000
vn -0.56780000 0.26270000 0.78020000
vn -0.59440000 0.32990000 0.73330000
vn -0.53600000 0.32250000 0.78020000
vn -0.55800000 0.38840000 0.73330000
vn -0.49800000 0.37860000 0.78020000
vn -0.51580000 0.44280000 0.73330000
vn -0.45410000 0.43020000 0.78020000
vn -0.49360000 0.46750000 0.73330000
vn -0.46840000 0.49280000 0.73330000
vn -0.44010000 0.51820000 0.73330000
vn -0.46840000 0.49280000 0.73330000
vn -0.40500000 0.47680000 0.78020000
vn -0.45410000 0.43020000 0.78020000
vn -0.41240000 0.39060000 0.82300000
vn -0.45220000 0.34370000 0.82300000
vn -0.40400000 0.30710000 0.86160000
vn -0.43490000 0.26170000 0.86160000
vn -0.38490000 0.22220000 0.89580000
vn -0.41060000 0.17010000 0.89580000
vn -0.35110000 0.51780000 0.78020000
vn -0.35960000 0.57700000 0.73330000
vn -0.41610000 0.53760000 0.73330000
vn 0.23150000 0.58110000 0.78020000
vn 0.16730000 0.60270000 0.78020000
vn 0.15190000 0.54730000 0.82300000
vn 0.09190000 0.56050000 0.82300000
vn 0.08210000 0.50090000 0.86160000
vn 0.02750000 0.50680000 0.86160000
vn -0.00000000 0.44450000 0.89580000
vn -0.02750000 0.50680000 0.86160000
vn -0.05800000 0.44060000 0.89580000
vn -0.08210000 0.50080000 0.86170000
vn -0.11500000 0.42930000 0.89580000
vn -0.13580000 0.48900000 0.86160000
vn -0.17010000 0.41060000 0.89580000
vn -0.18780000 0.47150000 0.86170000
vn -0.22220000 0.38490000 0.89580000
vn -0.23770000 0.44840000 0.86160000
vn -0.27060000 0.35260000 0.89580000
vn -0.28480000 0.42010000 0.86160000
vn -0.32860000 0.38680000 0.86160000
vn -0.31880000 0.47010000 0.82300000
vn -0.36770000 0.43290000 0.82300000
vn -0.35110000 0.51770000 0.78020000
vn -0.40500000 0.47680000 0.78020000
vn -0.41620000 0.53760000 0.73330000
vn -0.44010000 0.51820000 0.73330000
vn -0.35960000 0.57700000 0.73330000
vn -0.35100000 0.51780000 0.78020000
vn -0.29940000 0.61040000 0.73330000
vn -0.29300000 0.55270000 0.78020000
vn -0.23610000 0.63750000 0.73340000
vn -0.23150000 0.58110000 0.78020000
vn -0.17040000 0.65810000 0.73340000
vn -0.16740000 0.60280000 0.78020000
vn -0.10300000 0.67200000 0.73330000
vn -0.10120000 0.61730000 0.78020000
vn -0.03440000 0.67900000 0.73330000
vn -0.03390000 0.62460000 0.78020000
vn 0.03440000 0.67900000 0.73330000
vn 0.03390000 0.62460000 0.78020000
vn 0.10290000 0.67200000 0.73330000
vn 0.10120000 0.61730000 0.78020000
vn 0.17040000 0.65820000 0.73330000
vn 0.16740000 0.60270000 0.78020000
vn 0.23610000 0.63750000 0.73340000
vn 0.23150000 0.58110000 0.78020000
vn 0.29940000 0.61040000 0.73330000
vn 0.29300000 0.55270000 0.78020000
vn 0.35960000 0.57700000 0.73330000
vn 0.35110000 0.51780000 0.78020000
vn 0.41610000 0.53760000 0.73330000
vn 0.40500000 0.47680000 0.78020000
vn 0.44010000 0.51820000 0.73330000
vn 0.45410000 0.43020000 0.78020000
vn 0.49360000 0.46750000 0.73330000
vn 0.46840000 0.49280000 0.73330000
vn 0.27060000 0.35260000 0.89580000
vn 0.36850000 0.34900000 0.86160000
vn 0.32860000 0.38680000 0.86160000
vn 0.41240000 0.39060000 0.82300000
vn 0.36770000 0.43290000 0.82300000
vn 0.45410000 0.43020000 0.78020000
vn 0.40500000 0.47670000 0.78020000
vn 0.46840000 0.49280000 0.73330000
vn 0.44010000 0.51820000 0.73330000
vn 0.31430000 0.31430000 0.89580000
vn 0.40400000 0.30710000 0.86160000
vn 0.36850000 0.34900000 0.86160000
vn 0.45220000 0.34370000 0.82300000
vn 0.41240000 0.39060000 0.82300000
vn 0.49800000 0.37860000 0.78020000
vn 0.45420000 0.43020000 0.78020000
vn 0.51580000 0.44280000 0.73330000
vn 0.49360000 0.46750000 0.73330000
vn 0.62560000 -0.00000000 0.78020000
vn 0.67990000 -0.00000000 0.73330000
vn 0.62190000 0.06760000 0.78020000
vn 0.67640000 0.06880000 0.73330000
vn 0.61090000 0.13450000 0.78020000
vn 0.66590000 0.13690000 0.73340000
vn 0.59280000 0.19970000 0.78020000
vn 0.64870000 0.20350000 0.73330000
vn 0.56780000 0.26270000 0.78020000
vn 0.62480000 0.26810000 0.73330000
vn 0.53600000 0.32250000 0.78020000
vn 0.59440000 0.32990000 0.73330000
vn 0.49800000 0.37860000 0.78020000
vn 0.55800000 0.38840000 0.73330000
vn 0.51590000 0.44280000 0.73330000
vn 0.40400000 -0.30720000 0.86160000
vn 0.36850000 -0.34900000 0.86160000
vn 0.41240000 -0.39060000 0.82300000
vn -0.27060000 -0.35260000 0.89580000
vn -0.31430000 -0.31430000 0.89580000
vn -0.36840000 -0.34900000 0.86160000
vn -0.27060000 -0.35260000 0.89580000
vn -0.32860000 -0.38680000 0.86160000
vn -0.28480000 -0.42010000 0.86160000
vn 0.50750000 -0.00000000 0.86160000
vn 0.44450000 -0.00000000 0.89580000
vn 0.50460000 -0.05490000 0.86160000
vn 0.44070000 -0.05800000 0.89580000
vn 0.49560000 -0.10910000 0.86160000
vn 0.42930000 -0.11500000 0.89580000
vn 0.48100000 -0.16200000 0.86160000
vn 0.48100000 -0.16210000 0.86160000
vn 0.42930000 -0.11510000 0.89580000
vn 0.46060000 -0.21310000 0.86160000
vn 0.41060000 -0.17010000 0.89580000
vn 0.43490000 -0.26160000 0.86170000
vn 0.31430000 -0.31430000 0.89580000
vn 0.36850000 -0.34900000 0.86160000
vn 0.35260000 -0.27060000 0.89580000
vn 0.40400000 -0.30710000 0.86160000
vn 0.38490000 -0.22220000 0.89580000
vn -0.27060000 -0.35260000 0.89580000
vn -0.28480000 -0.42010000 0.86160000
vn -0.22220000 -0.38490000 0.89580000
vn -0.23770000 -0.44840000 0.86160000
vn -0.17010000 -0.41060000 0.89580000
vn -0.18790000 -0.47150000 0.86160000
vn -0.11500000 -0.42930000 0.89580000
vn -0.13580000 -0.48900000 0.86160000
vn -0.05800000 -0.44070000 0.89580000
vn -0.08210000 -0.50080000 0.86160000
vn -0.00000000 -0.44450000 0.89580000
vn -0.42930000 -0.11500000 0.89580000
vn -0.48100000 -0.16210000 0.86160000
vn -0.41060000 -0.17010000 0.89580000
vn -0.46060000 -0.21310000 0.86160000
vn -0.38490000 -0.22220000 0.89580000
vn -0.43490000 -0.26160000 0.86170000
vn -0.35260000 -0.27060000 0.89580000
vn -0.40400000 -0.30710000 0.86160000
vn -0.31430000 -0.31430000 0.89580000
vn -0.44440000 -0.00000000 0.89580000
vn -0.50750000 -0.00000000 0.86160000
vn -0.44070000 -0.05800000 0.89580000
vn -0.50460000 -0.05490000 0.86160000
vn -0.42930000 -0.11500000 0.89580000
vn -0.49570000 -0.10910000 0.86160000
vn -0.48100000 -0.16200000 0.86160000
vn 0.56800000 -0.00000000 0.82300000
vn 0.50750000 -0.00000000 0.86160000
vn 0.56460000 -0.06140000 0.82300000
vn 0.50450000 -0.05490000 0.86160000
vn 0.55470000 -0.12210000 0.82300000
vn 0.49570000 -0.10910000 0.86160000
vn 0.53820000 -0.18140000 0.82300000
vn 0.48100000 -0.16210000 0.86160000
vn 0.51550000 -0.23850000 0.82300000
vn 0.46060000 -0.21310000 0.86160000
vn 0.48670000 -0.29280000 0.82300000
vn 0.43490000 -0.26170000 0.86160000
vn 0.45220000 -0.34370000 0.82300000
vn 0.40500000 -0.47670000 0.78020000
vn 0.41230000 -0.39060000 0.82300000
vn 0.36770000 -0.43290000 0.82300000
vn 0.36850000 -0.34900000 0.86160000
vn 0.32860000 -0.38680000 0.86160000
vn 0.31430000 -0.31430000 0.89580000
vn 0.27060000 -0.35260000 0.89580000
vn 0.31870000 -0.47010000 0.82300000
vn 0.28480000 -0.42010000 0.86160000
vn 0.26600000 -0.50180000 0.82300000
vn 0.23770000 -0.44840000 0.86160000
vn 0.21020000 -0.52760000 0.82300000
vn 0.18790000 -0.47150000 0.86160000
vn 0.15200000 -0.54730000 0.82300000
vn 0.13580000 -0.48900000 0.86160000
vn 0.09190000 -0.56050000 0.82300000
vn 0.08210000 -0.50080000 0.86160000
vn 0.03080000 -0.56710000 0.82300000
vn 0.02750000 -0.50680000 0.86160000
vn -0.03070000 -0.56710000 0.82300000
vn -0.02750000 -0.50680000 0.86160000
vn -0.09190000 -0.56050000 0.82300000
vn -0.32860000 -0.38680000 0.86160000
vn -0.36770000 -0.43290000 0.82300000
vn -0.28480000 -0.42010000 0.86160000
vn -0.31870000 -0.47010000 0.82300000
vn -0.23770000 -0.44840000 0.86160000
vn -0.26600000 -0.50180000 0.82300000
vn -0.18790000 -0.47150000 0.86160000
vn -0.21020000 -0.52760000 0.82300000
vn -0.13580000 -0.48900000 0.86160000
vn -0.15200000 -0.54730000 0.82300000
vn -0.08210000 -0.50090000 0.86160000
vn -0.50750000 -0.00000000 0.86160000
vn -0.56800000 -0.00000000 0.82300000
vn -0.50450000 -0.05490000 0.86160000
vn -0.56460000 -0.06140000 0.82300000
vn -0.49570000 -0.10910000 0.86160000
vn -0.55470000 -0.12210000 0.82300000
vn -0.48100000 -0.16210000 0.86160000
vn -0.53820000 -0.18140000 0.82300000
vn -0.46060000 -0.21310000 0.86160000
vn -0.51550000 -0.23850000 0.82300000
vn -0.43490000 -0.26170000 0.86160000
vn -0.48670000 -0.29280000 0.82300000
vn -0.40410000 -0.30710000 0.86160000
vn -0.45220000 -0.34370000 0.82300000
vn 0.62550000 -0.00000000 0.78020000
vn 0.56800000 -0.00000000 0.82300000
vn 0.62190000 -0.06760000 0.78020000
vn 0.56470000 -0.06140000 0.82300000
vn 0.61090000 -0.13450000 0.78020000
vn 0.55470000 -0.12210000 0.82300000
vn 0.59280000 -0.19970000 0.78020000
vn 0.53830000 -0.18140000 0.82300000
vn 0.56770000 -0.26260000 0.78020000
vn 0.51550000 -0.23850000 0.82300000
vn 0.53600000 -0.32250000 0.78020000
vn 0.48670000 -0.29280000 0.82300000
vn 0.49800000 -0.37850000 0.78020000
vn 0.45220000 -0.34370000 0.82300000
vn 0.45410000 -0.43020000 0.78020000
vn 0.35110000 -0.51780000 0.78020000
vn 0.31880000 -0.47010000 0.82300000
vn 0.29300000 -0.55260000 0.78020000
vn 0.26610000 -0.50180000 0.82300000
vn 0.23150000 -0.58110000 0.78020000
vn 0.21020000 -0.52770000 0.82300000
vn 0.16740000 -0.60280000 0.78020000
vn 0.15200000 -0.54730000 0.82300000
vn 0.10120000 -0.61730000 0.78020000
vn 0.09190000 -0.56050000 0.82300000
vn 0.03390000 -0.62460000 0.78020000
vn 0.03080000 -0.56720000 0.82300000
vn -0.03390000 -0.62460000 0.78020000
vn -0.03080000 -0.56720000 0.82300000
vn -0.10120000 -0.61730000 0.78020000
vn -0.09190000 -0.56050000 0.82300000
vn -0.16740000 -0.60270000 0.78020000
vn -0.36770000 -0.43290000 0.82300000
vn -0.40500000 -0.47680000 0.78020000
vn -0.31880000 -0.47010000 0.82300000
vn -0.35110000 -0.51780000 0.78020000
vn -0.26610000 -0.50180000 0.82300000
vn -0.29300000 -0.55270000 0.78020000
vn -0.21020000 -0.52770000 0.82300000
vn -0.23150000 -0.58110000 0.78020000
vn -0.15200000 -0.54730000 0.82300000
vn -0.56800000 -0.00000000 0.82300000
vn -0.62550000 -0.00000000 0.78020000
vn -0.56470000 -0.06140000 0.82300000
vn -0.62190000 -0.06760000 0.78020000
vn -0.55470000 -0.12210000 0.82300000
vn -0.61090000 -0.13450000 0.78020000
vn -0.53830000 -0.18140000 0.82300000
vn -0.59280000 -0.19970000 0.78020000
vn -0.51550000 -0.23850000 0.82300000
vn -0.56770000 -0.26270000 0.78020000
vn -0.48670000 -0.29280000 0.82300000
vn -0.53600000 -0.32250000 0.78020000
vn -0.45220000 -0.34370000 0.82300000
vn -0.49800000 -0.37860000 0.78020000
vn 0.67990000 -0.00000000 0.73330000
vn 0.62550000 -0.00000000 0.78020000
vn 0.67640000 -0.06880000 0.73330000
vn 0.62190000 -0.06760000 0.78020000
vn 0.66590000 -0.13680000 0.73340000
vn 0.61090000 -0.13450000 0.78020000
vn 0.64870000 -0.20350000 0.73330000
vn 0.59280000 -0.19970000 0.78020000
vn 0.62480000 -0.26810000 0.73330000
vn 0.56780000 -0.26270000 0.78020000
vn 0.59440000 -0.32990000 0.73330000
vn 0.53600000 -0.32250000 0.78020000
vn 0.55800000 -0.38840000 0.73330000
vn 0.49800000 -0.37860000 0.78020000
vn 0.51580000 -0.44280000 0.73330000
vn 0.45410000 -0.43020000 0.78020000
vn 0.49360000 -0.46750000 0.73330000
vn 0.46840000 -0.49280000 0.73330000
vn 0.44010000 -0.51810000 0.73340000
vn 0.46840000 -0.49280000 0.73330000
vn 0.40500000 -0.47680000 0.78020000
vn 0.45410000 -0.43020000 0.78020000
vn 0.41240000 -0.39060000 0.82300000
vn 0.45220000 -0.34370000 0.82300000
vn 0.40400000 -0.30710000 0.86160000
vn 0.43490000 -0.26170000 0.86160000
vn 0.38490000 -0.22220000 0.89580000
vn 0.41060000 -0.17010000 0.89580000
vn 0.35110000 -0.51780000 0.78020000
vn 0.35960000 -0.57700000 0.73330000
vn 0.41610000 -0.53760000 0.73330000
vn -0.23150000 -0.58110000 0.78020000
vn -0.16730000 -0.60270000 0.78020000
vn -0.15190000 -0.54730000 0.82300000
vn -0.09190000 -0.56050000 0.82300000
vn -0.08210000 -0.50090000 0.86160000
vn -0.02750000 -0.50680000 0.86160000
vn -0.00000000 -0.44450000 0.89580000
vn 0.02750000 -0.50680000 0.86160000
vn 0.05800000 -0.44060000 0.89580000
vn 0.08210000 -0.50080000 0.86170000
vn 0.11500000 -0.42930000 0.89580000
vn 0.13580000 -0.48900000 0.86160000
vn 0.17010000 -0.41060000 0.89580000
vn 0.18780000 -0.47150000 0.86170000
vn 0.22220000 -0.38490000 0.89580000
vn 0.23770000 -0.44840000 0.86160000
vn 0.27060000 -0.35260000 0.89580000
vn 0.28480000 -0.42010000 0.86160000
vn 0.32860000 -0.38680000 0.86160000
vn 0.31870000 -0.47010000 0.82300000
vn 0.36770000 -0.43290000 0.82300000
vn 0.35110000 -0.51770000 0.78020000
vn 0.40500000 -0.47680000 0.78020000
vn 0.41620000 -0.53760000 0.73330000
vn 0.44010000 -0.51820000 0.73330000
vn 0.35960000 -0.57700000 0.73330000
vn 0.35100000 -0.51780000 0.78020000
vn 0.29940000 -0.61040000 0.73330000
vn 0.29300000 -0.55270000 0.78020000
vn 0.23610000 -0.63760000 0.73330000
vn 0.23150000 -0.58110000 0.78020000
vn 0.17040000 -0.65810000 0.73340000
vn 0.16740000 -0.60280000 0.78020000
vn 0.10300000 -0.67200000 0.73330000
vn 0.10120000 -0.61730000 0.78020000
vn 0.03440000 -0.67900000 0.73330000
vn 0.03390000 -0.62460000 0.78020000
vn -0.03440000 -0.67900000 0.73330000
vn -0.03390000 -0.62460000 0.78020000
vn -0.10290000 -0.67200000 0.73330000
vn -0.10120000 -0.61730000 0.78020000
vn -0.17040000 -0.65820000 0.73330000
vn -0.16740000 -0.60270000 0.78020000
vn -0.23610000 -0.63760000 0.73330000
vn -0.23150000 -0.58110000 0.78020000
vn -0.29940000 -0.61040000 0.73330000
vn -0.29300000 -0.55270000 0.78020000
vn -0.35960000 -0.57700000 0.73330000
vn -0.35110000 -0.51780000 0.78020000
vn -0.41610000 -0.53760000 0.73330000
vn -0.40500000 -0.47680000 0.78020000
vn -0.44010000 -0.51820000 0.73330000
vn -0.45410000 -0.43020000 0.78020000
vn -0.49360000 -0.46750000 0.73330000
vn -0.46840000 -0.49280000 0.73330000
vn -0.27060000 -0.35260000 0.89580000
vn -0.36850000 -0.34900000 0.86160000
vn -0.32860000 -0.38680000 0.86160000
vn -0.41240000 -0.39060000 0.82300000
vn -0.36770000 -0.43290000 0.82300000
vn -0.45410000 -0.43020000 0.78020000
vn -0.40500000 -0.47670000 0.78020000
vn -0.46840000 -0.49280000 0.73330000
vn -0.44010000 -0.51810000 0.73340000
vn -0.31430000 -0.31430000 0.89580000
vn -0.40400000 -0.30710000 0.86160000
vn -0.36850000 -0.34900000 0.86160000
vn -0.45220000 -0.34370000 0.82300000
vn -0.41240000 -0.39060000 0.82300000
vn -0.49800000 -0.37860000 0.78020000
vn -0.45420000 -0.43020000 0.78020000
vn -0.51580000 -0.44280000 0.73340000
vn -0.49360000 -0.46750000 0.73330000
vn -0.62550000 -0.00000000 0.78020000
vn -0.67990000 -0.00000000 0.73330000
vn -0.62190000 -0.06760000 0.78020000
vn -0.67640000 -0.06880000 0.73330000
vn -0.61090000 -0.13450000 0.78020000
vn -0.66590000 -0.13690000 0.73340000
vn -0.59280000 -0.19970000 0.78020000
vn -0.64870000 -0.20350000 0.73330000
vn -0.56770000 -0.26270000 0.78020000
vn -0.62480000 -0.26810000 0.73330000
vn -0.53600000 -0.32250000 0.78020000
vn -0.59440000 -0.32990000 0.73330000
vn -0.49800000 -0.37860000 0.78020000
vn -0.55800000 -0.38840000 0.73330000
vn -0.51590000 -0.44280000 0.73330000
vn 1.00000000 -0.00000000 -0.00000000
vn 1.00000000 -0.00000000 -0.00000000
vn 1.00000000 -0.00000000 -0.00000000
vn 1.00000000 -0.00000000 -0.00000000
vn -1.00000000 -0.00000000 -0.00000000
vn -1.00000000 -0.00000000 -0.00000000
vn -1.00000000 -0.00000000 -0.00000000
vn -1.00000000 -0.00000000 -0.00000000
vn -0.00000000 -0.00000000 1.00000000
vn -0.00000000 -0.00000000 1.00000000
vn -0.00000000 -0.00000000 1.00000000
vn -0.00000000 -0.00000000 1.00000000
vn -0.00000000 -0.00000000 1.00000000
vn -0.00000000 -0.00000000 1.00000000
vn -0.00000000 -0.00000000 1.00000000
vn -0.00000000 -0.00000000 1.00000000
vn -0.00000000 -0.00000000 1.00000000
vn -0.00000000 -0.00000000 1.00000000
vn -0.00000000 -0.00000000 1.00000000
vn -0.00000000 -0.00000000 1.00000000
vn -0.00000000 -0.00000000 1.00000000
vn -0.00000000 -0.00000000 1.00000000
vn -0.00000000 -0.00000000 1.00000000
vn -0.00000000 -0.00000000 1.00000000
vn -0.00000000 -0.00000000 1.00000000
vn -0.00000000 -0.00000000 1.00000000
vn -0.00000000 -0.00000000 1.00000000
vn -0.00000000 -0.00000000 1.00000000
vn -0.00000000 -0.00000000 1.00000000
vn -0.00000000 -0.00000000 1.00000000
vn -0.00000000 -0.00000000 1.00000000
vn -0.00000000 -0.00000000 1.00000000
vn -0.00000000 -0.00000000 1.00000000
vn -0.00000000 -0.00000000 1.00000000
vn -0.00000000 -0.00000000 1.00000000
vn -0.00000000 -0.00000000 1.00000000
vn -0.00000000 -0.00000000 1.00000000
vn -0.00000000 -0.00000000 1.00000000
vn -0.00000000 -0.00000000 1.00000000
vn -0.00000000 -0.00000000 1.00000000
vn -0.00000000 -0.00000000 1.00000000
vn -0.00000000 -0.00000000 1.00000000
vn -0.00000000 -0.00000000 1.00000000
vn -0.00000000 -0.00000000 1.00000000
vn -0.00000000 -0.00000000 1.00000000
vn -0.00000000 -0.00000000 1.00000000
vn -0.00000000 -0.00000000 1.00000000
vn -0.00000000 -0.00000000 1.00000000
vn -0.00000000 -0.00000000 1.00000000
vn -0.00000000 -0.00000000 1.00000000
vn -0.00000000 -0.00000000 1.00000000
vn -0.00000000 -0.00000000 1.00000000
vn -0.00000000 -0.00000000 1.00000000
vn -0.00000000 -0.00000000 1.00000000
vn -0.00000000 -0.00000000 1.00000000
vn -0.00000000 -0.00000000 1.00000000
vn -0.00000000 -0.00000000 1.00000000
vn -0.00000000 -0.00000000 1.00000000
vn -0.00000000 -0.00000000 1.00000000
vn -0.00000000 -0.00000000 1.00000000
vn -0.00000000 -0.00000000 1.00000000
vn -0.00000000 -0.00000000 1.00000000
vn -0.00000000 -0.00000000 1.00000000
vn -0.00000000 -0.00000000 1.00000000
vn -0.00000000 -0.00000000 1.00000000
vn -0.00000000 -0.00000000 1.00000000
vn -0.00000000 -0.00000000 1.00000000
vn -0.00000000 -0.00000000 1.00000000
vn -0.00000000 -0.00000000 1.00000000
vn -0.00000000 -0.00000000 1.00000000
vn -0.00000000 -0.00000000 1.00000000
vn -0.00000000 -0.00000000 1.00000000
vn -0.00000000 -0.00000000 1.00000000
vn -0.00000000 -0.00000000 1.00000000
vn -0.00000000 -0.00000000 1.00000000
vn -0.00000000 -0.00000000 1.00000000
vn -0.00000000 -0.00000000 1.00000000
vn -0.00000000 -0.00000000 1.00000000
vn -0.00000000 -0.00000000 1.00000000
vn -0.00000000 -0.00000000 1.00000000
vn -0.00000000 -0.00000000 1.00000000
vn -0.00000000 -0.00000000 1.00000000
vn -0.00000000 -0.00000000 1.00000000
vn -0.00000000 -0.00000000 1.00000000
vn -0.00000000 -0.00000000 1.00000000
vn -0.00000000 -0.00000000 1.00000000
vn -0.00000000 -0.00000000 1.00000000
vn -0.00000000 -0.00000000 1.00000000
vn -0.00000000 -0.00000000 1.00000000
vn -0.00000000 -0.00000000 1.00000000
vn -0.00000000 -0.00000000 1.00000000
vn -0.00000000 -0.00000000 1.00000000
vn -0.00000000 -0.00000000 1.00000000
vn -0.00000000 -0.00000000 1.00000000
vn -0.00000000 -0.00000000 1.00000000
vn -0.00000000 -0.00000000 1.00000000
vn -0.00000000 -0.00000000 1.00000000
vn -0.00000000 -0.00000000 1.00000000
vn -0.00000000 -0.00000000 -1.00000000
vn -0.00000000 -0.00000000 -1.00000000
vn -0.00000000 -0.00000000 -1.00000000
vn -0.00000000 -0.00000000 -1.00000000
vn -0.00000000 -0.00000000 -1.00000000
vn -0.00000000 -0.00000000 -1.00000000
vn -0.00000000 -0.00000000 -1.00000000
vn -0.00000000 -0.00000000 -1.00000000
vn -0.00000000 -0.00000000 -1.00000000
vn -0.00000000 -0.00000000 -1.00000000
vn -0.00000000 -0.00000000 -1.00000000
vn -0.00000000 -0.00000000 -1.00000000
vn -0.00000000 -0.00000000 -1.00000000
vn -0.00000000 -0.00000000 -1.00000000
vn -0.00000000 -0.00000000 -1.00000000
vn -0.00000000 -0.00000000 -1.00000000
vn -0.00000000 -0.00000000 -1.00000000
vn -0.00000000 -0.00000000 -1.00000000
vn -0.00000000 -0.00000000 -1.00000000
vn -0.00000000 -0.00000000 -1.00000000
vn -0.00000000 -0.00000000 -1.00000000
vn -0.00000000 -0.00000000 -1.00000000
vn -0.00000000 -0.00000000 -1.00000000
vn -0.00000000 -0.00000000 -1.00000000
vn -0.00000000 -0.00000000 -1.00000000
vn -0.00000000 -0.00000000 -1.00000000
vn -0.00000000 -0.00000000 -1.00000000
vn -0.00000000 -0.00000000 -1.00000000
vn -0.00000000 -0.00000000 -1.00000000
vn -0.00000000 -0.00000000 -1.00000000
vn -0.00000000 -0.00000000 -1.00000000
vn -0.00000000 -0.00000000 -1.00000000
vn -0.00000000 -0.00000000 -1.00000000
vn -0.00000000 -0.00000000 -1.00000000
vn -0.00000000 -0.00000000 -1.00000000
vn -0.00000000 -0.00000000 -1.00000000
vn -0.00000000 -0.00000000 -1.00000000
vn -0.00000000 -0.00000000 -1.00000000
vn -0.00000000 -0.00000000 -1.00000000
vn -0.00000000 -0.00000000 -1.00000000
vn -0.00000000 -0.00000000 -1.00000000
vn -0.00000000 -0.00000000 -1.00000000
vn -0.00000000 -0.00000000 -1.00000000
vn -0.00000000 -0.00000000 -1.00000000
vn -0.00000000 -0.00000000 -1.00000000
vn -0.00000000 -0.00000000 -1.00000000
vn -0.00000000 -0.00000000 -1.00000000
vn -0.00000000 -0.00000000 -1.00000000
vn -0.00000000 -0.00000000 -1.00000000
vn -0.00000000 -0.00000000 -1.00000000
vn -0.00000000 -0.00000000 -1.00000000
vn -0.00000000 -0.00000000 -1.00000000
vn -0.00000000 -0.00000000 -1.00000000
vn 1.00000000 -0.00000000 -0.00000000
vn 1.00000000 -0.00000000 -0.00000000
vn 1.00000000 -0.00000000 -0.00000000
vn 1.00000000 -0.00000000 -0.00000000
vn -0.00000000 1.00000000 -0.00000000
vn -0.00000000 1.00000000 -0.00000000
vn -0.00000000 1.00000000 -0.00000000
vn -0.00000000 1.00000000 -0.00000000
vn -1.00000000 -0.00000000 -0.00000000
vn -1.00000000 -0.00000000 -0.00000000
vn -1.00000000 -0.00000000 -0.00000000
vn -1.00000000 -0.00000000 -0.00000000
vn -0.00000000 -1.00000000 -0.00000000
vn -0.00000000 -1.00000000 -0.00000000
vn -0.00000000 -1.00000000 -0.00000000
vn -0.00000000 -1.00000000 -0.00000000
vn -0.00000000 -0.00000000 1.00000000
vn -0.00000000 -0.00000000 1.00000000
vn -0.00000000 -0.00000000 1.00000000
vn -0.00000000 -0.00000000 1.00000000
vn -0.00000000 -0.00000000 1.00000000
vn -0.00000000 -0.00000000 1.00000000
vn -0.00000000 -0.00000000 1.00000000
vn -0.00000000 -0.00000000 1.00000000
vn -0.00000000 -0.00000000 1.00000000
vn -0.00000000 -0.00000000 1.00000000
vn -0.00000000 -0.00000000 1.00000000
vn -0.00000000 -0.00000000 1.00000000
vn -0.00000000 -0.00000000 1.00000000
vn -0.00000000 -0.00000000 1.00000000
vn -0.00000000 -0.00000000 1.00000000
vn -0.00000000 -0.00000000 1.00000000
vn -0.00000000 -0.00000000 1.00000000
vn -0.00000000 -0.00000000 1.00000000
vn -0.00000000 -0.00000000 1.00000000
vn -0.00000000 -0.00000000 1.00000000
vn -0.00000000 -0.00000000 1.00000000
vn -0.00000000 -0.00000000 1.00000000
vn -0.00000000 -0.00000000 1.00000000
vn -0.00000000 -0.00000000 1.00000000
vn -0.00000000 -0.00000000 1.00000000
vn -0.00000000 -0.00000000 1.00000000
vn -0.00000000 -0.00000000 1.00000000
vn -0.00000000 -0.00000000 1.00000000
vn -0.00000000 -0.00000000 1.00000000
vn -0.00000000 -0.00000000 1.00000000
vn -0.00000000 -0.00000000 1.00000000
vn -0.00000000 -0.00000000 1.00000000
vn -0.00000000 -0.00000000 1.00000000
vn -0.00000000 -0.00000000 1.00000000
vn -0.00000000 -0.00000000 1.00000000
vn -0.00000000 -0.00000000 1.00000000
vn -0.00000000 -0.00000000 1.00000000
vn -0.00000000 -0.00000000 1.00000000
vn -0.00000000 -0.00000000 1.00000000
vn -0.00000000 -0.00000000 1.00000000
vn -0.00000000 -0.00000000 1.00000000
vn -0.00000000 -0.00000000 1.00000000
vn -0.00000000 -0.00000000 1.00000000
vn -0.00000000 -0.00000000 1.00000000
vn -0.00000000 -0.00000000 1.00000000
vn -0.00000000 -0.00000000 1.00000000
vn -0.00000000 -0.00000000 1.00000000
vn -0.00000000 -0.00000000 1.00000000
vn -0.00000000 -0.00000000 1.00000000
vn -0.00000000 -0.00000000 1.00000000
vn -0.00000000 -0.00000000 1.00000000
vn -0.00000000 -0.00000000 1.00000000
vn -0.00000000 -0.00000000 1.00000000
vn -0.00000000 -0.00000000 1.00000000
vn -0.00000000 -0.00000000 1.00000000
vn -0.00000000 -0.00000000 1.00000000
vn -0.00000000 -0.00000000 1.00000000
vn -0.00000000 -0.00000000 1.00000000
vn -0.00000000 -0.00000000 1.00000000
vn -0.00000000 -0.00000000 1.00000000
vn -0.00000000 -0.00000000 1.00000000
vn -0.00000000 -0.00000000 1.00000000
vn -0.00000000 -0.00000000 1.00000000
vn -0.00000000 -0.00000000 1.00000000
vn -0.00000000 -0.00000000 1.00000000
vn -0.00000000 -0.00000000 1.00000000
vn -0.00000000 -0.00000000 1.00000000
vn -0.00000000 -0.00000000 1.00000000
vn -0.00000000 -0.00000000 1.00000000
vn -0.00000000 -0.00000000 1.00000000
vn -0.00000000 -0.00000000 1.00000000
vn -0.00000000 -0.00000000 1.00000000
vn -0.00000000 -0.00000000 1.00000000
vn -0.00000000 -0.00000000 1.00000000
vn -0.00000000 -0.00000000 1.00000000
vn -0.00000000 -0.00000000 1.00000000
vn -0.00000000 -0.00000000 1.00000000
vn -0.00000000 -0.00000000 1.00000000
vn -0.00000000 -0.00000000 1.00000000
vn -0.00000000 -0.00000000 1.00000000
vn -0.00000000 -0.00000000 1.00000000
vn -0.00000000 -0.00000000 1.00000000
vn -0.00000000 -0.00000000 1.00000000
vn -0.00000000 -0.00000000 1.00000000
vn -0.00000000 -0.00000000 1.00000000
vn -0.00000000 -0.00000000 1.00000000
vn -0.00000000 -0.00000000 1.00000000
vn -0.00000000 -0.00000000 1.00000000
vn -0.00000000 -0.00000000 1.00000000
vn -0.00000000 -0.00000000 1.00000000
vn -0.00000000 -0.00000000 -1.00000000
vn -0.00000000 -0.00000000 -1.00000000
vn -0.00000000 -0.00000000 -1.00000000
vn -0.00000000 -0.00000000 -1.00000000
vn -0.00000000 -0.00000000 -1.00000000
vn -0.00000000 -0.00000000 -1.00000000
vn -0.00000000 -0.00000000 -1.00000000
vn -0.00000000 -0.00000000 -1.00000000
vn -0.00000000 -0.00000000 -1.00000000
vn -0.00000000 -0.00000000 -1.00000000
vn -0.00000000 -0.00000000 -1.00000000
vn -0.00000000 -0.00000000 -1.00000000
vn -0.00000000 -0.00000000 -1.00000000
vn -0.00000000 -0.00000000 -1.00000000
vn -0.00000000 -0.00000000 -1.00000000
vn -0.00000000 -0.00000000 -1.00000000
vn -0.00000000 -0.00000000 -1.00000000
vn -0.00000000 -0.00000000 -1.00000000
vn -0.00000000 -0.00000000 -1.00000000
vn -0.00000000 -0.00000000 -1.00000000
vn -0.00000000 -0.00000000 -1.00000000
vn -0.00000000 -0.00000000 -1.00000000
vn -0.00000000 -0.00000000 -1.00000000
vn -0.00000000 -0.00000000 -1.00000000
vn -0.00000000 -0.00000000 -1.00000000
vn -0.00000000 -0.00000000 -1.00000000
vn -0.00000000 -0.00000000 -1.00000000
vn -0.00000000 -0.00000000 -1.00000000
vn -0.00000000 -0.00000000 -1.00000000
vn -0.00000000 -0.00000000 -1.00000000
vn -0.00000000 -0.00000000 -1.00000000
vn -0.00000000 -0.00000000 -1.00000000
vn -0.00000000 -0.00000000 -1.00000000
vn -0.00000000 -0.00000000 -1.00000000
vn -0.00000000 -0.00000000 -1.00000000
vn -0.00000000 -0.00000000 -1.00000000
vn -0.00000000 -0.00000000 -1.00000000
vn -0.00000000 -0.00000000 -1.00000000
vn -0.00000000 -0.00000000 -1.00000000
vn -0.00000000 -0.00000000 -1.00000000
vn -0.00000000 -0.00000000 -1.00000000
vn -0.00000000 -0.00000000 -1.00000000
vn -0.00000000 -0.00000000 -1.00000000
vn -0.00000000 -0.00000000 -1.00000000
vn -0.00000000 -0.00000000 -1.00000000
vn -0.00000000 -0.00000000 -1.00000000
vn -0.00000000 -0.00000000 -1.00000000
vn -0.00000000 -0.00000000 -1.00000000
vn -0.00000000 -0.00000000 -1.00000000
vn -0.00000000 -0.00000000 -1.00000000
vn -0.00000000 -0.00000000 -1.00000000
vn -0.00000000 -0.00000000 -1.00000000
vn -0.00000000 -0.00000000 -1.00000000
vn -0.00000000 -0.00000000 -1.00000000
vn -0.00000000 -0.00000000 -1.00000000
vn 1.00000000 -0.00000000 -0.00000000
vn 0.97950000 -0.20130000 -0.00000000
vn 0.99140000 -0.13050000 -0.00000000
vn 0.91900000 -0.39440000 -0.00000000
vn 0.92390000 -0.38270000 -0.00000000
vn 0.91900000 -0.39430000 -0.00000000
vn 0.96590000 -0.25880000 -0.00000000
vn 0.97950000 -0.20130000 -0.00000000
vn 0.97950000 -0.20130000 -0.00000000
vn 0.99140000 -0.13060000 -0.00000000
vn 0.91900000 -0.39440000 -0.00000000
vn 0.91900000 -0.39440000 -0.00000000
vn 0.86600000 -0.50000000 -0.00000000
vn 0.82080000 -0.57130000 -0.00000000
vn 0.82080000 -0.57130000 -0.00000000
vn 0.82070000 -0.57130000 -0.00000000
vn 0.82070000 -0.57130000 -0.00000000
vn 0.79340000 -0.60880000 -0.00000000
vn 0.68900000 -0.72480000 -0.00000000
vn 0.70710000 -0.70710000 -0.00000000
vn 0.52900000 -0.84860000 -0.00000000
vn 0.60880000 -0.79340000 -0.00000000
vn 0.68900000 -0.72480000 -0.00000000
vn 0.68900000 -0.72480000 -0.00000000
vn 0.70710000 -0.70710000 -0.00000000
vn 0.34730000 -0.93780000 -0.00000000
vn 0.38270000 -0.92390000 -0.00000000
vn 0.34730000 -0.93770000 -0.00000000
vn 0.50000000 -0.86600000 -0.00000000
vn 0.52900000 -0.84860000 -0.00000000
vn 0.52900000 -0.84860000 -0.00000000
vn 0.60880000 -0.79340000 -0.00000000
vn 0.34730000 -0.93780000 -0.00000000
vn 0.34730000 -0.93780000 -0.00000000
vn 0.25880000 -0.96590000 -0.00000000
vn 0.15140000 -0.98850000 -0.00000000
vn 0.15140000 -0.98850000 -0.00000000
vn 0.15140000 -0.98850000 -0.00000000
vn 0.15140000 -0.98850000 -0.00000000
vn 0.13050000 -0.99140000 -0.00000000
vn -0.05060000 -0.99870000 -0.00000000
vn -0.00000000 -1.00000000 -0.00000000
vn -0.25060000 -0.96810000 -0.00000000
vn -0.13050000 -0.99140000 -0.00000000
vn -0.05070000 -0.99870000 -0.00000000
vn -0.05070000 -0.99870000 -0.00000000
vn -0.00000000 -1.00000000 -0.00000000
vn -0.44040000 -0.89780000 -0.00000000
vn -0.38270000 -0.92390000 -0.00000000
vn -0.44040000 -0.89780000 -0.00000000
vn -0.25890000 -0.96590000 -0.00000000
vn -0.25070000 -0.96810000 -0.00000000
vn -0.25070000 -0.96810000 -0.00000000
vn -0.13050000 -0.99140000 -0.00000000
vn -0.44040000 -0.89780000 -0.00000000
vn -0.44040000 -0.89780000 -0.00000000
vn -0.50000000 -0.86600000 -0.00000000
vn -0.61210000 -0.79080000 -0.00000000
vn -0.60870000 -0.79340000 -0.00000000
vn -0.75870000 -0.65140000 -0.00000000
vn -0.70710000 -0.70710000 -0.00000000
vn -0.61210000 -0.79080000 -0.00000000
vn -0.61210000 -0.79080000 -0.00000000
vn -0.60870000 -0.79340000 -0.00000000
vn -0.87430000 -0.48530000 -0.00000000
vn -0.86600000 -0.50000000 -0.00000000
vn -0.87430000 -0.48530000 -0.00000000
vn -0.79330000 -0.60880000 -0.00000000
vn -0.75880000 -0.65130000 -0.00000000
vn -0.75870000 -0.65140000 -0.00000000
vn -0.70710000 -0.70710000 -0.00000000
vn -0.87440000 -0.48530000 -0.00000000
vn -0.87430000 -0.48530000 -0.00000000
vn -0.92390000 -0.38270000 -0.00000000
vn -0.95410000 -0.29940000 -0.00000000
vn -0.95410000 -0.29940000 -0.00000000
vn -0.95410000 -0.29930000 -0.00000000
vn -0.95420000 -0.29930000 -0.00000000
vn -0.96590000 -0.25880000 -0.00000000
vn -0.99490000 -0.10120000 -0.00000000
vn -0.99140000 -0.13060000 -0.00000000
vn -0.95410000 0.29930000 -0.00000000
vn -0.96590000 0.25880000 -0.00000000
vn -0.95410000 0.29930000 -0.00000000
vn -0.99140000 0.13050000 -0.00000000
vn -0.99490000 0.10120000 -0.00000000
vn -0.99490000 0.10120000 -0.00000000
vn -1.00000000 -0.00000000 -0.00000000
vn -1.00000000 -0.00000000 -0.00000000
vn -0.99490000 -0.10120000 -0.00000000
vn -0.99490000 -0.10110000 -0.00000000
vn -0.99140000 -0.13050000 -0.00000000
vn -0.95410000 0.29940000 -0.00000000
vn -0.95410000 0.29940000 -0.00000000
vn -0.92390000 0.38270000 -0.00000000
vn -0.87430000 0.48530000 -0.00000000
vn -0.87440000 0.48530000 -0.00000000
vn -0.87430000 0.48530000 -0.00000000
vn -0.87430000 0.48530000 -0.00000000
vn -0.86600000 0.50000000 -0.00000000
vn -0.75880000 0.65130000 -0.00000000
vn -0.79340000 0.60880000 -0.00000000
vn -0.61210000 0.79080000 -0.00000000
vn -0.70710000 0.70710000 -0.00000000
vn -0.75870000 0.65140000 -0.00000000
vn -0.75880000 0.65140000 -0.00000000
vn -0.79330000 0.60880000 -0.00000000
vn -0.44040000 0.89780000 -0.00000000
vn -0.50000000 0.86600000 -0.00000000
vn -0.44040000 0.89780000 -0.00000000
vn -0.60880000 0.79340000 -0.00000000
vn -0.61210000 0.79080000 -0.00000000
vn -0.61210000 0.79080000 -0.00000000
vn -0.70710000 0.70710000 -0.00000000
vn -0.44040000 0.89780000 -0.00000000
vn -0.44040000 0.89780000 -0.00000000
vn -0.38270000 0.92390000 -0.00000000
vn -0.25070000 0.96810000 -0.00000000
vn -0.25880000 0.96590000 -0.00000000
vn -0.05070000 0.99870000 -0.00000000
vn -0.13050000 0.99140000 -0.00000000
vn -0.25060000 0.96810000 -0.00000000
vn -0.25070000 0.96810000 -0.00000000
vn -0.25880000 0.96590000 -0.00000000
vn 0.15140000 0.98850000 -0.00000000
vn 0.13050000 0.99140000 -0.00000000
vn 0.15140000 0.98850000 -0.00000000
vn -0.00000000 1.00000000 -0.00000000
vn -0.05070000 0.99870000 -0.00000000
vn -0.05070000 0.99870000 -0.00000000
vn -0.13050000 0.99140000 -0.00000000
vn 0.15140000 0.98850000 -0.00000000
vn 0.15140000 0.98850000 -0.00000000
vn 0.25880000 0.96590000 -0.00000000
vn 0.34730000 0.93780000 -0.00000000
vn 0.34730000 0.93780000 -0.00000000
vn 0.34730000 0.93770000 -0.00000000
vn 0.34730000 0.93770000 -0.00000000
vn 0.38270000 0.92390000 -0.00000000
vn 0.52890000 0.84870000 -0.00000000
vn 0.50000000 0.86600000 -0.00000000
vn 0.68900000 0.72480000 -0.00000000
vn 0.60870000 0.79340000 -0.00000000
vn 0.52900000 0.84860000 -0.00000000
vn 0.52900000 0.84860000 -0.00000000
vn 0.50000000 0.86600000 -0.00000000
vn 0.82080000 0.57130000 -0.00000000
vn 0.79330000 0.60880000 -0.00000000
vn 0.82080000 0.57130000 -0.00000000
vn 0.70710000 0.70710000 -0.00000000
vn 0.68900000 0.72480000 -0.00000000
vn 0.68900000 0.72480000 -0.00000000
vn 0.60880000 0.79340000 -0.00000000
vn 0.82080000 0.57130000 -0.00000000
vn 0.82080000 0.57130000 -0.00000000
vn 0.86600000 0.50000000 -0.00000000
vn 0.91900000 0.39440000 -0.00000000
vn 0.91900000 0.39440000 -0.00000000
vn 0.91900000 0.39430000 -0.00000000
vn 0.91900000 0.39430000 -0.00000000
vn 0.92390000 0.38270000 -0.00000000
vn 0.97950000 0.20130000 -0.00000000
vn 0.96590000 0.25880000 -0.00000000
vn 0.99140000 -0.13050000 -0.00000000
vn 1.00000000 -0.00000000 -0.00000000
vn 1.00000000 -0.00000000 -0.00000000
vn 0.99140000 0.13050000 -0.00000000
vn 0.97950000 0.20130000 -0.00000000
vn 0.97950000 0.20130000 -0.00000000
vn 0.96590000 0.25880000 -0.00000000
vn -0.70710000 0.70710000 -0.00000000
vn -0.70710000 0.70710000 -0.00000000
vn -0.70710000 0.70710000 -0.00000000
vn -0.70710000 0.70710000 -0.00000000
vn 0.70710000 0.70710000 -0.00000000
vn 0.70710000 0.70710000 -0.00000000
vn 0.70710000 0.70710000 -0.00000000
vn 0.70710000 0.70710000 -0.00000000
vn 0.70710000 -0.70710000 -0.00000000
vn 0.70710000 -0.70710000 -0.00000000
vn 0.70710000 -0.70710000 -0.00000000
vn 0.70710000 -0.70710000 -0.00000000
vn -0.70710000 -0.70710000 -0.00000000
vn -0.70710000 -0.70710000 -0.00000000
vn -0.70710000 -0.70710000 -0.00000000
vn -0.70710000 -0.70710000 -0.00000000
vn 0.44450000 -0.00000000 0.89580000
vn 0.63080000 -0.00000000 0.77600000
vn 0.62540000 -0.08230000 0.77600000
vn 0.63080000 -0.00000000 0.77590000
vn 0.78620000 -0.00000000 0.61800000
vn 0.77950000 -0.10260000 0.61800000
vn 0.78620000 -0.00000000 0.61790000
vn 0.90300000 -0.00000000 0.42970000
vn 0.89530000 -0.11780000 0.42970000
vn 0.97550000 -0.00000000 0.22020000
vn 1.00000000 -0.00000000 -0.00000000
vn 0.99140000 -0.13050000 -0.00000000
vn 0.90300000 -0.00000000 0.42960000
vn 0.97540000 -0.00000000 0.22020000
vn 0.96710000 -0.12730000 0.22020000
vn 0.99140000 -0.13050000 -0.00000000
vn 0.94220000 -0.25250000 0.22020000
vn 0.97950000 -0.20130000 -0.00000000
vn 0.97950000 -0.20130000 -0.00000000
vn 0.96590000 -0.25880000 -0.00000000
vn 0.94220000 -0.25250000 0.22020000
vn 0.92390000 -0.38270000 -0.00000000
vn 0.90120000 -0.37330000 0.22020000
vn 0.91900000 -0.39440000 -0.00000000
vn 0.84480000 -0.48770000 0.22020000
vn 0.86600000 -0.50000000 -0.00000000
vn 0.77390000 -0.59380000 0.22020000
vn 0.82080000 -0.57130000 -0.00000000
vn 0.82080000 -0.57130000 -0.00000000
vn 0.79340000 -0.60880000 -0.00000000
vn 0.77390000 -0.59380000 0.22020000
vn 0.70710000 -0.70710000 -0.00000000
vn 0.68980000 -0.68970000 0.22020000
vn 0.68900000 -0.72480000 -0.00000000
vn 0.59380000 -0.77390000 0.22020000
vn 0.60880000 -0.79340000 -0.00000000
vn 0.48770000 -0.84480000 0.22020000
vn 0.52900000 -0.84860000 -0.00000000
vn 0.52900000 -0.84870000 -0.00000000
vn 0.50000000 -0.86600000 -0.00000000
vn 0.48770000 -0.84480000 0.22020000
vn 0.38270000 -0.92390000 -0.00000000
vn 0.37330000 -0.90120000 0.22020000
vn 0.34730000 -0.93780000 -0.00000000
vn 0.25250000 -0.94220000 0.22020000
vn 0.25880000 -0.96590000 -0.00000000
vn 0.12740000 -0.96710000 0.22020000
vn 0.15140000 -0.98850000 -0.00000000
vn 0.15140000 -0.98850000 -0.00000000
vn 0.13050000 -0.99140000 -0.00000000
vn 0.12730000 -0.96710000 0.22020000
vn -0.00000000 -1.00000000 -0.00000000
vn -0.00000000 -0.97550000 0.22020000
vn -0.05070000 -0.99870000 -0.00000000
vn -0.12730000 -0.96710000 0.22020000
vn -0.13050000 -0.99140000 -0.00000000
vn -0.25250000 -0.94220000 0.22020000
vn -0.25060000 -0.96810000 -0.00000000
vn -0.25070000 -0.96810000 -0.00000000
vn -0.25880000 -0.96590000 -0.00000000
vn -0.25250000 -0.94220000 0.22020000
vn -0.38270000 -0.92390000 -0.00000000
vn -0.37330000 -0.90120000 0.22020000
vn -0.44040000 -0.89780000 -0.00000000
vn -0.48770000 -0.84480000 0.22020000
vn -0.44040000 -0.89780000 -0.00000000
vn -0.50000000 -0.86600000 -0.00000000
vn -0.48770000 -0.84480000 0.22020000
vn -0.60880000 -0.79340000 -0.00000000
vn -0.59380000 -0.77390000 0.22020000
vn -0.61210000 -0.79080000 -0.00000000
vn -0.68970000 -0.68980000 0.22020000
vn -0.70710000 -0.70710000 -0.00000000
vn -0.77390000 -0.59380000 0.22020000
vn -0.75870000 -0.65140000 -0.00000000
vn -0.75880000 -0.65140000 -0.00000000
vn -0.79340000 -0.60880000 -0.00000000
vn -0.77390000 -0.59380000 0.22020000
vn -0.86600000 -0.50000000 -0.00000000
vn -0.84480000 -0.48770000 0.22020000
vn -0.87430000 -0.48530000 -0.00000000
vn -0.90120000 -0.37330000 0.22020000
vn -0.92390000 -0.38270000 -0.00000000
vn -0.94220000 -0.25250000 0.22020000
vn -0.95410000 -0.29940000 -0.00000000
vn -1.00000000 -0.00000000 -0.00000000
vn -0.97550000 -0.00000000 0.22020000
vn -0.99490000 -0.10120000 -0.00000000
vn -0.96710000 -0.12730000 0.22020000
vn -0.99140000 -0.13050000 -0.00000000
vn -0.94220000 -0.25250000 0.22020000
vn -0.96590000 -0.25880000 -0.00000000
vn -0.95410000 -0.29940000 -0.00000000
vn 0.90300000 -0.00000000 0.42960000
vn 0.96710000 -0.12730000 0.22020000
vn 0.89530000 -0.11790000 0.42960000
vn 0.94220000 -0.25250000 0.22030000
vn 0.87220000 -0.23370000 0.42960000
vn 0.90120000 -0.37330000 0.22030000
vn 0.83430000 -0.34560000 0.42960000
vn 0.84480000 -0.48770000 0.22030000
vn 0.78200000 -0.45150000 0.42960000
vn 0.77390000 -0.59380000 0.22030000
vn 0.71640000 -0.54970000 0.42960000
vn 0.68970000 -0.68970000 0.22030000
vn 0.63850000 -0.63850000 0.42960000
vn 0.59380000 -0.77390000 0.22030000
vn 0.54970000 -0.71640000 0.42960000
vn 0.48770000 -0.84480000 0.22020000
vn 0.45150000 -0.78200000 0.42960000
vn 0.37330000 -0.90120000 0.22030000
vn 0.34560000 -0.83430000 0.42960000
vn 0.25250000 -0.94220000 0.22030000
vn 0.23370000 -0.87220000 0.42960000
vn 0.12730000 -0.96710000 0.22030000
vn 0.11790000 -0.89530000 0.42960000
vn -0.00000000 -0.97540000 0.22030000
vn -0.00000000 -0.90300000 0.42960000
vn -0.12730000 -0.96710000 0.22030000
vn -0.11790000 -0.89530000 0.42960000
vn -0.25250000 -0.94220000 0.22030000
vn -0.23370000 -0.87220000 0.42960000
vn -0.37330000 -0.90120000 0.22030000
vn -0.34560000 -0.83430000 0.42960000
vn -0.48770000 -0.84480000 0.22030000
vn -0.45150000 -0.78200000 0.42960000
vn -0.59380000 -0.77390000 0.22030000
vn -0.54970000 -0.71640000 0.42960000
vn -0.68970000 -0.68970000 0.22030000
vn -0.63850000 -0.63850000 0.42960000
vn -0.77390000 -0.59380000 0.22030000
vn -0.71640000 -0.54970000 0.42960000
vn -0.84480000 -0.48770000 0.22030000
vn -0.78200000 -0.45150000 0.42960000
vn -0.90120000 -0.37330000 0.22030000
vn -0.83430000 -0.34560000 0.42960000
vn -0.94220000 -0.25250000 0.22030000
vn -0.87230000 -0.23370000 0.42960000
vn -0.96710000 -0.12730000 0.22030000
vn -0.89530000 -0.11790000 0.42960000
vn -0.97540000 -0.00000000 0.22030000
vn -0.90300000 -0.00000000 0.42960000
vn 0.78620000 -0.00000000 0.61790000
vn 0.89530000 -0.11790000 0.42960000
vn 0.77950000 -0.10260000 0.61800000
vn 0.87220000 -0.23370000 0.42970000
vn 0.75940000 -0.20350000 0.61800000
vn 0.83420000 -0.34560000 0.42970000
vn 0.72640000 -0.30090000 0.61800000
vn 0.78200000 -0.45150000 0.42970000
vn 0.68090000 -0.39310000 0.61800000
vn 0.71640000 -0.54970000 0.42970000
vn 0.62370000 -0.47860000 0.61800000
vn 0.63850000 -0.63850000 0.42970000
vn 0.55600000 -0.55600000 0.61790000
vn 0.54970000 -0.71640000 0.42970000
vn 0.47860000 -0.62370000 0.61800000
vn 0.45150000 -0.78200000 0.42970000
vn 0.39310000 -0.68090000 0.61800000
vn 0.34560000 -0.83420000 0.42970000
vn 0.30090000 -0.72640000 0.61790000
vn 0.23370000 -0.87220000 0.42970000
vn 0.20350000 -0.75940000 0.61790000
vn 0.11790000 -0.89530000 0.42970000
vn 0.10260000 -0.77950000 0.61790000
vn -0.00000000 -0.90300000 0.42970000
vn -0.00000000 -0.78620000 0.61800000
vn -0.11790000 -0.89530000 0.42970000
vn -0.10260000 -0.77950000 0.61790000
vn -0.23370000 -0.87220000 0.42970000
vn -0.20350000 -0.75940000 0.61800000
vn -0.34560000 -0.83420000 0.42970000
vn -0.30090000 -0.72640000 0.61800000
vn -0.45150000 -0.78200000 0.42970000
vn -0.39310000 -0.68090000 0.61800000
vn -0.54970000 -0.71640000 0.42970000
vn -0.47860000 -0.62370000 0.61800000
vn -0.63850000 -0.63850000 0.42970000
vn -0.55590000 -0.55590000 0.61800000
vn -0.71640000 -0.54970000 0.42970000
vn -0.62370000 -0.47860000 0.61800000
vn -0.78200000 -0.45150000 0.42970000
vn -0.68090000 -0.39310000 0.61800000
vn -0.83420000 -0.34560000 0.42970000
vn -0.72640000 -0.30090000 0.61800000
vn -0.87220000 -0.23370000 0.42970000
vn -0.75940000 -0.20350000 0.61800000
vn -0.89530000 -0.11790000 0.42970000
vn -0.77950000 -0.10260000 0.61800000
vn -0.90300000 -0.00000000 0.42970000
vn -0.78620000 -0.00000000 0.61790000
vn 0.63080000 -0.00000000 0.77590000
vn 0.77950000 -0.10260000 0.61800000
vn 0.62540000 -0.08230000 0.77590000
vn 0.75940000 -0.20350000 0.61800000
vn 0.60930000 -0.16330000 0.77590000
vn 0.72630000 -0.30090000 0.61800000
vn 0.58280000 -0.24140000 0.77590000
vn 0.68090000 -0.39310000 0.61800000
vn 0.54630000 -0.31540000 0.77590000
vn 0.62370000 -0.47860000 0.61800000
vn 0.50050000 -0.38400000 0.77590000
vn 0.55590000 -0.55590000 0.61800000
vn 0.44610000 -0.44610000 0.77590000
vn 0.47860000 -0.62370000 0.61800000
vn 0.38400000 -0.50050000 0.77590000
vn 0.39310000 -0.68090000 0.61800000
vn 0.31540000 -0.54630000 0.77590000
vn 0.30090000 -0.72630000 0.61800000
vn 0.24140000 -0.58280000 0.77590000
vn 0.20350000 -0.75940000 0.61800000
vn 0.16330000 -0.60930000 0.77590000
vn 0.10260000 -0.77950000 0.61800000
vn 0.08230000 -0.62540000 0.77590000
vn -0.00000000 -0.78620000 0.61800000
vn -0.00000000 -0.63080000 0.77590000
vn -0.10260000 -0.77950000 0.61800000
vn -0.08230000 -0.62540000 0.77590000
vn -0.20350000 -0.75940000 0.61800000
vn -0.16330000 -0.60930000 0.77590000
vn -0.30090000 -0.72630000 0.61800000
vn -0.24140000 -0.58280000 0.77590000
vn -0.39310000 -0.68080000 0.61800000
vn -0.31540000 -0.54630000 0.77590000
vn -0.47860000 -0.62370000 0.61800000
vn -0.38400000 -0.50050000 0.77590000
vn -0.55590000 -0.55590000 0.61800000
vn -0.44610000 -0.44610000 0.77590000
vn -0.62370000 -0.47860000 0.61800000
vn -0.50050000 -0.38400000 0.77590000
vn -0.68090000 -0.39310000 0.61800000
vn -0.54630000 -0.31540000 0.77590000
vn -0.72630000 -0.30090000 0.61800000
vn -0.58280000 -0.24140000 0.77590000
vn -0.75940000 -0.20350000 0.61800000
vn -0.60930000 -0.16330000 0.77590000
vn -0.77950000 -0.10260000 0.61800000
vn -0.62540000 -0.08230000 0.77590000
vn -0.78620000 -0.00000000 0.61800000
vn -0.63080000 -0.00000000 0.77590000
vn 0.44450000 -0.00000000 0.89580000
vn 0.62540000 -0.08230000 0.77600000
vn 0.44070000 -0.05800000 0.89580000
vn 0.60930000 -0.16330000 0.77600000
vn 0.42930000 -0.11500000 0.89580000
vn 0.58280000 -0.24140000 0.77600000
vn 0.41060000 -0.17010000 0.89580000
vn 0.54630000 -0.31540000 0.77600000
vn 0.38490000 -0.22230000 0.89580000
vn 0.50040000 -0.38400000 0.77600000
vn 0.35260000 -0.27060000 0.89580000
vn 0.44600000 -0.44600000 0.77600000
vn 0.31430000 -0.31430000 0.89580000
vn 0.38400000 -0.50040000 0.77600000
vn 0.27060000 -0.35260000 0.89580000
vn 0.31540000 -0.54630000 0.77600000
vn 0.22220000 -0.38490000 0.89580000
vn 0.24140000 -0.58280000 0.77600000
vn 0.17010000 -0.41070000 0.89580000
vn 0.16330000 -0.60930000 0.77600000
vn 0.11500000 -0.42930000 0.89580000
vn 0.08230000 -0.62540000 0.77600000
vn 0.05800000 -0.44070000 0.89580000
vn -0.00000000 -0.63080000 0.77600000
vn -0.00000000 -0.44450000 0.89580000
vn -0.08230000 -0.62540000 0.77600000
vn -0.05800000 -0.44070000 0.89580000
vn -0.16330000 -0.60930000 0.77600000
vn -0.11500000 -0.42930000 0.89580000
vn -0.24140000 -0.58280000 0.77600000
vn -0.17010000 -0.41070000 0.89580000
vn -0.31540000 -0.54630000 0.77600000
vn -0.22220000 -0.38490000 0.89580000
vn -0.38400000 -0.50040000 0.77600000
vn -0.27060000 -0.35260000 0.89580000
vn -0.44600000 -0.44600000 0.77600000
vn -0.31430000 -0.31430000 0.89580000
vn -0.50040000 -0.38400000 0.77600000
vn -0.35260000 -0.27060000 0.89580000
vn -0.54630000 -0.31540000 0.77600000
vn -0.38490000 -0.22220000 0.89580000
vn -0.58280000 -0.24140000 0.77600000
vn -0.41070000 -0.17010000 0.89580000
vn -0.60930000 -0.16330000 0.77600000
vn -0.42930000 -0.11500000 0.89580000
vn -0.62540000 -0.08230000 0.77600000
vn -0.44070000 -0.05800000 0.89580000
vn -0.63080000 -0.00000000 0.77590000
vn -0.44450000 -0.00000000 0.89580000
vn -0.44450000 -0.00000000 0.89580000
vn -0.63080000 -0.00000000 0.77600000
vn -0.62540000 0.08230000 0.77600000
vn -0.63080000 -0.00000000 0.77590000
vn -0.78620000 -0.00000000 0.61800000
vn -0.77950000 0.10260000 0.61800000
vn -0.78620000 -0.00000000 0.61800000
vn -0.90300000 -0.00000000 0.42970000
vn -0.89530000 0.11780000 0.42970000
vn -0.59380000 0.77390000 0.22020000
vn -0.60880000 0.79340000 -0.00000000
vn -0.50000000 0.86600000 -0.00000000
vn -0.90300000 -0.00000000 0.42960000
vn -0.97540000 -0.00000000 0.22020000
vn -0.96710000 0.12730000 0.22020000
vn -1.00000000 -0.00000000 -0.00000000
vn -0.99490000 0.10120000 -0.00000000
vn -0.99490000 0.10120000 -0.00000000
vn -0.99140000 0.13050000 -0.00000000
vn -0.96710000 0.12730000 0.22020000
vn -0.96590000 0.25880000 -0.00000000
vn -0.94220000 0.25250000 0.22020000
vn -0.95410000 0.29940000 -0.00000000
vn -0.90120000 0.37330000 0.22020000
vn -0.92390000 0.38270000 -0.00000000
vn -0.84480000 0.48770000 0.22020000
vn -0.87440000 0.48530000 -0.00000000
vn -0.87430000 0.48530000 -0.00000000
vn -0.86600000 0.50000000 -0.00000000
vn -0.84480000 0.48770000 0.22020000
vn -0.79340000 0.60880000 -0.00000000
vn -0.77390000 0.59380000 0.22020000
vn -0.75880000 0.65140000 -0.00000000
vn -0.68970000 0.68980000 0.22020000
vn -0.70710000 0.70710000 -0.00000000
vn -0.59380000 0.77390000 0.22020000
vn -0.61210000 0.79080000 -0.00000000
vn -0.60880000 0.79340000 -0.00000000
vn -0.44040000 0.89780000 -0.00000000
vn -0.37330000 0.90120000 0.22020000
vn -0.50000000 0.86600000 -0.00000000
vn -0.48770000 0.84480000 0.22020000
vn -0.59380000 0.77390000 0.22020000
vn -0.44040000 0.89780000 -0.00000000
vn -0.38270000 0.92390000 -0.00000000
vn -0.37330000 0.90120000 0.22020000
vn -0.25880000 0.96590000 -0.00000000
vn -0.25250000 0.94220000 0.22020000
vn -0.25060000 0.96810000 -0.00000000
vn -0.12730000 0.96710000 0.22020000
vn -0.13050000 0.99140000 -0.00000000
vn -0.00000000 0.97550000 0.22020000
vn -0.05070000 0.99870000 -0.00000000
vn -0.05060000 0.99870000 -0.00000000
vn -0.00000000 1.00000000 -0.00000000
vn -0.00000000 0.97550000 0.22020000
vn 0.13050000 0.99140000 -0.00000000
vn 0.12730000 0.96710000 0.22020000
vn 0.15140000 0.98850000 -0.00000000
vn 0.25250000 0.94220000 0.22020000
vn 0.25880000 0.96590000 -0.00000000
vn 0.37330000 0.90120000 0.22020000
vn 0.34730000 0.93780000 -0.00000000
vn 0.34730000 0.93770000 -0.00000000
vn 0.38270000 0.92390000 -0.00000000
vn 0.37330000 0.90120000 0.22020000
vn 0.50000000 0.86600000 -0.00000000
vn 0.48770000 0.84480000 0.22020000
vn 0.52900000 0.84860000 -0.00000000
vn 0.59380000 0.77390000 0.22020000
vn 0.60880000 0.79330000 -0.00000000
vn 0.68970000 0.68980000 0.22020000
vn 0.68890000 0.72480000 -0.00000000
vn 0.68900000 0.72480000 -0.00000000
vn 0.70710000 0.70710000 -0.00000000
vn 0.68980000 0.68970000 0.22020000
vn 0.79330000 0.60880000 -0.00000000
vn 0.77390000 0.59380000 0.22020000
vn 0.82080000 0.57130000 -0.00000000
vn 0.84480000 0.48770000 0.22020000
vn 0.86600000 0.50000000 -0.00000000
vn 0.90120000 0.37330000 0.22020000
vn 0.91900000 0.39440000 -0.00000000
vn 0.91900000 0.39440000 -0.00000000
vn 0.92390000 0.38270000 -0.00000000
vn 0.90120000 0.37330000 0.22020000
vn 0.96590000 0.25880000 -0.00000000
vn 0.94220000 0.25250000 0.22020000
vn 0.97950000 0.20130000 -0.00000000
vn 0.96710000 0.12730000 0.22020000
vn 0.97950000 0.20130000 -0.00000000
vn 0.99140000 0.13050000 -0.00000000
vn 0.96710000 0.12730000 0.22020000
vn 1.00000000 -0.00000000 -0.00000000
vn 0.97550000 -0.00000000 0.22020000
vn -0.90300000 -0.00000000 0.42960000
vn -0.96710000 0.12730000 0.22020000
vn -0.89530000 0.11790000 0.42960000
vn -0.94220000 0.25250000 0.22030000
vn -0.87220000 0.23370000 0.42960000
vn -0.90120000 0.37330000 0.22030000
vn -0.83430000 0.34560000 0.42960000
vn -0.84480000 0.48770000 0.22030000
vn -0.78200000 0.45150000 0.42960000
vn -0.77390000 0.59380000 0.22030000
vn -0.71640000 0.54970000 0.42960000
vn -0.68970000 0.68970000 0.22030000
vn -0.63850000 0.63850000 0.42960000
vn -0.59380000 0.77390000 0.22030000
vn -0.54970000 0.71640000 0.42960000
vn -0.48770000 0.84480000 0.22030000
vn -0.45150000 0.78200000 0.42960000
vn -0.37330000 0.90120000 0.22030000
vn -0.34560000 0.83430000 0.42960000
vn -0.25250000 0.94220000 0.22030000
vn -0.23370000 0.87220000 0.42960000
vn -0.12730000 0.96710000 0.22030000
vn -0.11790000 0.89530000 0.42960000
vn -0.00000000 0.97540000 0.22030000
vn -0.00000000 0.90300000 0.42960000
vn 0.12730000 0.96710000 0.22030000
vn 0.11790000 0.89530000 0.42960000
vn 0.25250000 0.94220000 0.22030000
vn 0.23370000 0.87220000 0.42960000
vn 0.37330000 0.90120000 0.22030000
vn 0.34560000 0.83430000 0.42960000
vn 0.48770000 0.84480000 0.22030000
vn 0.45150000 0.78200000 0.42960000
vn 0.59380000 0.77390000 0.22030000
vn 0.54970000 0.71640000 0.42960000
vn 0.68970000 0.68970000 0.22030000
vn 0.63850000 0.63850000 0.42960000
vn 0.77390000 0.59380000 0.22030000
vn 0.71640000 0.54970000 0.42960000
vn 0.84480000 0.48770000 0.22030000
vn 0.78200000 0.45150000 0.42960000
vn 0.90120000 0.37330000 0.22030000
vn 0.83430000 0.34560000 0.42960000
vn 0.94220000 0.25250000 0.22030000
vn 0.87230000 0.23370000 0.42960000
vn 0.96710000 0.12730000 0.22030000
vn 0.89530000 0.11790000 0.42960000
vn 0.97540000 -0.00000000 0.22030000
vn 0.90300000 -0.00000000 0.42960000
vn -0.78620000 -0.00000000 0.61790000
vn -0.89530000 0.11790000 0.42960000
vn -0.77950000 0.10260000 0.61800000
vn -0.87220000 0.23370000 0.42970000
vn -0.75940000 0.20350000 0.61800000
vn -0.83420000 0.34560000 0.42970000
vn -0.72640000 0.30090000 0.61790000
vn -0.78200000 0.45150000 0.42970000
vn -0.68090000 0.39310000 0.61800000
vn -0.71640000 0.54970000 0.42970000
vn -0.62370000 0.47860000 0.61800000
vn -0.63850000 0.63850000 0.42970000
vn -0.55590000 0.55590000 0.61800000
vn -0.54970000 0.71640000 0.42970000
vn -0.47860000 0.62380000 0.61800000
vn -0.45150000 0.78200000 0.42970000
vn -0.39310000 0.68090000 0.61800000
vn -0.34550000 0.83430000 0.42970000
vn -0.30090000 0.72640000 0.61800000
vn -0.23370000 0.87220000 0.42970000
vn -0.20350000 0.75940000 0.61800000
vn -0.11790000 0.89530000 0.42970000
vn -0.10260000 0.77950000 0.61800000
vn -0.00000000 0.90300000 0.42970000
vn -0.00000000 0.78620000 0.61800000
vn 0.11790000 0.89530000 0.42970000
vn 0.10260000 0.77950000 0.61800000
vn 0.23370000 0.87220000 0.42970000
vn 0.20350000 0.75940000 0.61800000
vn 0.34560000 0.83420000 0.42970000
vn 0.30090000 0.72640000 0.61800000
vn 0.45150000 0.78200000 0.42970000
vn 0.39310000 0.68090000 0.61800000
vn 0.54970000 0.71640000 0.42970000
vn 0.47860000 0.62370000 0.61790000
vn 0.63850000 0.63850000 0.42970000
vn 0.55590000 0.55590000 0.61800000
vn 0.71640000 0.54970000 0.42970000
vn 0.62370000 0.47860000 0.61800000
vn 0.78200000 0.45150000 0.42970000
vn 0.68090000 0.39310000 0.61800000
vn 0.83420000 0.34560000 0.42970000
vn 0.72640000 0.30090000 0.61800000
vn 0.87220000 0.23370000 0.42970000
vn 0.75940000 0.20350000 0.61800000
vn 0.89530000 0.11790000 0.42970000
vn 0.77950000 0.10260000 0.61800000
vn 0.90300000 -0.00000000 0.42970000
vn 0.78620000 -0.00000000 0.61790000
vn -0.63080000 -0.00000000 0.77590000
vn -0.77950000 0.10260000 0.61800000
vn -0.62540000 0.08230000 0.77590000
vn -0.75940000 0.20350000 0.61800000
vn -0.60930000 0.16330000 0.77590000
vn -0.72630000 0.30090000 0.61800000
vn -0.58280000 0.24140000 0.77590000
vn -0.68090000 0.39310000 0.61800000
vn -0.54630000 0.31540000 0.77590000
vn -0.62370000 0.47860000 0.61800000
vn -0.50050000 0.38400000 0.77590000
vn -0.55590000 0.55590000 0.61800000
vn -0.44610000 0.44610000 0.77590000
vn -0.47860000 0.62370000 0.61800000
vn -0.38400000 0.50050000 0.77590000
vn -0.39310000 0.68090000 0.61800000
vn -0.31540000 0.54630000 0.77590000
vn -0.30090000 0.72630000 0.61800000
vn -0.24140000 0.58280000 0.77590000
vn -0.20350000 0.75940000 0.61800000
vn -0.16330000 0.60930000 0.77590000
vn -0.10260000 0.77950000 0.61800000
vn -0.08230000 0.62540000 0.77590000
vn -0.00000000 0.78620000 0.61800000
vn -0.00000000 0.63080000 0.77590000
vn 0.10260000 0.77950000 0.61800000
vn 0.08230000 0.62540000 0.77590000
vn 0.20350000 0.75940000 0.61800000
vn 0.16330000 0.60930000 0.77590000
vn 0.30090000 0.72630000 0.61800000
vn 0.24140000 0.58280000 0.77590000
vn 0.39310000 0.68090000 0.61800000
vn 0.31540000 0.54630000 0.77590000
vn 0.47860000 0.62370000 0.61800000
vn 0.38400000 0.50050000 0.77590000
vn 0.55590000 0.55590000 0.61800000
vn 0.44610000 0.44610000 0.77590000
vn 0.62370000 0.47860000 0.61800000
vn 0.50050000 0.38400000 0.77590000
vn 0.68090000 0.39310000 0.61800000
vn 0.54630000 0.31540000 0.77590000
vn 0.72630000 0.30090000 0.61800000
vn 0.58280000 0.24140000 0.77590000
vn 0.75940000 0.20350000 0.61800000
vn 0.60930000 0.16330000 0.77590000
vn 0.77950000 0.10260000 0.61800000
vn 0.62540000 0.08230000 0.77590000
vn 0.78620000 -0.00000000 0.61800000
vn 0.63080000 -0.00000000 0.77590000
vn -0.44450000 -0.00000000 0.89580000
vn -0.62540000 0.08230000 0.77600000
vn -0.44070000 0.05800000 0.89580000
vn -0.60930000 0.16330000 0.77600000
vn -0.42930000 0.11500000 0.89580000
vn -0.58280000 0.24140000 0.77600000
vn -0.41060000 0.17010000 0.89580000
vn -0.54630000 0.31540000 0.77600000
vn -0.38490000 0.22220000 0.89580000
vn -0.50040000 0.38400000 0.77600000
vn -0.35260000 0.27060000 0.89580000
vn -0.44600000 0.44600000 0.77600000
vn -0.31430000 0.31430000 0.89580000
vn -0.38400000 0.50040000 0.77600000
vn -0.27060000 0.35260000 0.89580000
vn -0.31540000 0.54630000 0.77600000
vn -0.22220000 0.38490000 0.89580000
vn -0.24140000 0.58280000 0.77600000
vn -0.17010000 0.41070000 0.89580000
vn -0.16330000 0.60930000 0.77600000
vn -0.11500000 0.42930000 0.89580000
vn -0.08230000 0.62540000 0.77600000
vn -0.05800000 0.44070000 0.89580000
vn -0.00000000 0.63080000 0.77600000
vn -0.00000000 0.44450000 0.89580000
vn 0.08230000 0.62540000 0.77600000
vn 0.05800000 0.44060000 0.89580000
vn 0.16330000 0.60930000 0.77600000
vn 0.11500000 0.42930000 0.89580000
vn 0.24140000 0.58280000 0.77600000
vn 0.17010000 0.41070000 0.89580000
vn 0.31540000 0.54630000 0.77600000
vn 0.22230000 0.38490000 0.89580000
vn 0.38400000 0.50040000 0.77600000
vn 0.27060000 0.35260000 0.89580000
vn 0.44600000 0.44600000 0.77600000
vn 0.31430000 0.31430000 0.89580000
vn 0.50040000 0.38400000 0.77600000
vn 0.35260000 0.27060000 0.89580000
vn 0.54630000 0.31540000 0.77600000
vn 0.38490000 0.22220000 0.89580000
vn 0.58280000 0.24140000 0.77600000
vn 0.41070000 0.17010000 0.89580000
vn 0.60930000 0.16330000 0.77600000
vn 0.42930000 0.11500000 0.89580000
vn 0.62540000 0.08230000 0.77600000
vn 0.44070000 0.05800000 0.89580000
vn 0.63080000 -0.00000000 0.77600000
vn 0.44450000 -0.00000000 0.89580000
vn -0.00000000 -0.00000000 1.00000000
vn 0.24660000 -0.00000000 0.96910000
vn 0.24530000 -0.02500000 0.96910000
vn 0.24660000 -0.00000000 0.96910000
vn 0.47800000 -0.00000000 0.87840000
vn 0.47550000 -0.04840000 0.87840000
vn 0.44010000 -0.51820000 0.73340000
vn 0.29260000 -0.37800000 0.87830000
vn 0.46840000 -0.49280000 0.73340000
vn 0.32930000 -0.34650000 0.87830000
vn 0.49360000 -0.46750000 0.73330000
vn 0.36270000 -0.31140000 0.87830000
vn 0.51580000 -0.44280000 0.73340000
vn 0.39240000 -0.27310000 0.87830000
vn 0.55800000 -0.38840000 0.73330000
vn 0.41800000 -0.23200000 0.87830000
vn 0.59440000 -0.32990000 0.73330000
vn 0.43930000 -0.18850000 0.87830000
vn 0.62480000 -0.26810000 0.73330000
vn 0.45610000 -0.14310000 0.87830000
vn 0.64870000 -0.20350000 0.73330000
vn 0.46830000 -0.09620000 0.87830000
vn 0.66590000 -0.13690000 0.73330000
vn 0.47560000 -0.04840000 0.87830000
vn 0.67640000 -0.06880000 0.73330000
vn 0.47810000 -0.00000000 0.87830000
vn 0.67980000 -0.00000000 0.73340000
vn 0.44010000 -0.51820000 0.73340000
vn 0.41610000 -0.53760000 0.73340000
vn 0.29260000 -0.37800000 0.87830000
vn 0.35960000 -0.57700000 0.73330000
vn 0.25290000 -0.40570000 0.87830000
vn 0.29940000 -0.61040000 0.73330000
vn 0.21050000 -0.42920000 0.87830000
vn 0.23610000 -0.63750000 0.73330000
vn 0.16600000 -0.44830000 0.87830000
vn 0.17040000 -0.65820000 0.73330000
vn 0.11980000 -0.46280000 0.87830000
vn 0.10290000 -0.67200000 0.73330000
vn 0.07240000 -0.47250000 0.87830000
vn 0.03440000 -0.67900000 0.73340000
vn 0.02420000 -0.47740000 0.87830000
vn -0.03440000 -0.67900000 0.73340000
vn -0.02420000 -0.47740000 0.87830000
vn -0.10300000 -0.67200000 0.73330000
vn -0.07240000 -0.47250000 0.87830000
vn -0.17040000 -0.65810000 0.73330000
vn -0.11980000 -0.46280000 0.87830000
vn -0.23610000 -0.63750000 0.73330000
vn -0.16600000 -0.44830000 0.87830000
vn -0.29940000 -0.61040000 0.73330000
vn -0.21050000 -0.42920000 0.87830000
vn -0.35960000 -0.57700000 0.73330000
vn -0.25290000 -0.40570000 0.87830000
vn -0.41610000 -0.53760000 0.73340000
vn -0.29260000 -0.37800000 0.87830000
vn -0.44010000 -0.51820000 0.73330000
vn -0.32930000 -0.34650000 0.87830000
vn -0.46840000 -0.49270000 0.73340000
vn -0.36270000 -0.31140000 0.87830000
vn -0.49360000 -0.46750000 0.73330000
vn -0.49360000 -0.46750000 0.73340000
vn -0.51580000 -0.44280000 0.73340000
vn -0.36270000 -0.31140000 0.87830000
vn -0.55800000 -0.38840000 0.73330000
vn -0.39240000 -0.27310000 0.87830000
vn -0.59440000 -0.32990000 0.73330000
vn -0.41800000 -0.23200000 0.87830000
vn -0.62480000 -0.26810000 0.73330000
vn -0.43930000 -0.18850000 0.87830000
vn -0.64870000 -0.20350000 0.73330000
vn -0.45610000 -0.14310000 0.87830000
vn -0.66590000 -0.13680000 0.73330000
vn -0.46830000 -0.09620000 0.87830000
vn -0.67640000 -0.06880000 0.73330000
vn -0.47560000 -0.04840000 0.87830000
vn -0.67980000 -0.00000000 0.73340000
vn -0.47810000 -0.00000000 0.87830000
vn 0.24660000 -0.00000000 0.96910000
vn 0.47550000 -0.04840000 0.87840000
vn 0.24540000 -0.02500000 0.96910000
vn 0.46820000 -0.09620000 0.87840000
vn 0.24160000 -0.04970000 0.96910000
vn 0.45610000 -0.14310000 0.87840000
vn 0.23530000 -0.07380000 0.96910000
vn 0.43920000 -0.18850000 0.87840000
vn 0.22670000 -0.09730000 0.96910000
vn 0.41790000 -0.23200000 0.87840000
vn 0.21570000 -0.11970000 0.96910000
vn 0.39230000 -0.27310000 0.87840000
vn 0.20240000 -0.14090000 0.96910000
vn 0.36270000 -0.31130000 0.87840000
vn 0.18710000 -0.16070000 0.96910000
vn 0.32930000 -0.34640000 0.87840000
vn 0.16990000 -0.17880000 0.96910000
vn 0.29260000 -0.37800000 0.87840000
vn 0.15100000 -0.19500000 0.96910000
vn 0.25280000 -0.40560000 0.87840000
vn 0.13050000 -0.20930000 0.96910000
vn 0.21050000 -0.42910000 0.87840000
vn 0.10860000 -0.22140000 0.96910000
vn 0.16600000 -0.44820000 0.87840000
vn 0.08570000 -0.23130000 0.96910000
vn 0.11980000 -0.46270000 0.87840000
vn 0.06180000 -0.23880000 0.96910000
vn 0.07240000 -0.47250000 0.87840000
vn 0.03730000 -0.24380000 0.96910000
vn 0.02420000 -0.47740000 0.87840000
vn 0.01250000 -0.24630000 0.96910000
vn -0.02420000 -0.47740000 0.87840000
vn -0.01250000 -0.24630000 0.96910000
vn -0.07240000 -0.47250000 0.87840000
vn -0.03740000 -0.24380000 0.96910000
vn -0.11980000 -0.46270000 0.87840000
vn -0.06180000 -0.23880000 0.96910000
vn -0.16600000 -0.44820000 0.87840000
vn -0.08570000 -0.23130000 0.96910000
vn -0.21050000 -0.42910000 0.87840000
vn -0.10860000 -0.22140000 0.96910000
vn -0.25280000 -0.40560000 0.87840000
vn -0.13050000 -0.20930000 0.96910000
vn -0.29260000 -0.37800000 0.87840000
vn -0.15100000 -0.19500000 0.96910000
vn -0.32930000 -0.34640000 0.87840000
vn -0.16990000 -0.17880000 0.96910000
vn -0.36270000 -0.31130000 0.87840000
vn -0.18710000 -0.16070000 0.96910000
vn -0.39230000 -0.27300000 0.87840000
vn -0.20240000 -0.14090000 0.96910000
vn -0.41790000 -0.23200000 0.87840000
vn -0.21570000 -0.11970000 0.96910000
vn -0.43920000 -0.18850000 0.87840000
vn -0.22670000 -0.09730000 0.96910000
vn -0.45610000 -0.14310000 0.87840000
vn -0.23530000 -0.07380000 0.96910000
vn -0.46820000 -0.09620000 0.87840000
vn -0.24160000 -0.04960000 0.96910000
vn -0.47550000 -0.04830000 0.87840000
vn -0.24540000 -0.02490000 0.96910000
vn -0.47800000 -0.00000000 0.87840000
vn -0.24660000 -0.00000000 0.96910000
vn -0.00000000 -0.00000000 1.00000000
vn 0.24530000 -0.02500000 0.96910000
vn -0.00000000 -0.00000000 1.00000000
vn 0.24150000 -0.04960000 0.96910000
vn -0.00000000 -0.00000000 1.00000000
vn 0.23530000 -0.07380000 0.96910000
vn -0.00000000 -0.00000000 1.00000000
vn 0.22660000 -0.09720000 0.96910000
vn -0.00000000 -0.00000000 1.00000000
vn 0.21560000 -0.11970000 0.96910000
vn -0.00000000 -0.00000000 1.00000000
vn 0.20240000 -0.14090000 0.96910000
vn -0.00000000 -0.00000000 1.00000000
vn 0.18710000 -0.16060000 0.96910000
vn -0.00000000 -0.00000000 1.00000000
vn 0.16990000 -0.17870000 0.96910000
vn -0.00000000 -0.00000000 1.00000000
vn 0.15090000 -0.19500000 0.96910000
vn -0.00000000 -0.00000000 1.00000000
vn 0.13040000 -0.20930000 0.96910000
vn -0.00000000 -0.00000000 1.00000000
vn 0.10860000 -0.22140000 0.96910000
vn -0.00000000 -0.00000000 1.00000000
vn 0.08560000 -0.23120000 0.96910000
vn -0.00000000 -0.00000000 1.00000000
vn 0.06180000 -0.23870000 0.96910000
vn -0.00000000 -0.00000000 1.00000000
vn 0.03730000 -0.24370000 0.96910000
vn -0.00000000 -0.00000000 1.00000000
vn 0.01250000 -0.24630000 0.96910000
vn -0.00000000 -0.00000000 1.00000000
vn -0.01250000 -0.24630000 0.96910000
vn -0.00000000 -0.00000000 1.00000000
vn -0.03730000 -0.24370000 0.96910000
vn -0.00000000 -0.00000000 1.00000000
vn -0.06180000 -0.23870000 0.96910000
vn -0.00000000 -0.00000000 1.00000000
vn -0.08560000 -0.23120000 0.96910000
vn -0.00000000 -0.00000000 1.00000000
vn -0.10860000 -0.22140000 0.96910000
vn -0.00000000 -0.00000000 1.00000000
vn -0.13040000 -0.20930000 0.96910000
vn -0.00000000 -0.00000000 1.00000000
vn -0.15090000 -0.19500000 0.96910000
vn -0.00000000 -0.00000000 1.00000000
vn -0.16990000 -0.17870000 0.96910000
vn -0.00000000 -0.00000000 1.00000000
vn -0.18710000 -0.16060000 0.96910000
vn -0.00000000 -0.00000000 1.00000000
vn -0.20240000 -0.14090000 0.96910000
vn -0.00000000 -0.00000000 1.00000000
vn -0.21560000 -0.11970000 0.96910000
vn -0.00000000 -0.00000000 1.00000000
vn -0.22660000 -0.09720000 0.96910000
vn -0.00000000 -0.00000000 1.00000000
vn -0.23530000 -0.07380000 0.96910000
vn -0.00000000 -0.00000000 1.00000000
vn -0.24150000 -0.04960000 0.96910000
vn -0.00000000 -0.00000000 1.00000000
vn -0.24530000 -0.02490000 0.96910000
vn -0.00000000 -0.00000000 1.00000000
vn -0.24660000 -0.00000000 0.96910000
vn -0.00000000 -0.00000000 1.00000000
vn -0.00000000 -0.00000000 1.00000000
vn -0.24660000 -0.00000000 0.96910000
vn -0.24530000 0.02500000 0.96910000
vn -0.24660000 -0.00000000 0.96910000
vn -0.47800000 -0.00000000 0.87840000
vn -0.47550000 0.04840000 0.87840000
vn -0.44010000 0.51810000 0.73340000
vn -0.29260000 0.37800000 0.87830000
vn -0.46840000 0.49280000 0.73330000
vn -0.32930000 0.34650000 0.87830000
vn -0.49360000 0.46750000 0.73330000
vn -0.36270000 0.31140000 0.87830000
vn -0.51580000 0.44280000 0.73340000
vn -0.39240000 0.27310000 0.87830000
vn -0.55800000 0.38840000 0.73330000
vn -0.41800000 0.23200000 0.87830000
vn -0.59440000 0.32990000 0.73330000
vn -0.43930000 0.18850000 0.87830000
vn -0.62480000 0.26810000 0.73330000
vn -0.45610000 0.14310000 0.87830000
vn -0.64870000 0.20350000 0.73330000
vn -0.46830000 0.09620000 0.87830000
vn -0.66590000 0.13690000 0.73330000
vn -0.47560000 0.04840000 0.87830000
vn -0.67640000 0.06880000 0.73330000
vn -0.47810000 -0.00000000 0.87830000
vn -0.67980000 -0.00000000 0.73340000
vn -0.44010000 0.51820000 0.73340000
vn -0.41610000 0.53760000 0.73340000
vn -0.29260000 0.37800000 0.87830000
vn -0.35960000 0.57700000 0.73330000
vn -0.25290000 0.40570000 0.87830000
vn -0.29940000 0.61040000 0.73330000
vn -0.21050000 0.42920000 0.87830000
vn -0.23610000 0.63750000 0.73330000
vn -0.16600000 0.44830000 0.87830000
vn -0.17040000 0.65820000 0.73330000
vn -0.11980000 0.46280000 0.87830000
vn -0.10290000 0.67200000 0.73330000
vn -0.07240000 0.47250000 0.87830000
vn -0.03440000 0.67900000 0.73330000
vn -0.02420000 0.47740000 0.87830000
vn 0.03440000 0.67900000 0.73330000
vn 0.02420000 0.47740000 0.87830000
vn 0.10300000 0.67200000 0.73330000
vn 0.07240000 0.47250000 0.87830000
vn 0.17040000 0.65810000 0.73330000
vn 0.11980000 0.46280000 0.87830000
vn 0.23610000 0.63750000 0.73330000
vn 0.16600000 0.44830000 0.87830000
vn 0.29940000 0.61040000 0.73330000
vn 0.21050000 0.42920000 0.87830000
vn 0.35960000 0.57690000 0.73330000
vn 0.25290000 0.40570000 0.87830000
vn 0.41610000 0.53760000 0.73340000
vn 0.29260000 0.37800000 0.87830000
vn 0.44010000 0.51810000 0.73340000
vn 0.32930000 0.34650000 0.87830000
vn 0.46840000 0.49270000 0.73340000
vn 0.36270000 0.31140000 0.87830000
vn 0.49360000 0.46750000 0.73330000
vn 0.49360000 0.46750000 0.73340000
vn 0.51580000 0.44280000 0.73340000
vn 0.36270000 0.31140000 0.87830000
vn 0.55800000 0.38840000 0.73330000
vn 0.39240000 0.27310000 0.87830000
vn 0.59440000 0.32990000 0.73330000
vn 0.41800000 0.23200000 0.87830000
vn 0.62480000 0.26810000 0.73330000
vn 0.43930000 0.18850000 0.87830000
vn 0.64870000 0.20350000 0.73330000
vn 0.45610000 0.14310000 0.87830000
vn 0.66590000 0.13680000 0.73330000
vn 0.46830000 0.09620000 0.87830000
vn 0.67640000 0.06880000 0.73330000
vn 0.47560000 0.04840000 0.87830000
vn 0.67980000 -0.00000000 0.73340000
vn 0.47810000 -0.00000000 0.87830000
vn -0.24660000 -0.00000000 0.96910000
vn -0.47550000 0.04840000 0.87840000
vn -0.24540000 0.02500000 0.96910000
vn -0.46820000 0.09620000 0.87840000
vn -0.24160000 0.04970000 0.96910000
vn -0.45610000 0.14310000 0.87840000
vn -0.23530000 0.07380000 0.96910000
vn -0.43920000 0.18850000 0.87840000
vn -0.22670000 0.09730000 0.96910000
vn -0.41790000 0.23200000 0.87840000
vn -0.21570000 0.11970000 0.96910000
vn -0.39230000 0.27310000 0.87840000
vn -0.20240000 0.14090000 0.96910000
vn -0.36270000 0.31130000 0.87840000
vn -0.18710000 0.16070000 0.96910000
vn -0.32930000 0.34640000 0.87840000
vn -0.16990000 0.17880000 0.96910000
vn -0.29260000 0.37800000 0.87840000
vn -0.15100000 0.19500000 0.96910000
vn -0.25280000 0.40560000 0.87840000
vn -0.13050000 0.20930000 0.96910000
vn -0.21050000 0.42910000 0.87840000
vn -0.10860000 0.22140000 0.96910000
vn -0.16600000 0.44820000 0.87840000
vn -0.08570000 0.23130000 0.96910000
vn -0.11980000 0.46270000 0.87840000
vn -0.06180000 0.23880000 0.96910000
vn -0.07240000 0.47250000 0.87840000
vn -0.03730000 0.24380000 0.96910000
vn -0.02420000 0.47740000 0.87840000
vn -0.01250000 0.24630000 0.96910000
vn 0.02420000 0.47740000 0.87840000
vn 0.01250000 0.24630000 0.96910000
vn 0.07240000 0.47250000 0.87840000
vn 0.03740000 0.24380000 0.96910000
vn 0.11980000 0.46270000 0.87840000
vn 0.06180000 0.23880000 0.96910000
vn 0.16600000 0.44820000 0.87840000
vn 0.08570000 0.23130000 0.96910000
vn 0.21050000 0.42910000 0.87840000
vn 0.10860000 0.22140000 0.96910000
vn 0.25280000 0.40560000 0.87840000
vn 0.13050000 0.20930000 0.96910000
vn 0.29260000 0.37800000 0.87840000
vn 0.15100000 0.19500000 0.96910000
vn 0.32930000 0.34640000 0.87840000
vn 0.16990000 0.17880000 0.96910000
vn 0.36270000 0.31130000 0.87840000
vn 0.18720000 0.16070000 0.96910000
vn 0.39230000 0.27300000 0.87840000
vn 0.20240000 0.14090000 0.96910000
vn 0.41790000 0.23200000 0.87840000
vn 0.21570000 0.11970000 0.96910000
vn 0.43920000 0.18850000 0.87840000
vn 0.22670000 0.09730000 0.96910000
vn 0.45610000 0.14310000 0.87840000
vn 0.23530000 0.07380000 0.96910000
vn 0.46820000 0.09620000 0.87840000
vn 0.24160000 0.04960000 0.96910000
vn 0.47550000 0.04830000 0.87840000
vn 0.24540000 0.02490000 0.96910000
vn 0.47800000 -0.00000000 0.87840000
vn 0.24660000 -0.00000000 0.96910000
vn -0.00000000 -0.00000000 1.00000000
vn -0.24530000 0.02500000 0.96910000
vn -0.00000000 -0.00000000 1.00000000
vn -0.24150000 0.04960000 0.96910000
vn -0.00000000 -0.00000000 1.00000000
vn -0.23530000 0.07380000 0.96910000
vn -0.00000000 -0.00000000 1.00000000
vn -0.22660000 0.09720000 0.96910000
vn -0.00000000 -0.00000000 1.00000000
vn -0.21560000 0.11970000 0.96910000
vn -0.00000000 -0.00000000 1.00000000
vn -0.20240000 0.14090000 0.96910000
vn -0.00000000 -0.00000000 1.00000000
vn -0.18710000 0.16060000 0.96910000
vn -0.00000000 -0.00000000 1.00000000
vn -0.16990000 0.17870000 0.96910000
vn -0.00000000 -0.00000000 1.00000000
vn -0.15090000 0.19500000 0.96910000
vn -0.00000000 -0.00000000 1.00000000
vn -0.13040000 0.20930000 0.96910000
vn -0.00000000 -0.00000000 1.00000000
vn -0.10860000 0.22140000 0.96910000
vn -0.00000000 -0.00000000 1.00000000
vn -0.08560000 0.23120000 0.96910000
vn -0.00000000 -0.00000000 1.00000000
vn -0.06180000 0.23870000 0.96910000
vn -0.00000000 -0.00000000 1.00000000
vn -0.03730000 0.24370000 0.96910000
vn -0.00000000 -0.00000000 1.00000000
vn -0.01250000 0.24630000 0.96910000
vn -0.00000000 -0.00000000 1.00000000
vn 0.01250000 0.24630000 0.96910000
vn -0.00000000 -0.00000000 1.00000000
vn 0.03730000 0.24370000 0.96910000
vn -0.00000000 -0.00000000 1.00000000
vn 0.06180000 0.23870000 0.96910000
vn -0.00000000 -0.00000000 1.00000000
vn 0.08560000 0.23120000 0.96910000
vn -0.00000000 -0.00000000 1.00000000
vn 0.10860000 0.22140000 0.96910000
vn -0.00000000 -0.00000000 1.00000000
vn 0.13040000 0.20930000 0.96910000
vn -0.00000000 -0.00000000 1.00000000
vn 0.15090000 0.19500000 0.96910000
vn -0.00000000 -0.00000000 1.00000000
vn 0.16990000 0.17870000 0.96910000
vn -0.00000000 -0.00000000 1.00000000
vn 0.18710000 0.16060000 0.96910000
vn -0.00000000 -0.00000000 1.00000000
vn 0.20240000 0.14090000 0.96910000
vn -0.00000000 -0.00000000 1.00000000
vn 0.21560000 0.11970000 0.96910000
vn -0.00000000 -0.00000000 1.00000000
vn 0.22660000 0.09720000 0.96910000
vn -0.00000000 -0.00000000 1.00000000
vn 0.23530000 0.07380000 0.96910000
vn -0.00000000 -0.00000000 1.00000000
vn 0.24150000 0.04960000 0.96910000
vn -0.00000000 -0.00000000 1.00000000
vn 0.24530000 0.02490000 0.96910000
vn -0.00000000 -0.00000000 1.00000000
vn 0.24660000 -0.00000000 0.96910000
vn -0.00000000 -0.00000000 1.00000000
vn -0.80900000 0.58780000 -0.00000000
vn -0.70710000 0.70710000 -0.00000000
vn -0.83150000 0.55560000 -0.00000000
vn -0.70710000 0.70710000 -0.00000000
vn -0.80900000 0.58780000 -0.00000000
vn -0.83150000 0.55550000 -0.00000000
vn -0.89100000 0.45400000 -0.00000000
vn -0.92390000 0.38270000 -0.00000000
vn -0.92390000 0.38270000 -0.00000000
vn -0.92390000 0.38270000 -0.00000000
vn -0.92390000 0.38270000 -0.00000000
vn -0.95110000 0.30900000 -0.00000000
vn -0.98080000 0.19510000 -0.00000000
vn -0.98770000 0.15640000 0.00010000
vn -1.00000000 -0.00000000 -0.00000000
vn -1.00000000 -0.00000000 -0.00000000
vn -0.00000000 1.00000000 -0.00000000
vn -0.00000000 1.00000000 -0.00000000
vn -0.19500000 0.98080000 -0.00000000
vn -0.70710000 0.70710000 -0.00000000
vn -0.70710000 0.70710000 -0.00000000
vn -0.58780000 0.80900000 -0.00000000
vn -0.70710000 0.70710000 -0.00000000
vn -0.58780000 0.80900000 -0.00000000
vn -0.55560000 0.83150000 -0.00000000
vn -0.45400000 0.89100000 -0.00000000
vn -0.38270000 0.92390000 -0.00000000
vn -0.45400000 0.89100000 -0.00000000
vn -0.38270000 0.92390000 -0.00000000
vn -0.38270000 0.92390000 -0.00000000
vn -0.30900000 0.95110000 -0.00000000
vn -0.19510000 0.98080000 -0.00000000
vn -0.15640000 0.98770000 -0.00000000
vn -0.00000000 1.00000000 -0.00000000
vn 0.58780000 0.80900000 -0.00000000
vn 0.70710000 0.70710000 -0.00000000
vn 0.55560000 0.83150000 -0.00000000
vn 0.70710000 0.70710000 -0.00000000
vn 0.58780000 0.80900000 -0.00000000
vn 0.55550000 0.83150000 -0.00000000
vn 0.45400000 0.89100000 -0.00000000
vn 0.38270000 0.92390000 -0.00000000
vn 0.38270000 0.92390000 -0.00000000
vn 0.38270000 0.92390000 -0.00000000
vn 0.38270000 0.92390000 -0.00000000
vn 0.30900000 0.95110000 -0.00000000
vn 0.19510000 0.98080000 -0.00000000
vn 0.15640000 0.98770000 -0.00000000
vn -0.00000000 1.00000000 -0.00000000
vn -0.00000000 1.00000000 -0.00000000
vn 1.00000000 -0.00000000 -0.00000000
vn 1.00000000 -0.00000000 -0.00000000
vn 0.98080000 0.19510000 -0.00000000
vn 0.70710000 0.70710000 -0.00000000
vn 0.70710000 0.70710000 -0.00000000
vn 0.80900000 0.58780000 -0.00000000
vn 0.70710000 0.70710000 -0.00000000
vn 0.80900000 0.58780000 -0.00000000
vn 0.83150000 0.55560000 -0.00000000
vn 0.89100000 0.45400000 -0.00000000
vn 0.92390000 0.38270000 -0.00000000
vn 0.89100000 0.45400000 -0.00000000
vn 0.92390000 0.38270000 -0.00000000
vn 0.92390000 0.38270000 -0.00000000
vn 0.95110000 0.30900000 -0.00000000
vn 0.98080000 0.19510000 -0.00000000
vn 0.98770000 0.15640000 -0.00000000
vn 1.00000000 -0.00000000 -0.00000000
vn 0.80900000 -0.58780000 -0.00000000
vn 0.70710000 -0.70710000 -0.00000000
vn 0.83150000 -0.55560000 -0.00000000
vn 0.70710000 -0.70710000 -0.00000000
vn 0.80900000 -0.58780000 -0.00000000
vn 0.83150000 -0.55550000 -0.00000000
vn 0.89100000 -0.45400000 -0.00000000
vn 0.92390000 -0.38270000 -0.00000000
vn 0.92390000 -0.38270000 -0.00000000
vn 0.92390000 -0.38270000 -0.00000000
vn 0.92390000 -0.38270000 -0.00000000
vn 0.95110000 -0.30900000 -0.00000000
vn 0.98080000 -0.19510000 -0.00000000
vn 0.98770000 -0.15640000 0.00010000
vn 1.00000000 -0.00000000 -0.00000000
vn 1.00000000 -0.00000000 -0.00000000
vn -0.00000000 -1.00000000 -0.00000000
vn -0.00000000 -1.00000000 -0.00000000
vn 0.19500000 -0.98080000 -0.00000000
vn 0.70710000 -0.70710000 -0.00000000
vn 0.70710000 -0.70710000 -0.00000000
vn 0.58780000 -0.80900000 -0.00000000
vn 0.70710000 -0.70710000 -0.00000000
vn 0.58780000 -0.80900000 -0.00000000
vn 0.55560000 -0.83150000 -0.00000000
vn 0.45400000 -0.89100000 -0.00000000
vn 0.38270000 -0.92390000 -0.00000000
vn 0.45400000 -0.89100000 -0.00000000
vn 0.38270000 -0.92390000 -0.00000000
vn 0.38270000 -0.92390000 -0.00000000
vn 0.30900000 -0.95110000 -0.00000000
vn 0.19510000 -0.98080000 -0.00000000
vn 0.15640000 -0.98770000 -0.00000000
vn -0.00000000 -1.00000000 -0.00000000
vn -1.00000000 -0.00000000 -0.00000000
vn -1.00000000 -0.00000000 -0.00000000
vn -0.98080000 -0.19510000 -0.00000000
vn -0.70710000 -0.70710000 -0.00000000
vn -0.70710000 -0.70710000 -0.00000000
vn -0.80900000 -0.58780000 -0.00000000
vn -0.70710000 -0.70710000 -0.00000000
vn -0.80900000 -0.58780000 -0.00000000
vn -0.83150000 -0.55560000 -0.00000000
vn -0.89100000 -0.45400000 -0.00000000
vn -0.92390000 -0.38270000 -0.00000000
vn -0.89100000 -0.45400000 -0.00000000
vn -0.92390000 -0.38270000 -0.00000000
vn -0.92390000 -0.38270000 -0.00000000
vn -0.95110000 -0.30900000 -0.00000000
vn -0.98080000 -0.19510000 -0.00000000
vn -0.98770000 -0.15640000 -0.00000000
vn -1.00000000 -0.00000000 -0.00000000
vn -0.58780000 -0.80900000 -0.00000000
vn -0.70710000 -0.70710000 -0.00000000
vn -0.55560000 -0.83150000 -0.00000000
vn -0.70710000 -0.70710000 -0.00000000
vn -0.58780000 -0.80900000 -0.00000000
vn -0.55550000 -0.83150000 -0.00000000
vn -0.45400000 -0.89100000 -0.00000000
vn -0.38270000 -0.92390000 -0.00000000
vn -0.38270000 -0.92390000 -0.00000000
vn -0.38270000 -0.92390000 -0.00000000
vn -0.38270000 -0.92390000 -0.00000000
vn -0.30900000 -0.95110000 -0.00000000
vn -0.19510000 -0.98080000 -0.00000000
vn -0.15640000 -0.98770000 0.00010000
vn -0.00000000 -1.00000000 -0.00000000
vn -0.00000000 -1.00000000 -0.00000000
vn 0.21970000 0.03480000 0.97490000
vn -0.00000000 -0.00000000 1.00000000
vn -0.00000000 -0.00000000 1.00000000
vn -0.00000000 -0.00000000 1.00000000
vn -0.00000000 -0.00000000 1.00000000
vn 0.15740000 0.15740000 0.97490000
vn 0.18000000 0.13080000 0.97490000
vn 0.18300000 0.18300000 0.96590000
vn 0.35100000 0.25500000 0.90100000
vn -0.00000000 -0.00000000 1.00000000
vn 0.22250000 -0.00000000 0.97490000
vn 0.21980000 0.03480000 0.97490000
vn 0.25880000 -0.00000000 0.96590000
vn 0.42850000 0.06790000 0.90100000
vn 0.50440000 0.36650000 0.78180000
vn 0.35360000 0.35350000 0.86600000
vn 0.35100000 0.25500000 0.90100000
vn 0.30680000 0.30680000 0.90100000
vn 0.18300000 0.18300000 0.96590000
vn 0.25880000 -0.00000000 0.96590000
vn 0.43390000 -0.00000000 0.90100000
vn 0.42850000 0.06790000 0.90100000
vn 0.50000000 -0.00000000 0.86600000
vn 0.61580000 0.09750000 0.78180000
vn 0.63250000 0.45960000 0.62350000
vn 0.50000000 0.50000000 0.70710000
vn 0.50440000 0.36650000 0.78180000
vn 0.44090000 0.44090000 0.78180000
vn 0.35360000 0.35360000 0.86600000
vn 0.50000000 -0.00000000 0.86600000
vn 0.62350000 -0.00000000 0.78180000
vn 0.61580000 0.09750000 0.78180000
vn 0.70710000 -0.00000000 0.70710000
vn 0.77220000 0.12230000 0.62350000
vn 0.72890000 0.52960000 0.43390000
vn 0.61240000 0.61230000 0.50000000
vn 0.63250000 0.45960000 0.62350000
vn 0.55290000 0.55280000 0.62350000
vn 0.50000000 0.50000000 0.70710000
vn 0.70710000 -0.00000000 0.70710000
vn 0.78180000 -0.00000000 0.62350000
vn 0.77220000 0.12230000 0.62350000
vn 0.86600000 -0.00000000 0.50000000
vn 0.88990000 0.14090000 0.43390000
vn 0.78870000 0.57310000 0.22250000
vn 0.68300000 0.68300000 0.25880000
vn 0.72890000 0.52960000 0.43390000
vn 0.63710000 0.63710000 0.43390000
vn 0.61240000 0.61240000 0.50000000
vn -0.00000000 -0.00000000 1.00000000
vn -0.00000000 -0.00000000 1.00000000
vn 0.18000000 0.13080000 0.97490000
vn 0.19830000 0.10100000 0.97490000
vn 0.35100000 0.25500000 0.90100000
vn 0.38660000 0.19700000 0.90100000
vn 0.50440000 0.36650000 0.78180000
vn 0.55550000 0.28310000 0.78180000
vn 0.63250000 0.45950000 0.62350000
vn 0.69660000 0.35500000 0.62350000
vn 0.72890000 0.52960000 0.43390000
vn 0.80280000 0.40900000 0.43390000
vn 0.78870000 0.57300000 0.22250000
vn 0.86870000 0.44260000 0.22250000
vn 0.80900000 0.58780000 -0.00000000
vn -0.00000000 -0.00000000 1.00000000
vn -0.00000000 -0.00000000 1.00000000
vn 0.21160000 0.06880000 0.97490000
vn 0.21980000 0.03480000 0.97490000
vn 0.41260000 0.13410000 0.90100000
vn 0.42850000 0.06790000 0.90100000
vn 0.59300000 0.19260000 0.78180000
vn 0.61580000 0.09760000 0.78180000
vn 0.74360000 0.24160000 0.62350000
vn 0.77220000 0.12230000 0.62350000
vn 0.85690000 0.27840000 0.43390000
vn 0.88990000 0.14100000 0.43390000
vn 0.92720000 0.30130000 0.22250000
vn 0.96290000 0.15250000 0.22250000
vn 0.97490000 -0.00000000 0.22250000
vn 0.96290000 0.15250000 0.22250000
vn 0.96590000 -0.00000000 0.25880000
vn 0.88990000 0.14090000 0.43390000
vn 0.90100000 -0.00000000 0.43390000
vn 0.86600000 -0.00000000 0.50000000
vn 0.80900000 0.58780000 -0.00000000
vn 0.70710000 0.70710000 -0.00000000
vn 0.78870000 0.57310000 0.22250000
vn 0.68940000 0.68940000 0.22250000
vn 0.68300000 0.68300000 0.25880000
vn 0.95110000 0.30900000 -0.00000000
vn 0.92390000 0.38270000 -0.00000000
vn 0.86870000 0.44260000 0.22250000
vn 0.89100000 0.45400000 -0.00000000
vn 0.80900000 0.58780000 -0.00000000
vn -0.00000000 -0.00000000 1.00000000
vn -0.00000000 -0.00000000 1.00000000
vn 0.19830000 0.10100000 0.97490000
vn 0.21160000 0.06880000 0.97490000
vn 0.38660000 0.19700000 0.90100000
vn 0.41260000 0.13410000 0.90100000
vn 0.55550000 0.28310000 0.78180000
vn 0.59300000 0.19270000 0.78180000
vn 0.69660000 0.35490000 0.62350000
vn 0.74360000 0.24160000 0.62350000
vn 0.80280000 0.40900000 0.43390000
vn 0.85690000 0.27840000 0.43390000
vn 0.86870000 0.44260000 0.22250000
vn 0.92720000 0.30130000 0.22250000
vn 0.95110000 0.30900000 -0.00000000
vn 0.96290000 0.15250000 0.22250000
vn 0.98770000 0.15640000 -0.00000000
vn 0.97490000 -0.00000000 0.22250000
vn 1.00000000 -0.00000000 -0.00000000
vn -0.00000000 -0.00000000 1.00000000
vn -0.00000000 -0.00000000 1.00000000
vn 0.15740000 0.15740000 0.97490000
vn 0.15730000 0.15730000 0.97490000
vn 0.18300000 0.18300000 0.96590000
vn 0.18300000 0.18300000 0.96590000
vn 0.30680000 0.30680000 0.90100000
vn 0.30680000 0.30680000 0.90100000
vn 0.35360000 0.35360000 0.86600000
vn 0.35350000 0.35350000 0.86600000
vn 0.44090000 0.44090000 0.78180000
vn 0.44090000 0.44090000 0.78180000
vn 0.50000000 0.50000000 0.70710000
vn 0.50000000 0.50000000 0.70710000
vn 0.55280000 0.55280000 0.62350000
vn 0.55280000 0.55280000 0.62350000
vn 0.61240000 0.61240000 0.50000000
vn 0.61240000 0.61240000 0.50000000
vn 0.63710000 0.63710000 0.43390000
vn 0.63710000 0.63710000 0.43390000
vn 0.68300000 0.68300000 0.25880000
vn 0.68300000 0.68300000 0.25880000
vn 0.68940000 0.68940000 0.22250000
vn 0.68940000 0.68940000 0.22250000
vn 0.70710000 0.70710000 -0.00000000
vn 0.70710000 0.70710000 -0.00000000
vn -0.00000000 -0.00000000 1.00000000
vn -0.00000000 -0.00000000 1.00000000
vn 0.22250000 -0.00000000 0.97490000
vn 0.25880000 -0.00000000 0.96590000
vn 0.25880000 -0.00000000 0.96590000
vn 0.25880000 -0.00000000 0.96590000
vn 0.25890000 -0.00000000 0.96590000
vn 0.43390000 -0.00000000 0.90100000
vn 0.50000000 -0.00000000 0.86610000
vn 0.50000000 -0.00000000 0.86600000
vn 0.50000000 -0.00000000 0.86600000
vn 0.50000000 -0.00000000 0.86600000
vn 0.62350000 -0.00000000 0.78180000
vn 0.70710000 -0.00000000 0.70710000
vn 0.70710000 -0.00000000 0.70710000
vn 0.70710000 -0.00000000 0.70710000
vn 0.70710000 -0.00000000 0.70710000
vn 0.78180000 -0.00000000 0.62350000
vn 0.86600000 -0.00000000 0.50000000
vn 0.86600000 -0.00000000 0.50000000
vn 0.86600000 -0.00000000 0.50000000
vn 0.86610000 -0.00000000 0.50000000
vn 0.90100000 -0.00000000 0.43390000
vn 0.96590000 -0.00000000 0.25890000
vn 0.96590000 -0.00000000 0.25880000
vn 0.96590000 -0.00000000 0.25880000
vn 0.96590000 -0.00000000 0.25880000
vn 0.97490000 -0.00000000 0.22250000
vn 1.00000000 -0.00000000 -0.00000000
vn 1.00000000 -0.00000000 -0.00000000
vn 0.13080000 0.18000000 0.97490000
vn -0.00000000 -0.00000000 1.00000000
vn -0.00000000 -0.00000000 1.00000000
vn -0.00000000 -0.00000000 1.00000000
vn -0.00000000 -0.00000000 1.00000000
vn -0.00000000 0.22250000 0.97490000
vn 0.03480000 0.21980000 0.97490000
vn -0.00000000 0.25880000 0.96590000
vn 0.06790000 0.42850000 0.90100000
vn -0.00000000 -0.00000000 1.00000000
vn 0.15730000 0.15730000 0.97490000
vn 0.13080000 0.18000000 0.97490000
vn 0.18300000 0.18300000 0.96590000
vn 0.25500000 0.35100000 0.90100000
vn 0.09750000 0.61580000 0.78180000
vn -0.00000000 0.50000000 0.86600000
vn 0.06790000 0.42850000 0.90100000
vn -0.00000000 0.43390000 0.90100000
vn -0.00000000 0.25880000 0.96590000
vn 0.18300000 0.18300000 0.96590000
vn 0.30680000 0.30680000 0.90100000
vn 0.25500000 0.35100000 0.90100000
vn 0.35350000 0.35360000 0.86600000
vn 0.36650000 0.50440000 0.78180000
vn 0.12230000 0.77220000 0.62350000
vn -0.00000000 0.70710000 0.70710000
vn 0.09750000 0.61580000 0.78180000
vn -0.00000000 0.62350000 0.78180000
vn -0.00000000 0.50000000 0.86600000
vn 0.35360000 0.35360000 0.86600000
vn 0.44090000 0.44090000 0.78180000
vn 0.36650000 0.50440000 0.78180000
vn 0.50000000 0.50000000 0.70710000
vn 0.45960000 0.63250000 0.62350000
vn 0.14090000 0.88990000 0.43390000
vn -0.00000000 0.86600000 0.50000000
vn 0.12230000 0.77220000 0.62350000
vn -0.00000000 0.78180000 0.62350000
vn -0.00000000 0.70710000 0.70710000
vn -0.00000000 -0.00000000 1.00000000
vn -0.00000000 -0.00000000 1.00000000
vn 0.06880000 0.21160000 0.97490000
vn 0.10100000 0.19830000 0.97490000
vn 0.13410000 0.41260000 0.90100000
vn 0.19700000 0.38660000 0.90100000
vn 0.19270000 0.59300000 0.78180000
vn 0.28300000 0.55550000 0.78180000
vn 0.24160000 0.74360000 0.62350000
vn 0.35490000 0.69660000 0.62350000
vn 0.27840000 0.85690000 0.43390000
vn 0.40900000 0.80280000 0.43390000
vn 0.30130000 0.92720000 0.22250000
vn -0.00000000 -0.00000000 1.00000000
vn -0.00000000 -0.00000000 1.00000000
vn 0.10100000 0.19830000 0.97490000
vn 0.13080000 0.18000000 0.97490000
vn 0.19700000 0.38660000 0.90100000
vn 0.25500000 0.35100000 0.90100000
vn 0.28310000 0.55550000 0.78180000
vn 0.36650000 0.50440000 0.78180000
vn 0.35490000 0.69660000 0.62350000
vn 0.45950000 0.63250000 0.62350000
vn 0.40900000 0.80280000 0.43390000
vn 0.52960000 0.72890000 0.43390000
vn 0.15250000 0.96290000 0.22250000
vn -0.00000000 0.96590000 0.25880000
vn 0.14090000 0.88990000 0.43390000
vn -0.00000000 0.90100000 0.43390000
vn -0.00000000 0.86600000 0.50000000
vn 0.50000000 0.50000000 0.70710000
vn 0.55280000 0.55290000 0.62350000
vn 0.45960000 0.63250000 0.62350000
vn 0.61240000 0.61240000 0.50000000
vn 0.52960000 0.72890000 0.43390000
vn 0.63710000 0.63710000 0.43390000
vn 0.68300000 0.68300000 0.25880000
vn 0.30130000 0.92720000 0.22250000
vn 0.40900000 0.80280000 0.43390000
vn 0.44260000 0.86870000 0.22260000
vn 0.52960000 0.72890000 0.43390000
vn 0.57300000 0.78870000 0.22250000
vn 0.68300000 0.68300000 0.25880000
vn 0.68940000 0.68940000 0.22250000
vn 0.15640000 0.98770000 -0.00000000
vn -0.00000000 1.00000000 -0.00000000
vn 0.15250000 0.96290000 0.22250000
vn -0.00000000 0.97490000 0.22250000
vn -0.00000000 0.96590000 0.25880000
vn -0.00000000 -0.00000000 1.00000000
vn -0.00000000 -0.00000000 1.00000000
vn 0.03480000 0.21980000 0.97490000
vn 0.06880000 0.21160000 0.97490000
vn 0.06790000 0.42850000 0.90100000
vn 0.13410000 0.41270000 0.90100000
vn 0.09760000 0.61580000 0.78180000
vn 0.19270000 0.59300000 0.78180000
vn 0.12230000 0.77220000 0.62350000
vn 0.24160000 0.74360000 0.62350000
vn 0.14090000 0.88990000 0.43390000
vn 0.27840000 0.85690000 0.43390000
vn 0.15250000 0.96290000 0.22250000
vn 0.30130000 0.92720000 0.22250000
vn 0.15640000 0.98770000 -0.00000000
vn 0.30900000 0.95110000 -0.00000000
vn 0.30900000 0.95110000 -0.00000000
vn 0.30130000 0.92720000 0.22250000
vn 0.38270000 0.92390000 -0.00000000
vn 0.44260000 0.86870000 0.22250000
vn 0.45400000 0.89100000 -0.00000000
vn 0.57310000 0.78870000 0.22250000
vn 0.58780000 0.80900000 -0.00000000
vn 0.68940000 0.68940000 0.22250000
vn 0.70710000 0.70710000 -0.00000000
vn -0.00000000 -0.00000000 1.00000000
vn 0.22250000 -0.00000000 0.97490000
vn -0.00000000 -0.00000000 1.00000000
vn 0.25880000 -0.00000000 0.96590000
vn 0.22250000 -0.00000000 0.97490000
vn 0.25880000 -0.00000000 0.96590000
vn 0.25880000 -0.00000000 0.96590000
vn 0.43390000 -0.00000000 0.90100000
vn 0.50000000 -0.00000000 0.86600000
vn 0.43390000 -0.00000000 0.90100000
vn 0.50000000 -0.00000000 0.86600000
vn 0.50000000 -0.00000000 0.86600000
vn 0.62350000 -0.00000000 0.78190000
vn 0.70710000 -0.00000000 0.70710000
vn 0.62350000 -0.00000000 0.78180000
vn 0.70710000 -0.00000000 0.70710000
vn 0.70710000 -0.00000000 0.70710000
vn 0.78180000 -0.00000000 0.62350000
vn 0.86600000 -0.00000000 0.50000000
vn 0.78180000 -0.00000000 0.62350000
vn 0.86600000 -0.00000000 0.50000000
vn 0.86600000 -0.00000000 0.50000000
vn 0.90100000 -0.00000000 0.43390000
vn 0.96590000 -0.00000000 0.25890000
vn 1.00000000 -0.00000000 -0.00000000
vn 1.00000000 -0.00000000 -0.00000000
vn 0.97490000 -0.00000000 0.22250000
vn 0.96590000 -0.00000000 0.25880000
vn 0.96590000 -0.00000000 0.25880000
vn 0.90100000 -0.00000000 0.43390000
vn -0.00000000 -0.00000000 1.00000000
vn -0.00000000 -0.00000000 1.00000000
vn -0.00000000 0.22250000 0.97490000
vn -0.00000000 0.22250000 0.97490000
vn -0.00000000 0.25880000 0.96590000
vn -0.00000000 0.25880000 0.96590000
vn -0.00000000 0.43390000 0.90100000
vn -0.00000000 0.43390000 0.90100000
vn -0.00000000 0.50000000 0.86600000
vn -0.00000000 0.50000000 0.86600000
vn -0.00000000 0.62350000 0.78180000
vn -0.00000000 0.62350000 0.78180000
vn -0.00000000 0.70710000 0.70710000
vn -0.00000000 0.70710000 0.70710000
vn -0.00000000 0.78180000 0.62350000
vn -0.00000000 0.78180000 0.62350000
vn -0.00000000 0.86600000 0.50000000
vn -0.00000000 0.86600000 0.50000000
vn -0.00000000 0.90100000 0.43390000
vn -0.00000000 0.90100000 0.43390000
vn -0.00000000 0.96590000 0.25880000
vn -0.00000000 0.96590000 0.25880000
vn -0.00000000 0.97490000 0.22250000
vn -0.00000000 0.97490000 0.22250000
vn -0.00000000 1.00000000 -0.00000000
vn -0.00000000 1.00000000 -0.00000000
vn 0.18000000 -0.13080000 0.97490000
vn -0.00000000 -0.00000000 1.00000000
vn -0.00000000 -0.00000000 1.00000000
vn -0.00000000 -0.00000000 1.00000000
vn -0.00000000 -0.00000000 1.00000000
vn 0.22250000 -0.00000000 0.97490000
vn 0.21980000 -0.03480000 0.97490000
vn 0.25880000 -0.00000000 0.96590000
vn 0.42850000 -0.06790000 0.90100000
vn -0.00000000 -0.00000000 1.00000000
vn 0.15730000 -0.15730000 0.97490000
vn 0.18000000 -0.13080000 0.97490000
vn 0.18300000 -0.18300000 0.96590000
vn 0.35100000 -0.25500000 0.90100000
vn 0.61580000 -0.09750000 0.78180000
vn 0.50000000 -0.00000000 0.86600000
vn 0.42850000 -0.06790000 0.90100000
vn 0.43390000 -0.00000000 0.90100000
vn 0.25880000 -0.00000000 0.96590000
vn 0.18300000 -0.18300000 0.96590000
vn 0.30680000 -0.30680000 0.90100000
vn 0.35100000 -0.25500000 0.90100000
vn 0.35360000 -0.35350000 0.86600000
vn 0.50440000 -0.36650000 0.78180000
vn 0.77220000 -0.12230000 0.62350000
vn 0.70710000 -0.00000000 0.70710000
vn 0.61580000 -0.09750000 0.78180000
vn 0.62350000 -0.00000000 0.78180000
vn 0.50000000 -0.00000000 0.86600000
vn 0.35360000 -0.35360000 0.86600000
vn 0.44090000 -0.44090000 0.78180000
vn 0.50440000 -0.36650000 0.78180000
vn 0.50000000 -0.50000000 0.70710000
vn 0.63250000 -0.45950000 0.62350000
vn 0.88990000 -0.14090000 0.43390000
vn 0.86600000 -0.00000000 0.50000000
vn 0.77220000 -0.12230000 0.62350000
vn 0.78180000 -0.00000000 0.62350000
vn 0.70710000 -0.00000000 0.70710000
vn 0.50000000 -0.50000000 0.70710000
vn 0.55290000 -0.55280000 0.62350000
vn 0.63250000 -0.45960000 0.62350000
vn 0.61240000 -0.61230000 0.50000000
vn 0.72890000 -0.52960000 0.43390000
vn 0.96290000 -0.15250000 0.22250000
vn 0.96590000 -0.00000000 0.25880000
vn 0.88990000 -0.14090000 0.43390000
vn 0.90100000 -0.00000000 0.43390000
vn 0.86600000 -0.00000000 0.50000000
vn -0.00000000 -0.00000000 1.00000000
vn -0.00000000 -0.00000000 1.00000000
vn 0.21980000 -0.03480000 0.97490000
vn 0.21160000 -0.06880000 0.97490000
vn 0.42850000 -0.06790000 0.90100000
vn 0.41270000 -0.13410000 0.90100000
vn 0.61580000 -0.09750000 0.78180000
vn 0.59300000 -0.19270000 0.78180000
vn 0.77220000 -0.12230000 0.62350000
vn 0.74360000 -0.24160000 0.62350000
vn 0.88990000 -0.14100000 0.43390000
vn 0.85690000 -0.27840000 0.43390000
vn 0.96290000 -0.15250000 0.22250000
vn 0.92720000 -0.30130000 0.22250000
vn 0.98770000 -0.15650000 -0.00000000
vn -0.00000000 -0.00000000 1.00000000
vn -0.00000000 -0.00000000 1.00000000
vn 0.19830000 -0.10100000 0.97490000
vn 0.18000000 -0.13080000 0.97490000
vn 0.38660000 -0.19700000 0.90100000
vn 0.35100000 -0.25500000 0.90100000
vn 0.55550000 -0.28300000 0.78180000
vn 0.50440000 -0.36650000 0.78180000
vn 0.69660000 -0.35500000 0.62350000
vn 0.63250000 -0.45950000 0.62350000
vn 0.80280000 -0.40900000 0.43390000
vn 0.72890000 -0.52960000 0.43390000
vn 0.86870000 -0.44260000 0.22250000
vn 0.78870000 -0.57300000 0.22250000
vn 0.68940000 -0.68940000 0.22250000
vn 0.78870000 -0.57310000 0.22260000
vn 0.68300000 -0.68300000 0.25880000
vn 0.72890000 -0.52960000 0.43390000
vn 0.63710000 -0.63710000 0.43390000
vn 0.61240000 -0.61240000 0.50000000
vn 0.98770000 -0.15640000 -0.00000000
vn 1.00000000 -0.00000000 -0.00000000
vn 0.96290000 -0.15250000 0.22250000
vn 0.97490000 -0.00000000 0.22250000
vn 0.96590000 -0.00000000 0.25880000
vn 0.89100000 -0.45400000 0.00010000
vn 0.92390000 -0.38270000 -0.00000000
vn 0.92720000 -0.30130000 0.22250000
vn 0.95110000 -0.30900000 -0.00000000
vn 0.98770000 -0.15650000 0.00010000
vn -0.00000000 -0.00000000 1.00000000
vn -0.00000000 -0.00000000 1.00000000
vn 0.21160000 -0.06880000 0.97490000
vn 0.19830000 -0.10100000 0.97490000
vn 0.41260000 -0.13410000 0.90100000
vn 0.38660000 -0.19700000 0.90100000
vn 0.59300000 -0.19270000 0.78180000
vn 0.55550000 -0.28300000 0.78180000
vn 0.74360000 -0.24160000 0.62350000
vn 0.69660000 -0.35490000 0.62350000
vn 0.85690000 -0.27840000 0.43390000
vn 0.80280000 -0.40900000 0.43390000
vn 0.92720000 -0.30130000 0.22250000
vn 0.86870000 -0.44260000 0.22250000
vn 0.89100000 -0.45400000 -0.00000000
vn 0.78870000 -0.57310000 0.22250000
vn 0.80900000 -0.58780000 -0.00000000
vn 0.68940000 -0.68940000 0.22250000
vn 0.70710000 -0.70710000 -0.00000000
vn -0.03480000 0.21970000 0.97490000
vn -0.00000000 -0.00000000 1.00000000
vn -0.00000000 -0.00000000 1.00000000
vn -0.00000000 -0.00000000 1.00000000
vn -0.00000000 -0.00000000 1.00000000
vn -0.15730000 0.15730000 0.97490000
vn -0.13080000 0.18000000 0.97490000
vn -0.18300000 0.18300000 0.96590000
vn -0.25500000 0.35100000 0.90100000
vn -0.00000000 -0.00000000 1.00000000
vn -0.00000000 0.22250000 0.97490000
vn -0.03480000 0.21980000 0.97490000
vn -0.00000000 0.25880000 0.96590000
vn -0.06790000 0.42850000 0.90100000
vn -0.36650000 0.50440000 0.78180000
vn -0.35350000 0.35360000 0.86600000
vn -0.25500000 0.35100000 0.90100000
vn -0.30680000 0.30680000 0.90100000
vn -0.18300000 0.18300000 0.96590000
vn -0.00000000 0.25880000 0.96590000
vn -0.00000000 0.43390000 0.90100000
vn -0.06790000 0.42850000 0.90100000
vn -0.00000000 0.50000000 0.86600000
vn -0.09750000 0.61580000 0.78180000
vn -0.45960000 0.63250000 0.62350000
vn -0.50000000 0.50000000 0.70710000
vn -0.36650000 0.50440000 0.78180000
vn -0.44090000 0.44090000 0.78180000
vn -0.35350000 0.35360000 0.86600000
vn -0.00000000 0.50000000 0.86600000
vn -0.00000000 0.62350000 0.78180000
vn -0.09750000 0.61580000 0.78180000
vn -0.00000000 0.70710000 0.70710000
vn -0.12230000 0.77220000 0.62350000
vn -0.52960000 0.72890000 0.43390000
vn -0.61230000 0.61240000 0.50000000
vn -0.45960000 0.63250000 0.62350000
vn -0.55280000 0.55290000 0.62350000
vn -0.50000000 0.50000000 0.70710000
vn -0.00000000 -0.00000000 1.00000000
vn -0.00000000 -0.00000000 1.00000000
vn -0.10100000 0.19830000 0.97490000
vn -0.06880000 0.21160000 0.97490000
vn -0.19700000 0.38660000 0.90100000
vn -0.13410000 0.41260000 0.90100000
vn -0.28300000 0.55560000 0.78180000
vn -0.19270000 0.59300000 0.78180000
vn -0.35490000 0.69660000 0.62350000
vn -0.24160000 0.74360000 0.62350000
vn -0.40900000 0.80280000 0.43390000
vn -0.27840000 0.85690000 0.43390000
vn -0.44260000 0.86870000 0.22260000
vn -0.00000000 -0.00000000 1.00000000
vn -0.00000000 -0.00000000 1.00000000
vn -0.06880000 0.21160000 0.97490000
vn -0.03480000 0.21980000 0.97490000
vn -0.13410000 0.41260000 0.90100000
vn -0.06790000 0.42850000 0.90100000
vn -0.19270000 0.59300000 0.78180000
vn -0.09750000 0.61580000 0.78180000
vn -0.24160000 0.74360000 0.62350000
vn -0.12230000 0.77220000 0.62350000
vn -0.27840000 0.85690000 0.43390000
vn -0.14090000 0.88990000 0.43390000
vn -0.57310000 0.78870000 0.22250000
vn -0.68300000 0.68300000 0.25880000
vn -0.52960000 0.72890000 0.43390000
vn -0.63710000 0.63710000 0.43390000
vn -0.61240000 0.61240000 0.50000000
vn -0.00000000 0.70710000 0.70710000
vn -0.00000000 0.78180000 0.62350000
vn -0.12230000 0.77220000 0.62350000
vn -0.00000000 0.86600000 0.50000000
vn -0.14090000 0.88990000 0.43390000
vn -0.00000000 0.90100000 0.43390000
vn -0.00000000 0.96590000 0.25880000
vn -0.44260000 0.86870000 0.22260000
vn -0.27840000 0.85690000 0.43390000
vn -0.30130000 0.92720000 0.22260000
vn -0.14100000 0.88990000 0.43390000
vn -0.15250000 0.96290000 0.22260000
vn -0.00000000 0.96590000 0.25880000
vn -0.00000000 0.97490000 0.22250000
vn -0.58780000 0.80900000 -0.00000000
vn -0.70710000 0.70710000 -0.00000000
vn -0.57310000 0.78870000 0.22250000
vn -0.68940000 0.68940000 0.22250000
vn -0.68300000 0.68300000 0.25880000
vn -0.00000000 -0.00000000 1.00000000
vn -0.00000000 -0.00000000 1.00000000
vn -0.13080000 0.18000000 0.97490000
vn -0.10100000 0.19830000 0.97490000
vn -0.25500000 0.35100000 0.90100000
vn -0.19700000 0.38660000 0.90100000
vn -0.36650000 0.50440000 0.78180000
vn -0.28310000 0.55550000 0.78180000
vn -0.45950000 0.63250000 0.62350000
vn -0.35500000 0.69660000 0.62350000
vn -0.52960000 0.72890000 0.43390000
vn -0.40900000 0.80280000 0.43390000
vn -0.57300000 0.78870000 0.22250000
vn -0.44260000 0.86870000 0.22250000
vn -0.58780000 0.80900000 -0.00000000
vn -0.45400000 0.89100000 -0.00000000
vn -0.45400000 0.89100000 -0.00000000
vn -0.44260000 0.86870000 0.22250000
vn -0.38270000 0.92390000 0.00010000
vn -0.30130000 0.92720000 0.22250000
vn -0.30900000 0.95110000 -0.00000000
vn -0.15250000 0.96290000 0.22250000
vn -0.15640000 0.98770000 -0.00000000
vn -0.00000000 0.97490000 0.22250000
vn -0.00000000 1.00000000 -0.00000000
vn -0.00000000 -0.00000000 1.00000000
vn -0.00000000 -0.00000000 1.00000000
vn 0.15740000 -0.15740000 0.97490000
vn 0.15730000 -0.15730000 0.97490000
vn 0.18300000 -0.18300000 0.96590000
vn 0.18300000 -0.18300000 0.96590000
vn 0.30680000 -0.30680000 0.90100000
vn 0.30680000 -0.30680000 0.90100000
vn 0.35360000 -0.35360000 0.86600000
vn 0.35350000 -0.35360000 0.86600000
vn 0.44090000 -0.44090000 0.78180000
vn 0.44090000 -0.44090000 0.78180000
vn 0.50000000 -0.50000000 0.70710000
vn 0.50000000 -0.50000000 0.70710000
vn 0.55280000 -0.55280000 0.62350000
vn 0.55280000 -0.55280000 0.62350000
vn 0.61240000 -0.61240000 0.50000000
vn 0.61240000 -0.61240000 0.50000000
vn 0.63710000 -0.63710000 0.43390000
vn 0.63710000 -0.63710000 0.43390000
vn 0.68300000 -0.68300000 0.25880000
vn 0.68300000 -0.68300000 0.25880000
vn 0.68940000 -0.68940000 0.22250000
vn 0.68940000 -0.68940000 0.22250000
vn 0.70710000 -0.70710000 -0.00000000
vn 0.70710000 -0.70710000 -0.00000000
vn -0.00000000 -0.00000000 1.00000000
vn -0.00000000 -0.00000000 1.00000000
vn -0.15730000 0.15730000 0.97490000
vn -0.15730000 0.15730000 0.97490000
vn -0.18300000 0.18300000 0.96590000
vn -0.18300000 0.18300000 0.96590000
vn -0.30680000 0.30680000 0.90100000
vn -0.30680000 0.30680000 0.90100000
vn -0.35360000 0.35360000 0.86600000
vn -0.35360000 0.35350000 0.86600000
vn -0.44090000 0.44090000 0.78180000
vn -0.44090000 0.44090000 0.78180000
vn -0.50000000 0.50000000 0.70710000
vn -0.50000000 0.50000000 0.70710000
vn -0.55280000 0.55280000 0.62350000
vn -0.55280000 0.55280000 0.62350000
vn -0.61240000 0.61240000 0.50000000
vn -0.61240000 0.61240000 0.50000000
vn -0.63710000 0.63710000 0.43390000
vn -0.63710000 0.63710000 0.43390000
vn -0.68300000 0.68300000 0.25880000
vn -0.68300000 0.68300000 0.25890000
vn -0.68940000 0.68940000 0.22250000
vn -0.68940000 0.68940000 0.22250000
vn -0.70710000 0.70710000 -0.00000000
vn -0.70710000 0.70710000 -0.00000000
vn 0.03480000 -0.21980000 0.97490000
vn -0.00000000 -0.00000000 1.00000000
vn -0.00000000 -0.00000000 1.00000000
vn -0.00000000 -0.00000000 1.00000000
vn -0.00000000 -0.00000000 1.00000000
vn 0.15730000 -0.15730000 0.97490000
vn 0.13080000 -0.18000000 0.97490000
vn 0.18300000 -0.18300000 0.96590000
vn 0.25500000 -0.35100000 0.90100000
vn -0.00000000 -0.00000000 1.00000000
vn -0.00000000 -0.22250000 0.97490000
vn 0.03480000 -0.21980000 0.97490000
vn -0.00000000 -0.25880000 0.96590000
vn 0.06790000 -0.42850000 0.90100000
vn 0.36650000 -0.50440000 0.78180000
vn 0.35350000 -0.35360000 0.86600000
vn 0.25500000 -0.35100000 0.90100000
vn 0.30680000 -0.30680000 0.90100000
vn 0.18300000 -0.18300000 0.96590000
vn -0.00000000 -0.25880000 0.96590000
vn -0.00000000 -0.43390000 0.90100000
vn 0.06790000 -0.42850000 0.90100000
vn -0.00000000 -0.50000000 0.86600000
vn 0.09750000 -0.61580000 0.78180000
vn 0.45960000 -0.63250000 0.62350000
vn 0.50000000 -0.50000000 0.70710000
vn 0.36650000 -0.50440000 0.78180000
vn 0.44090000 -0.44090000 0.78180000
vn 0.35360000 -0.35360000 0.86600000
vn -0.00000000 -0.50000000 0.86600000
vn -0.00000000 -0.62350000 0.78180000
vn 0.09750000 -0.61580000 0.78180000
vn -0.00000000 -0.70710000 0.70710000
vn 0.12230000 -0.77220000 0.62350000
vn 0.52960000 -0.72890000 0.43390000
vn 0.61230000 -0.61240000 0.50000000
vn 0.45950000 -0.63250000 0.62350000
vn 0.55280000 -0.55290000 0.62350000
vn 0.50000000 -0.50000000 0.70710000
vn -0.00000000 -0.00000000 1.00000000
vn -0.00000000 -0.00000000 1.00000000
vn 0.10100000 -0.19830000 0.97490000
vn 0.06880000 -0.21160000 0.97490000
vn 0.19700000 -0.38660000 0.90100000
vn 0.13410000 -0.41260000 0.90100000
vn 0.28310000 -0.55550000 0.78180000
vn 0.19270000 -0.59300000 0.78180000
vn 0.35490000 -0.69660000 0.62350000
vn 0.24160000 -0.74360000 0.62350000
vn 0.40900000 -0.80280000 0.43390000
vn 0.27840000 -0.85690000 0.43390000
vn 0.44260000 -0.86870000 0.22250000
vn -0.00000000 -0.00000000 1.00000000
vn -0.00000000 -0.00000000 1.00000000
vn 0.06880000 -0.21160000 0.97490000
vn 0.03480000 -0.21980000 0.97490000
vn 0.13410000 -0.41260000 0.90100000
vn 0.06790000 -0.42850000 0.90100000
vn 0.19260000 -0.59300000 0.78180000
vn 0.09760000 -0.61580000 0.78180000
vn 0.24160000 -0.74360000 0.62350000
vn 0.12230000 -0.77220000 0.62350000
vn 0.27840000 -0.85690000 0.43390000
vn 0.14100000 -0.88990000 0.43390000
vn 0.57300000 -0.78870000 0.22250000
vn 0.68300000 -0.68300000 0.25880000
vn 0.52960000 -0.72890000 0.43390000
vn 0.63710000 -0.63710000 0.43390000
vn 0.61240000 -0.61240000 0.50000000
vn -0.00000000 -0.70710000 0.70710000
vn -0.00000000 -0.78180000 0.62350000
vn 0.12230000 -0.77220000 0.62350000
vn -0.00000000 -0.86600000 0.50000000
vn 0.14090000 -0.88990000 0.43390000
vn -0.00000000 -0.90100000 0.43390000
vn -0.00000000 -0.96590000 0.25880000
vn 0.44260000 -0.86870000 0.22250000
vn 0.27840000 -0.85690000 0.43390000
vn 0.30130000 -0.92720000 0.22260000
vn 0.14100000 -0.88990000 0.43390000
vn 0.15250000 -0.96290000 0.22250000
vn -0.00000000 -0.96590000 0.25880000
vn -0.00000000 -0.97490000 0.22250000
vn 0.58780000 -0.80900000 -0.00000000
vn 0.70710000 -0.70710000 -0.00000000
vn 0.57310000 -0.78870000 0.22250000
vn 0.68940000 -0.68940000 0.22250000
vn 0.68300000 -0.68300000 0.25880000
vn -0.00000000 -0.00000000 1.00000000
vn -0.00000000 -0.00000000 1.00000000
vn 0.13080000 -0.18000000 0.97490000
vn 0.10100000 -0.19830000 0.97490000
vn 0.25500000 -0.35100000 0.90100000
vn 0.19700000 -0.38660000 0.90100000
vn 0.36650000 -0.50440000 0.78180000
vn 0.28310000 -0.55550000 0.78180000
vn 0.45950000 -0.63250000 0.62350000
vn 0.35500000 -0.69660000 0.62350000
vn 0.52960000 -0.72890000 0.43390000
vn 0.40900000 -0.80280000 0.43390000
vn 0.57300000 -0.78870000 0.22250000
vn 0.44260000 -0.86870000 0.22250000
vn 0.58780000 -0.80900000 -0.00000000
vn 0.45400000 -0.89100000 -0.00000000
vn 0.45400000 -0.89100000 -0.00000000
vn 0.44260000 -0.86870000 0.22250000
vn 0.38270000 -0.92390000 0.00010000
vn 0.30130000 -0.92720000 0.22250000
vn 0.30900000 -0.95110000 -0.00000000
vn 0.15250000 -0.96290000 0.22250000
vn 0.15640000 -0.98770000 -0.00000000
vn -0.00000000 -0.97490000 0.22250000
vn -0.00000000 -1.00000000 -0.00000000
vn -0.18000000 0.13080000 0.97490000
vn -0.00000000 -0.00000000 1.00000000
vn -0.00000000 -0.00000000 1.00000000
vn -0.00000000 -0.00000000 1.00000000
vn -0.00000000 -0.00000000 1.00000000
vn -0.22250000 -0.00000000 0.97490000
vn -0.21980000 0.03480000 0.97490000
vn -0.25880000 -0.00000000 0.96590000
vn -0.42850000 0.06790000 0.90100000
vn -0.00000000 -0.00000000 1.00000000
vn -0.15730000 0.15730000 0.97490000
vn -0.18000000 0.13080000 0.97490000
vn -0.18300000 0.18300000 0.96590000
vn -0.35100000 0.25500000 0.90100000
vn -0.61580000 0.09750000 0.78180000
vn -0.50000000 -0.00000000 0.86600000
vn -0.42850000 0.06790000 0.90100000
vn -0.43390000 -0.00000000 0.90100000
vn -0.25880000 -0.00000000 0.96590000
vn -0.18300000 0.18300000 0.96590000
vn -0.30680000 0.30680000 0.90100000
vn -0.35100000 0.25500000 0.90100000
vn -0.35360000 0.35350000 0.86600000
vn -0.50440000 0.36650000 0.78180000
vn -0.77220000 0.12230000 0.62350000
vn -0.70710000 -0.00000000 0.70710000
vn -0.61580000 0.09750000 0.78180000
vn -0.62350000 -0.00000000 0.78180000
vn -0.50000000 -0.00000000 0.86600000
vn -0.35360000 0.35360000 0.86600000
vn -0.44090000 0.44090000 0.78180000
vn -0.50440000 0.36650000 0.78180000
vn -0.50000000 0.50000000 0.70710000
vn -0.63250000 0.45960000 0.62350000
vn -0.88990000 0.14090000 0.43390000
vn -0.86600000 -0.00000000 0.50000000
vn -0.77220000 0.12230000 0.62350000
vn -0.78180000 -0.00000000 0.62350000
vn -0.70710000 -0.00000000 0.70710000
vn -0.00000000 -0.00000000 1.00000000
vn -0.00000000 -0.00000000 1.00000000
vn -0.21160000 0.06880000 0.97490000
vn -0.19830000 0.10100000 0.97490000
vn -0.41260000 0.13410000 0.90100000
vn -0.38660000 0.19700000 0.90100000
vn -0.59300000 0.19270000 0.78180000
vn -0.55550000 0.28300000 0.78180000
vn -0.74360000 0.24160000 0.62350000
vn -0.69660000 0.35490000 0.62350000
vn -0.85690000 0.27840000 0.43390000
vn -0.80280000 0.40900000 0.43390000
vn -0.92720000 0.30130000 0.22250000
vn -0.00000000 -0.00000000 1.00000000
vn -0.00000000 -0.00000000 1.00000000
vn -0.19830000 0.10100000 0.97490000
vn -0.18000000 0.13080000 0.97490000
vn -0.38660000 0.19700000 0.90100000
vn -0.35100000 0.25500000 0.90100000
vn -0.55550000 0.28310000 0.78180000
vn -0.50440000 0.36650000 0.78180000
vn -0.69660000 0.35500000 0.62350000
vn -0.63250000 0.45950000 0.62350000
vn -0.80280000 0.40900000 0.43390000
vn -0.72890000 0.52960000 0.43390000
vn -0.96290000 0.15250000 0.22250000
vn -0.96590000 -0.00000000 0.25880000
vn -0.88990000 0.14090000 0.43390000
vn -0.90100000 -0.00000000 0.43390000
vn -0.86600000 -0.00000000 0.50000000
vn -0.50000000 0.50000000 0.70710000
vn -0.55290000 0.55280000 0.62350000
vn -0.63250000 0.45960000 0.62350000
vn -0.61240000 0.61240000 0.50000000
vn -0.72890000 0.52960000 0.43390000
vn -0.63710000 0.63710000 0.43390000
vn -0.68300000 0.68300000 0.25880000
vn -0.92720000 0.30130000 0.22260000
vn -0.80280000 0.40900000 0.43390000
vn -0.86870000 0.44260000 0.22260000
vn -0.72890000 0.52960000 0.43390000
vn -0.78870000 0.57300000 0.22250000
vn -0.68300000 0.68300000 0.25880000
vn -0.68940000 0.68940000 0.22250000
vn -0.98770000 0.15640000 -0.00000000
vn -1.00000000 -0.00000000 -0.00000000
vn -0.96290000 0.15250000 0.22250000
vn -0.97490000 -0.00000000 0.22250000
vn -0.96590000 -0.00000000 0.25880000
vn -0.00000000 -0.00000000 1.00000000
vn -0.00000000 -0.00000000 1.00000000
vn -0.21980000 0.03480000 0.97490000
vn -0.21160000 0.06880000 0.97490000
vn -0.42850000 0.06790000 0.90100000
vn -0.41270000 0.13410000 0.90100000
vn -0.61580000 0.09750000 0.78180000
vn -0.59300000 0.19270000 0.78180000
vn -0.77220000 0.12230000 0.62350000
vn -0.74360000 0.24160000 0.62350000
vn -0.88990000 0.14100000 0.43390000
vn -0.85690000 0.27840000 0.43390000
vn -0.96290000 0.15250000 0.22250000
vn -0.92720000 0.30130000 0.22250000
vn -0.98770000 0.15650000 -0.00000000
vn -0.95110000 0.30900000 -0.00000000
vn -0.95110000 0.30900000 -0.00000000
vn -0.92720000 0.30130000 0.22250000
vn -0.92390000 0.38270000 -0.00000000
vn -0.86870000 0.44260000 0.22250000
vn -0.89100000 0.45400000 -0.00000000
vn -0.78870000 0.57310000 0.22250000
vn -0.80900000 0.58780000 -0.00000000
vn -0.68940000 0.68940000 0.22250000
vn -0.70710000 0.70710000 -0.00000000
vn -0.00000000 -0.00000000 1.00000000
vn -0.00000000 -0.00000000 1.00000000
vn -0.00000000 -0.22250000 0.97490000
vn -0.00000000 -0.22250000 0.97490000
vn -0.00000000 -0.25880000 0.96590000
vn -0.00000000 -0.25880000 0.96590000
vn -0.00000000 -0.43390000 0.90100000
vn -0.00000000 -0.43390000 0.90100000
vn -0.00000000 -0.50000000 0.86600000
vn -0.00000000 -0.50000000 0.86600000
vn -0.00000000 -0.62350000 0.78180000
vn -0.00000000 -0.62350000 0.78180000
vn -0.00000000 -0.70710000 0.70710000
vn -0.00000000 -0.70710000 0.70710000
vn -0.00000000 -0.78180000 0.62350000
vn -0.00000000 -0.78180000 0.62350000
vn -0.00000000 -0.86600000 0.50000000
vn -0.00000000 -0.86600000 0.50000000
vn -0.00000000 -0.90100000 0.43390000
vn -0.00000000 -0.90100000 0.43390000
vn -0.00000000 -0.96590000 0.25880000
vn -0.00000000 -0.96590000 0.25880000
vn -0.00000000 -0.97490000 0.22250000
vn -0.00000000 -0.97490000 0.22250000
vn -0.00000000 -1.00000000 -0.00000000
vn -0.00000000 -1.00000000 -0.00000000
vn -0.00000000 -0.00000000 1.00000000
vn -0.22250000 -0.00000000 0.97490000
vn -0.00000000 -0.00000000 1.00000000
vn -0.25880000 -0.00000000 0.96590000
vn -0.22250000 -0.00000000 0.97490000
vn -0.25880000 -0.00000000 0.96590000
vn -0.25880000 -0.00000000 0.96590000
vn -0.43390000 -0.00000000 0.90100000
vn -0.50000000 -0.00000000 0.86600000
vn -0.43390000 -0.00000000 0.90100000
vn -0.50000000 -0.00000000 0.86600000
vn -0.50000000 -0.00000000 0.86600000
vn -0.62350000 -0.00000000 0.78190000
vn -0.70710000 -0.00000000 0.70710000
vn -0.62350000 -0.00000000 0.78180000
vn -0.70710000 -0.00000000 0.70710000
vn -0.70710000 -0.00000000 0.70710000
vn -0.78180000 -0.00000000 0.62350000
vn -0.86600000 -0.00000000 0.50000000
vn -0.78180000 -0.00000000 0.62350000
vn -0.86600000 -0.00000000 0.50000000
vn -0.86600000 -0.00000000 0.50000000
vn -0.90100000 -0.00000000 0.43390000
vn -0.96590000 -0.00000000 0.25890000
vn -1.00000000 -0.00000000 -0.00000000
vn -1.00000000 -0.00000000 -0.00000000
vn -0.97490000 -0.00000000 0.22250000
vn -0.96590000 -0.00000000 0.25880000
vn -0.96590000 -0.00000000 0.25880000
vn -0.90100000 -0.00000000 0.43390000
vn -0.13080000 -0.18000000 0.97490000
vn -0.00000000 -0.00000000 1.00000000
vn -0.00000000 -0.00000000 1.00000000
vn -0.00000000 -0.00000000 1.00000000
vn -0.00000000 -0.00000000 1.00000000
vn -0.00000000 -0.22250000 0.97490000
vn -0.03480000 -0.21980000 0.97490000
vn -0.00000000 -0.25880000 0.96590000
vn -0.06790000 -0.42850000 0.90100000
vn -0.00000000 -0.00000000 1.00000000
vn -0.15730000 -0.15730000 0.97490000
vn -0.13080000 -0.18000000 0.97490000
vn -0.18300000 -0.18300000 0.96590000
vn -0.25500000 -0.35100000 0.90100000
vn -0.09750000 -0.61580000 0.78180000
vn -0.00000000 -0.50000000 0.86600000
vn -0.06790000 -0.42850000 0.90100000
vn -0.00000000 -0.43390000 0.90100000
vn -0.00000000 -0.25880000 0.96590000
vn -0.18300000 -0.18300000 0.96590000
vn -0.30680000 -0.30680000 0.90100000
vn -0.25500000 -0.35100000 0.90100000
vn -0.35350000 -0.35360000 0.86600000
vn -0.36650000 -0.50440000 0.78180000
vn -0.12230000 -0.77220000 0.62350000
vn -0.00000000 -0.70710000 0.70710000
vn -0.09750000 -0.61580000 0.78180000
vn -0.00000000 -0.62350000 0.78180000
vn -0.00000000 -0.50000000 0.86600000
vn -0.35360000 -0.35360000 0.86600000
vn -0.44090000 -0.44090000 0.78180000
vn -0.36650000 -0.50440000 0.78180000
vn -0.50000000 -0.50000000 0.70710000
vn -0.45950000 -0.63250000 0.62350000
vn -0.14090000 -0.88990000 0.43390000
vn -0.00000000 -0.86600000 0.50000000
vn -0.12230000 -0.77220000 0.62350000
vn -0.00000000 -0.78180000 0.62350000
vn -0.00000000 -0.70710000 0.70710000
vn -0.50000000 -0.50000000 0.70710000
vn -0.55280000 -0.55290000 0.62350000
vn -0.45950000 -0.63250000 0.62350000
vn -0.61230000 -0.61240000 0.50000000
vn -0.52960000 -0.72890000 0.43390000
vn -0.15250000 -0.96290000 0.22250000
vn -0.00000000 -0.96590000 0.25880000
vn -0.14090000 -0.88990000 0.43390000
vn -0.00000000 -0.90100000 0.43390000
vn -0.00000000 -0.86600000 0.50000000
vn -0.00000000 -0.00000000 1.00000000
vn -0.00000000 -0.00000000 1.00000000
vn -0.03480000 -0.21980000 0.97490000
vn -0.06880000 -0.21160000 0.97490000
vn -0.06790000 -0.42850000 0.90100000
vn -0.13410000 -0.41270000 0.90100000
vn -0.09750000 -0.61580000 0.78180000
vn -0.19270000 -0.59300000 0.78180000
vn -0.12230000 -0.77220000 0.62350000
vn -0.24160000 -0.74360000 0.62350000
vn -0.14100000 -0.88990000 0.43390000
vn -0.27840000 -0.85690000 0.43390000
vn -0.15250000 -0.96290000 0.22250000
vn -0.30130000 -0.92720000 0.22250000
vn -0.15650000 -0.98770000 0.00010000
vn -0.00000000 -0.00000000 1.00000000
vn -0.00000000 -0.00000000 1.00000000
vn -0.10100000 -0.19830000 0.97490000
vn -0.13080000 -0.18000000 0.97490000
vn -0.19700000 -0.38660000 0.90100000
vn -0.25500000 -0.35100000 0.90100000
vn -0.28300000 -0.55550000 0.78180000
vn -0.36650000 -0.50440000 0.78180000
vn -0.35500000 -0.69660000 0.62350000
vn -0.45950000 -0.63250000 0.62350000
vn -0.40900000 -0.80280000 0.43390000
vn -0.52960000 -0.72890000 0.43390000
vn -0.44260000 -0.86870000 0.22250000
vn -0.57300000 -0.78870000 0.22250000
vn -0.68940000 -0.68940000 0.22250000
vn -0.57310000 -0.78870000 0.22260000
vn -0.68300000 -0.68300000 0.25880000
vn -0.52960000 -0.72890000 0.43390000
vn -0.63710000 -0.63710000 0.43390000
vn -0.61240000 -0.61240000 0.50000000
vn -0.15640000 -0.98770000 -0.00000000
vn -0.00000000 -1.00000000 -0.00000000
vn -0.15250000 -0.96290000 0.22250000
vn -0.00000000 -0.97490000 0.22250000
vn -0.00000000 -0.96590000 0.25880000
vn -0.45400000 -0.89100000 0.00010000
vn -0.38270000 -0.92390000 -0.00000000
vn -0.30130000 -0.92720000 0.22250000
vn -0.30900000 -0.95110000 -0.00000000
vn -0.15650000 -0.98770000 -0.00000000
vn -0.00000000 -0.00000000 1.00000000
vn -0.00000000 -0.00000000 1.00000000
vn -0.06880000 -0.21160000 0.97490000
vn -0.10100000 -0.19830000 0.97490000
vn -0.13410000 -0.41260000 0.90100000
vn -0.19700000 -0.38660000 0.90100000
vn -0.19270000 -0.59300000 0.78180000
vn -0.28300000 -0.55550000 0.78180000
vn -0.24160000 -0.74360000 0.62350000
vn -0.35490000 -0.69660000 0.62350000
vn -0.27840000 -0.85690000 0.43390000
vn -0.40900000 -0.80280000 0.43390000
vn -0.30130000 -0.92720000 0.22250000
vn -0.44260000 -0.86870000 0.22250000
vn -0.45400000 -0.89100000 -0.00000000
vn -0.57310000 -0.78870000 0.22250000
vn -0.58780000 -0.80900000 -0.00000000
vn -0.68940000 -0.68940000 0.22250000
vn -0.70710000 -0.70710000 -0.00000000
vn -0.00000000 -0.00000000 1.00000000
vn -0.00000000 -0.00000000 1.00000000
vn -0.22250000 -0.00000000 0.97490000
vn -0.25880000 -0.00000000 0.96590000
vn -0.25880000 -0.00000000 0.96590000
vn -0.25880000 -0.00000000 0.96590000
vn -0.25890000 -0.00000000 0.96590000
vn -0.43390000 -0.00000000 0.90100000
vn -0.50000000 -0.00000000 0.86610000
vn -0.50000000 -0.00000000 0.86600000
vn -0.50000000 -0.00000000 0.86600000
vn -0.50000000 -0.00000000 0.86600000
vn -0.62350000 -0.00000000 0.78180000
vn -0.70710000 -0.00000000 0.70710000
vn -0.70710000 -0.00000000 0.70710000
vn -0.70710000 -0.00000000 0.70710000
vn -0.70710000 -0.00000000 0.70710000
vn -0.78180000 -0.00000000 0.62350000
vn -0.86600000 -0.00000000 0.50000000
vn -0.86600000 -0.00000000 0.50000000
vn -0.86600000 -0.00000000 0.50000000
vn -0.86610000 -0.00000000 0.50000000
vn -0.90100000 -0.00000000 0.43390000
vn -0.96590000 -0.00000000 0.25890000
vn -0.96590000 -0.00000000 0.25880000
vn -0.96590000 -0.00000000 0.25880000
vn -0.96590000 -0.00000000 0.25880000
vn -0.97490000 -0.00000000 0.22250000
vn -1.00000000 -0.00000000 -0.00000000
vn -1.00000000 -0.00000000 -0.00000000
vn -0.00000000 -0.00000000 1.00000000
vn -0.00000000 -0.00000000 1.00000000
vn -0.15730000 -0.15730000 0.97490000
vn -0.15730000 -0.15730000 0.97490000
vn -0.18300000 -0.18300000 0.96590000
vn -0.18300000 -0.18300000 0.96590000
vn -0.30680000 -0.30680000 0.90100000
vn -0.30680000 -0.30680000 0.90100000
vn -0.35360000 -0.35360000 0.86600000
vn -0.35360000 -0.35360000 0.86600000
vn -0.44090000 -0.44090000 0.78180000
vn -0.44090000 -0.44090000 0.78180000
vn -0.50000000 -0.50000000 0.70710000
vn -0.50000000 -0.50000000 0.70710000
vn -0.55280000 -0.55280000 0.62350000
vn -0.55280000 -0.55280000 0.62350000
vn -0.61240000 -0.61240000 0.50000000
vn -0.61240000 -0.61240000 0.50000000
vn -0.63710000 -0.63710000 0.43390000
vn -0.63710000 -0.63710000 0.43390000
vn -0.68300000 -0.68300000 0.25880000
vn -0.68300000 -0.68300000 0.25880000
vn -0.68940000 -0.68940000 0.22250000
vn -0.68940000 -0.68940000 0.22250000
vn -0.70710000 -0.70710000 -0.00000000
vn -0.70710000 -0.70710000 -0.00000000
vn -0.21970000 -0.03480000 0.97490000
vn -0.00000000 -0.00000000 1.00000000
vn -0.00000000 -0.00000000 1.00000000
vn -0.00000000 -0.00000000 1.00000000
vn -0.00000000 -0.00000000 1.00000000
vn -0.15730000 -0.15730000 0.97490000
vn -0.18000000 -0.13080000 0.97490000
vn -0.18300000 -0.18300000 0.96590000
vn -0.35100000 -0.25500000 0.90100000
vn -0.00000000 -0.00000000 1.00000000
vn -0.22250000 -0.00000000 0.97490000
vn -0.21980000 -0.03480000 0.97490000
vn -0.25880000 -0.00000000 0.96590000
vn -0.42850000 -0.06790000 0.90100000
vn -0.50440000 -0.36650000 0.78180000
vn -0.35360000 -0.35350000 0.86600000
vn -0.35100000 -0.25500000 0.90100000
vn -0.30680000 -0.30680000 0.90100000
vn -0.18300000 -0.18300000 0.96590000
vn -0.25880000 -0.00000000 0.96590000
vn -0.43390000 -0.00000000 0.90100000
vn -0.42850000 -0.06790000 0.90100000
vn -0.50000000 -0.00000000 0.86600000
vn -0.61580000 -0.09750000 0.78180000
vn -0.63250000 -0.45960000 0.62350000
vn -0.50000000 -0.50000000 0.70710000
vn -0.50440000 -0.36650000 0.78180000
vn -0.44090000 -0.44090000 0.78180000
vn -0.35360000 -0.35360000 0.86600000
vn -0.50000000 -0.00000000 0.86600000
vn -0.62350000 -0.00000000 0.78180000
vn -0.61580000 -0.09750000 0.78180000
vn -0.70710000 -0.00000000 0.70710000
vn -0.77220000 -0.12230000 0.62350000
vn -0.72890000 -0.52960000 0.43390000
vn -0.61240000 -0.61230000 0.50000000
vn -0.63250000 -0.45960000 0.62350000
vn -0.55290000 -0.55280000 0.62350000
vn -0.50000000 -0.50000000 0.70710000
vn -0.00000000 -0.00000000 1.00000000
vn -0.00000000 -0.00000000 1.00000000
vn -0.19830000 -0.10100000 0.97490000
vn -0.21160000 -0.06880000 0.97490000
vn -0.38660000 -0.19700000 0.90100000
vn -0.41260000 -0.13410000 0.90100000
vn -0.55550000 -0.28310000 0.78180000
vn -0.59300000 -0.19270000 0.78180000
vn -0.69660000 -0.35490000 0.62350000
vn -0.74360000 -0.24160000 0.62350000
vn -0.80280000 -0.40900000 0.43390000
vn -0.85690000 -0.27840000 0.43390000
vn -0.86870000 -0.44260000 0.22250000
vn -0.00000000 -0.00000000 1.00000000
vn -0.00000000 -0.00000000 1.00000000
vn -0.21160000 -0.06880000 0.97490000
vn -0.21980000 -0.03480000 0.97490000
vn -0.41260000 -0.13410000 0.90100000
vn -0.42850000 -0.06790000 0.90100000
vn -0.59300000 -0.19260000 0.78180000
vn -0.61580000 -0.09760000 0.78180000
vn -0.74360000 -0.24160000 0.62350000
vn -0.77220000 -0.12230000 0.62350000
vn -0.85690000 -0.27840000 0.43390000
vn -0.88990000 -0.14100000 0.43390000
vn -0.78870000 -0.57300000 0.22250000
vn -0.68300000 -0.68300000 0.25880000
vn -0.72890000 -0.52960000 0.43390000
vn -0.63710000 -0.63710000 0.43390000
vn -0.61240000 -0.61240000 0.50000000
vn -0.70710000 -0.00000000 0.70710000
vn -0.78180000 -0.00000000 0.62350000
vn -0.77220000 -0.12230000 0.62350000
vn -0.86600000 -0.00000000 0.50000000
vn -0.88990000 -0.14090000 0.43390000
vn -0.90100000 -0.00000000 0.43390000
vn -0.96590000 -0.00000000 0.25880000
vn -0.86870000 -0.44260000 0.22250000
vn -0.85690000 -0.27840000 0.43390000
vn -0.92720000 -0.30130000 0.22260000
vn -0.88990000 -0.14100000 0.43390000
vn -0.96290000 -0.15250000 0.22260000
vn -0.96590000 -0.00000000 0.25880000
vn -0.97490000 -0.00000000 0.22250000
vn -0.80900000 -0.58780000 -0.00000000
vn -0.70710000 -0.70710000 -0.00000000
vn -0.78870000 -0.57310000 0.22250000
vn -0.68940000 -0.68940000 0.22250000
vn -0.68300000 -0.68300000 0.25880000
vn -0.00000000 -0.00000000 1.00000000
vn -0.00000000 -0.00000000 1.00000000
vn -0.18000000 -0.13080000 0.97490000
vn -0.19830000 -0.10100000 0.97490000
vn -0.35100000 -0.25500000 0.90100000
vn -0.38660000 -0.19700000 0.90100000
vn -0.50440000 -0.36650000 0.78180000
vn -0.55550000 -0.28310000 0.78180000
vn -0.63250000 -0.45950000 0.62350000
vn -0.69660000 -0.35500000 0.62350000
vn -0.72890000 -0.52960000 0.43390000
vn -0.80280000 -0.40900000 0.43390000
vn -0.78870000 -0.57300000 0.22250000
vn -0.86870000 -0.44260000 0.22250000
vn -0.80900000 -0.58780000 -0.00000000
vn -0.89100000 -0.45400000 -0.00000000
vn -0.89100000 -0.45400000 -0.00000000
vn -0.86870000 -0.44260000 0.22250000
vn -0.92390000 -0.38270000 0.00010000
vn -0.92720000 -0.30130000 0.22250000
vn -0.95110000 -0.30900000 -0.00000000
vn -0.96290000 -0.15250000 0.22250000
vn -0.98770000 -0.15640000 -0.00000000
vn -0.97490000 -0.00000000 0.22250000
vn -1.00000000 -0.00000000 -0.00000000
vt 0.67957300 0.36349200
vt 0.66376100 0.34487800
vt 0.68327200 0.32639500
vt 0.37975100 0.34328800
vt 0.36032500 0.36032500
vt 0.33623900 0.34487800
vt 0.37975100 0.34328800
vt 0.35397100 0.32808100
vt 0.37341400 0.31330000
vt 0.72556700 0.50000000
vt 0.69753100 0.50000000
vt 0.72424500 0.47561200
vt 0.69584100 0.47421700
vt 0.72029400 0.45151000
vt 0.69080000 0.44887500
vt 0.71375900 0.42797600
vt 0.71375900 0.42797600
vt 0.69080000 0.44887500
vt 0.70471900 0.40528700
vt 0.68249500 0.42440800
vt 0.69327900 0.38370800
vt 0.63967500 0.36032500
vt 0.66376100 0.34487800
vt 0.65671200 0.37975100
vt 0.67957300 0.36349200
vt 0.67106700 0.40123500
vt 0.37975100 0.34328800
vt 0.37341400 0.31330000
vt 0.40123500 0.32893300
vt 0.39434200 0.30070900
vt 0.42440800 0.31750500
vt 0.41650900 0.29045300
vt 0.44887500 0.30920000
vt 0.43965400 0.28265500
vt 0.47421700 0.30415900
vt 0.46350700 0.27740400
vt 0.50000000 0.30246900
vt 0.30920000 0.44887500
vt 0.28624000 0.42797600
vt 0.31750500 0.42440800
vt 0.29528100 0.40528700
vt 0.32893300 0.40123500
vt 0.30672100 0.38370800
vt 0.34328800 0.37975100
vt 0.32042700 0.36349200
vt 0.36032500 0.36032500
vt 0.30246900 0.50000000
vt 0.27443300 0.50000000
vt 0.30415900 0.47421700
vt 0.27575500 0.47561200
vt 0.30920000 0.44887500
vt 0.27970600 0.45151000
vt 0.28624000 0.42797600
vt 0.75244300 0.50000000
vt 0.72556700 0.50000000
vt 0.75096300 0.47270600
vt 0.72424500 0.47561200
vt 0.74654100 0.44573200
vt 0.72029400 0.45151000
vt 0.73922800 0.41939500
vt 0.71375900 0.42797600
vt 0.72911100 0.39400200
vt 0.70471900 0.40528700
vt 0.71630700 0.36985200
vt 0.69327900 0.38370800
vt 0.70096800 0.34722800
vt 0.67998600 0.28810500
vt 0.68327200 0.32639500
vt 0.66342800 0.30759800
vt 0.66376100 0.34487800
vt 0.64602900 0.32808100
vt 0.63967500 0.36032500
vt 0.62024900 0.34328800
vt 0.64166800 0.29105600
vt 0.62658500 0.31330000
vt 0.61824600 0.27696400
vt 0.60565800 0.30070900
vt 0.59343900 0.26548700
vt 0.58349100 0.29045300
vt 0.56753600 0.25675900
vt 0.56034600 0.28265500
vt 0.54084100 0.25088300
vt 0.53649300 0.27740400
vt 0.51366700 0.24792800
vt 0.51221200 0.27476300
vt 0.48633300 0.24792800
vt 0.48778800 0.27476300
vt 0.45915900 0.25088300
vt 0.35397100 0.32808100
vt 0.33657200 0.30759800
vt 0.37341400 0.31330000
vt 0.35833200 0.29105600
vt 0.39434200 0.30070900
vt 0.38175400 0.27696400
vt 0.41650900 0.29045300
vt 0.40656100 0.26548700
vt 0.43965400 0.28265500
vt 0.43246400 0.25675900
vt 0.46350700 0.27740400
vt 0.27443300 0.50000000
vt 0.24755700 0.50000000
vt 0.27575500 0.47561200
vt 0.24903700 0.47270600
vt 0.27970600 0.45151000
vt 0.25345900 0.44573200
vt 0.28624000 0.42797600
vt 0.26077200 0.41939500
vt 0.29528100 0.40528700
vt 0.27088900 0.39400200
vt 0.30672100 0.38370800
vt 0.28369300 0.36985200
vt 0.32042700 0.36349200
vt 0.29903200 0.34722800
vt 0.77801900 0.50000000
vt 0.75244300 0.50000000
vt 0.77638900 0.46994100
vt 0.75096300 0.47270600
vt 0.77151900 0.44023400
vt 0.74654100 0.44573200
vt 0.76346600 0.41122800
vt 0.73922800 0.41939500
vt 0.75232300 0.38326300
vt 0.72911100 0.39400200
vt 0.73822200 0.35666600
vt 0.71630700 0.36985200
vt 0.72132900 0.33175000
vt 0.70096800 0.34722800
vt 0.70184100 0.30880700
vt 0.65602100 0.26988700
vt 0.64166800 0.29105600
vt 0.63022600 0.25436700
vt 0.61824600 0.27696400
vt 0.60290500 0.24172700
vt 0.59343900 0.26548700
vt 0.57437800 0.23211500
vt 0.56753600 0.25675900
vt 0.54497800 0.22564400
vt 0.54084100 0.25088300
vt 0.51505200 0.22238900
vt 0.51366700 0.24792800
vt 0.48494800 0.22238900
vt 0.48633300 0.24792800
vt 0.45502200 0.22564400
vt 0.45915900 0.25088300
vt 0.42562200 0.23211500
vt 0.33657200 0.30759800
vt 0.32001400 0.28810500
vt 0.35833200 0.29105600
vt 0.34397900 0.26988700
vt 0.38175400 0.27696400
vt 0.36977400 0.25436700
vt 0.40656100 0.26548700
vt 0.39709500 0.24172700
vt 0.43246400 0.25675900
vt 0.24755700 0.50000000
vt 0.22198100 0.50000000
vt 0.24903700 0.47270600
vt 0.22361100 0.46994100
vt 0.25345900 0.44573200
vt 0.22848100 0.44023400
vt 0.26077200 0.41939500
vt 0.23653500 0.41122800
vt 0.27088900 0.39400200
vt 0.24767700 0.38326300
vt 0.28369300 0.36985200
vt 0.26177700 0.35666600
vt 0.29903200 0.34722800
vt 0.27867100 0.33175000
vt 0.80216400 0.50000000
vt 0.77801900 0.50000000
vt 0.80061400 0.46943100
vt 0.77638900 0.46994100
vt 0.79597900 0.43917500
vt 0.77151900 0.44023400
vt 0.78830700 0.40954300
vt 0.76346600 0.41122800
vt 0.77767600 0.38084000
vt 0.75232300 0.38326300
vt 0.76419600 0.35335900
vt 0.73822200 0.35666600
vt 0.74800500 0.32738300
vt 0.72132900 0.33175000
vt 0.72926900 0.30317900
vt 0.70184100 0.30880700
vt 0.71937000 0.29220200
vt 0.70818100 0.28099400
vt 0.69561700 0.26970200
vt 0.70818100 0.28099400
vt 0.67998600 0.28810500
vt 0.70184100 0.30880700
vt 0.68327200 0.32639500
vt 0.70096800 0.34722800
vt 0.67957300 0.36349200
vt 0.69327900 0.38370800
vt 0.67106700 0.40123500
vt 0.68249500 0.42440800
vt 0.65602100 0.26988700
vt 0.65983400 0.24357000
vt 0.68495600 0.26105600
vt 0.39709500 0.24172700
vt 0.42562200 0.23211500
vt 0.43246400 0.25675900
vt 0.45915900 0.25088300
vt 0.46350700 0.27740400
vt 0.48778800 0.27476300
vt 0.50000000 0.30246900
vt 0.51221200 0.27476300
vt 0.52578300 0.30415900
vt 0.53649300 0.27740400
vt 0.55112500 0.30920000
vt 0.56034600 0.28265500
vt 0.57559200 0.31750500
vt 0.58349100 0.29045300
vt 0.59876500 0.32893300
vt 0.60565800 0.30070900
vt 0.62024900 0.34328800
vt 0.62658500 0.31330000
vt 0.64602900 0.32808100
vt 0.64166800 0.29105600
vt 0.66342800 0.30759800
vt 0.65602100 0.26988700
vt 0.67998600 0.28810500
vt 0.68495600 0.26105600
vt 0.69561700 0.26970200
vt 0.65983400 0.24357000
vt 0.65602100 0.26988700
vt 0.63307100 0.22871600
vt 0.63022600 0.25436700
vt 0.60494300 0.21664500
vt 0.60290500 0.24172700
vt 0.57573800 0.20748200
vt 0.57437800 0.23211500
vt 0.54575600 0.20132000
vt 0.54497800 0.22564400
vt 0.51530400 0.19822400
vt 0.51505200 0.22238900
vt 0.48469600 0.19822400
vt 0.48494800 0.22238900
vt 0.45424400 0.20132000
vt 0.45502200 0.22564400
vt 0.42426200 0.20748200
vt 0.42562200 0.23211500
vt 0.39505700 0.21664500
vt 0.39709500 0.24172700
vt 0.36692900 0.22871600
vt 0.36977400 0.25436700
vt 0.34016600 0.24357000
vt 0.34397900 0.26988700
vt 0.31504400 0.26105600
vt 0.32001400 0.28810500
vt 0.30438300 0.26970200
vt 0.29816000 0.30880700
vt 0.28063000 0.29220200
vt 0.29181900 0.28099400
vt 0.37975100 0.34328800
vt 0.33623900 0.34487800
vt 0.35397100 0.32808100
vt 0.31672800 0.32639500
vt 0.33657200 0.30759800
vt 0.29816000 0.30880700
vt 0.32001400 0.28810500
vt 0.29181900 0.28099400
vt 0.30438300 0.26970200
vt 0.36032500 0.36032500
vt 0.32042700 0.36349200
vt 0.33623900 0.34487800
vt 0.29903200 0.34722800
vt 0.31672800 0.32639500
vt 0.27867100 0.33175000
vt 0.29816000 0.30880700
vt 0.27073100 0.30317900
vt 0.28063000 0.29220200
vt 0.22198100 0.50000000
vt 0.19783600 0.50000000
vt 0.22361100 0.46994100
vt 0.19938600 0.46943100
vt 0.22848100 0.44023400
vt 0.20402100 0.43917500
vt 0.23653500 0.41122800
vt 0.21169300 0.40954300
vt 0.24767700 0.38326300
vt 0.22232400 0.38084000
vt 0.26177700 0.35666600
vt 0.23580400 0.35335900
vt 0.27867100 0.33175000
vt 0.25199500 0.32738300
vt 0.27073100 0.30317900
vt 0.32042700 0.63650800
vt 0.33623900 0.65512300
vt 0.31672800 0.67360500
vt 0.62024900 0.65671200
vt 0.63967500 0.63967500
vt 0.66376100 0.65512300
vt 0.62024900 0.65671200
vt 0.64602900 0.67191900
vt 0.62658500 0.68670000
vt 0.27443300 0.50000000
vt 0.30246900 0.50000000
vt 0.27575500 0.52438800
vt 0.30415900 0.52578300
vt 0.27970600 0.54849000
vt 0.30920000 0.55112500
vt 0.28624000 0.57202400
vt 0.28624000 0.57202400
vt 0.30920000 0.55112500
vt 0.29528100 0.59471300
vt 0.31750500 0.57559200
vt 0.30672100 0.61629200
vt 0.36032500 0.63967500
vt 0.33623900 0.65512300
vt 0.34328800 0.62024900
vt 0.32042700 0.63650800
vt 0.32893300 0.59876500
vt 0.62024900 0.65671200
vt 0.62658500 0.68670000
vt 0.59876500 0.67106700
vt 0.60565800 0.69929200
vt 0.57559200 0.68249500
vt 0.58349100 0.70954700
vt 0.55112500 0.69080000
vt 0.56034600 0.71734500
vt 0.52578300 0.69584100
vt 0.53649300 0.72259600
vt 0.50000000 0.69753100
vt 0.69080000 0.55112500
vt 0.71375900 0.57202400
vt 0.68249500 0.57559200
vt 0.70471900 0.59471300
vt 0.67106700 0.59876500
vt 0.69327900 0.61629200
vt 0.65671200 0.62024900
vt 0.67957300 0.63650800
vt 0.63967500 0.63967500
vt 0.69753100 0.50000000
vt 0.72556700 0.50000000
vt 0.69584100 0.52578300
vt 0.72424500 0.52438800
vt 0.69080000 0.55112500
vt 0.72029400 0.54849000
vt 0.71375900 0.57202400
vt 0.24755700 0.50000000
vt 0.27443300 0.50000000
vt 0.24903700 0.52729400
vt 0.27575500 0.52438800
vt 0.25345900 0.55426800
vt 0.27970600 0.54849000
vt 0.26077200 0.58060500
vt 0.28624000 0.57202400
vt 0.27088900 0.60599800
vt 0.29528100 0.59471300
vt 0.28369300 0.63014800
vt 0.30672100 0.61629200
vt 0.29903200 0.65277200
vt 0.32001400 0.71189600
vt 0.31672800 0.67360500
vt 0.33657200 0.69240200
vt 0.33623900 0.65512300
vt 0.35397100 0.67191900
vt 0.36032500 0.63967500
vt 0.37975100 0.65671200
vt 0.35833200 0.70894400
vt 0.37341400 0.68670000
vt 0.38175400 0.72303600
vt 0.39434200 0.69929200
vt 0.40656100 0.73451400
vt 0.41650900 0.70954700
vt 0.43246400 0.74324100
vt 0.43965400 0.71734500
vt 0.45915900 0.74911700
vt 0.46350700 0.72259600
vt 0.48633300 0.75207300
vt 0.48778800 0.72523600
vt 0.51366700 0.75207300
vt 0.51221200 0.72523600
vt 0.54084100 0.74911700
vt 0.64602900 0.67191900
vt 0.66342800 0.69240200
vt 0.62658500 0.68670000
vt 0.64166800 0.70894400
vt 0.60565800 0.69929200
vt 0.61824600 0.72303600
vt 0.58349100 0.70954700
vt 0.59343900 0.73451400
vt 0.56034600 0.71734500
vt 0.56753600 0.74324100
vt 0.53649300 0.72259600
vt 0.72556700 0.50000000
vt 0.75244300 0.50000000
vt 0.72424500 0.52438800
vt 0.75096300 0.52729400
vt 0.72029400 0.54849000
vt 0.74654100 0.55426800
vt 0.71375900 0.57202400
vt 0.73922800 0.58060500
vt 0.70471900 0.59471300
vt 0.72911100 0.60599800
vt 0.69327900 0.61629200
vt 0.71630700 0.63014800
vt 0.67957300 0.63650800
vt 0.70096800 0.65277200
vt 0.22198100 0.50000000
vt 0.24755700 0.50000000
vt 0.22361100 0.53005900
vt 0.24903700 0.52729400
vt 0.22848100 0.55976600
vt 0.25345900 0.55426800
vt 0.23653500 0.58877200
vt 0.26077200 0.58060500
vt 0.24767700 0.61673700
vt 0.27088900 0.60599800
vt 0.26177700 0.64333400
vt 0.28369300 0.63014800
vt 0.27867100 0.66825000
vt 0.29903200 0.65277200
vt 0.29816000 0.69119400
vt 0.34397900 0.73011300
vt 0.35833200 0.70894400
vt 0.36977400 0.74563300
vt 0.38175400 0.72303600
vt 0.39709500 0.75827300
vt 0.40656100 0.73451400
vt 0.42562200 0.76788500
vt 0.43246400 0.74324100
vt 0.45502200 0.77435600
vt 0.45915900 0.74911700
vt 0.48494800 0.77761100
vt 0.48633300 0.75207300
vt 0.51505200 0.77761100
vt 0.51366700 0.75207300
vt 0.54497800 0.77435600
vt 0.54084100 0.74911700
vt 0.57437800 0.76788500
vt 0.66342800 0.69240200
vt 0.67998600 0.71189600
vt 0.64166800 0.70894400
vt 0.65602100 0.73011300
vt 0.61824600 0.72303600
vt 0.63022600 0.74563300
vt 0.59343900 0.73451400
vt 0.60290500 0.75827300
vt 0.56753600 0.74324100
vt 0.75244300 0.50000000
vt 0.77801900 0.50000000
vt 0.75096300 0.52729400
vt 0.77638900 0.53005900
vt 0.74654100 0.55426800
vt 0.77151900 0.55976600
vt 0.73922800 0.58060500
vt 0.76346600 0.58877200
vt 0.72911100 0.60599800
vt 0.75232300 0.61673700
vt 0.71630700 0.63014800
vt 0.73822200 0.64333400
vt 0.70096800 0.65277200
vt 0.72132900 0.66825000
vt 0.19783600 0.50000000
vt 0.22198100 0.50000000
vt 0.19938600 0.53056900
vt 0.22361100 0.53005900
vt 0.20402100 0.56082500
vt 0.22848100 0.55976600
vt 0.21169300 0.59045700
vt 0.23653500 0.58877200
vt 0.22232400 0.61916000
vt 0.24767700 0.61673700
vt 0.23580400 0.64664100
vt 0.26177700 0.64333400
vt 0.25199500 0.67261700
vt 0.27867100 0.66825000
vt 0.27073100 0.69682100
vt 0.29816000 0.69119400
vt 0.28063000 0.70779800
vt 0.29181900 0.71900600
vt 0.30438300 0.73029800
vt 0.29181900 0.71900600
vt 0.32001400 0.71189600
vt 0.29816000 0.69119400
vt 0.31672800 0.67360500
vt 0.29903200 0.65277200
vt 0.32042700 0.63650800
vt 0.30672100 0.61629200
vt 0.32893300 0.59876500
vt 0.31750500 0.57559200
vt 0.34397900 0.73011300
vt 0.34016600 0.75643000
vt 0.31504400 0.73894400
vt 0.60290500 0.75827300
vt 0.57437800 0.76788500
vt 0.56753600 0.74324100
vt 0.54084100 0.74911700
vt 0.53649300 0.72259600
vt 0.51221200 0.72523600
vt 0.50000000 0.69753100
vt 0.48778800 0.72523600
vt 0.47421700 0.69584100
vt 0.46350700 0.72259600
vt 0.44887500 0.69080000
vt 0.43965400 0.71734500
vt 0.42440800 0.68249500
vt 0.41650900 0.70954700
vt 0.40123500 0.67106700
vt 0.39434200 0.69929200
vt 0.37975100 0.65671200
vt 0.37341400 0.68670000
vt 0.35397100 0.67191900
vt 0.35833200 0.70894400
vt 0.33657200 0.69240200
vt 0.34397900 0.73011300
vt 0.32001400 0.71189600
vt 0.31504400 0.73894400
vt 0.30438300 0.73029800
vt 0.34016600 0.75643000
vt 0.34397900 0.73011300
vt 0.36692900 0.77128400
vt 0.36977400 0.74563300
vt 0.39505700 0.78335500
vt 0.39709500 0.75827300
vt 0.42426200 0.79251800
vt 0.42562200 0.76788500
vt 0.45424400 0.79868000
vt 0.45502200 0.77435600
vt 0.48469600 0.80177600
vt 0.48494800 0.77761100
vt 0.51530400 0.80177600
vt 0.51505200 0.77761100
vt 0.54575600 0.79868000
vt 0.54497800 0.77435600
vt 0.57573800 0.79251800
vt 0.57437800 0.76788500
vt 0.60494300 0.78335500
vt 0.60290500 0.75827300
vt 0.63307100 0.77128400
vt 0.63022600 0.74563300
vt 0.65983400 0.75643000
vt 0.65602100 0.73011300
vt 0.68495600 0.73894400
vt 0.67998600 0.71189600
vt 0.69561700 0.73029800
vt 0.70184100 0.69119400
vt 0.71937000 0.70779800
vt 0.70818100 0.71900600
vt 0.62024900 0.65671200
vt 0.66376100 0.65512300
vt 0.64602900 0.67191900
vt 0.68327200 0.67360500
vt 0.66342800 0.69240200
vt 0.70184100 0.69119400
vt 0.67998600 0.71189600
vt 0.70818100 0.71900600
vt 0.69561700 0.73029800
vt 0.63967500 0.63967500
vt 0.67957300 0.63650800
vt 0.66376100 0.65512300
vt 0.70096800 0.65277200
vt 0.68327200 0.67360500
vt 0.72132900 0.66825000
vt 0.70184100 0.69119400
vt 0.72926900 0.69682100
vt 0.71937000 0.70779800
vt 0.77801900 0.50000000
vt 0.80216400 0.50000000
vt 0.77638900 0.53005900
vt 0.80061400 0.53056900
vt 0.77151900 0.55976600
vt 0.79597900 0.56082500
vt 0.76346600 0.58877200
vt 0.78830700 0.59045700
vt 0.75232300 0.61673700
vt 0.77767600 0.61916000
vt 0.73822200 0.64333400
vt 0.76419600 0.64664100
vt 0.72132900 0.66825000
vt 0.74800500 0.67261700
vt 0.72926900 0.69682100
vt 0.47222200 0.26824600
vt 0.58333300 0.26824600
vt 0.47222200 0.50000000
vt 0.58333300 0.50000000
vt 0.52777800 0.50000000
vt 0.41666700 0.50000000
vt 0.52777800 0.26824600
vt 0.41666700 0.26824600
vt 0.16181000 0.46560900
vt 0.16006500 0.50000000
vt 0.05555600 0.50000000
vt 0.83993500 0.50000000
vt 0.83819100 0.46560900
vt 0.94444400 0.50000000
vt 0.83297600 0.43157200
vt 0.94444400 0.26824600
vt 0.73175400 0.05555600
vt 0.61806100 0.18122500
vt 0.58520500 0.17091700
vt 0.29192400 0.23118800
vt 0.26579600 0.25361800
vt 0.22896200 0.07182700
vt 0.22896200 0.07182700
vt 0.26579600 0.25361800
vt 0.07182700 0.22896200
vt 0.26824600 0.05555600
vt 0.44852400 0.16398500
vt 0.41479500 0.17091700
vt 0.83297600 0.43157200
vt 0.82434500 0.39823600
vt 0.94444400 0.26824600
vt 0.81238600 0.36594500
vt 0.94376100 0.25955500
vt 0.79722100 0.33502900
vt 0.77900600 0.30580600
vt 0.93838900 0.24302400
vt 0.79722100 0.33502900
vt 0.94172500 0.25107800
vt 0.94376100 0.25955500
vt 0.73420400 0.25361800
vt 0.77103800 0.07182700
vt 0.75792800 0.27857600
vt 0.92817300 0.22896200
vt 0.77900600 0.30580600
vt 0.93383400 0.23559100
vt 0.93838900 0.24302400
vt 0.73420400 0.25361800
vt 0.70807600 0.23118800
vt 0.77103800 0.07182700
vt 0.67981300 0.21151600
vt 0.76440900 0.06616600
vt 0.75697600 0.06161100
vt 0.58520500 0.17091700
vt 0.55147600 0.16398500
vt 0.73175400 0.05555600
vt 0.51721700 0.16050200
vt 0.26824600 0.05555600
vt 0.48278300 0.16050200
vt 0.44852400 0.16398500
vt 0.61806100 0.18122500
vt 0.73175400 0.05555600
vt 0.64970500 0.19480500
vt 0.74044500 0.05624000
vt 0.67981300 0.21151600
vt 0.74892200 0.05827500
vt 0.75697600 0.06161100
vt 0.29192400 0.23118800
vt 0.22896200 0.07182700
vt 0.32018700 0.21151600
vt 0.23559100 0.06616600
vt 0.24302400 0.06161100
vt 0.41479500 0.17091700
vt 0.38193900 0.18122500
vt 0.26824600 0.05555600
vt 0.35029500 0.19480500
vt 0.25955500 0.05624000
vt 0.32018700 0.21151600
vt 0.25107800 0.05827500
vt 0.24302400 0.06161100
vt 0.26579600 0.25361800
vt 0.24207200 0.27857600
vt 0.07182700 0.22896200
vt 0.22099400 0.30580600
vt 0.06616600 0.23559100
vt 0.20277900 0.33502900
vt 0.18761400 0.36594500
vt 0.05555600 0.26824600
vt 0.17565500 0.39823600
vt 0.05555600 0.50000000
vt 0.16702400 0.43157200
vt 0.16181000 0.46560900
vt 0.05555600 0.26824600
vt 0.05624000 0.25955500
vt 0.20277900 0.33502900
vt 0.05827500 0.25107800
vt 0.22099400 0.30580600
vt 0.06161100 0.24302400
vt 0.06616600 0.23559100
vt 0.26824600 0.00000000
vt 0.73175400 0.00000000
vt 0.52523800 0.33525500
vt 0.00000000 0.26824600
vt 0.00213500 0.24656900
vt 0.34097700 0.45010600
vt 0.35427600 0.41911600
vt 0.98127400 0.20651600
vt 0.99154200 0.22572600
vt 0.63679400 0.40478900
vt 0.99786500 0.24656900
vt 0.65316000 0.43427400
vt 1.00000000 0.26824600
vt 0.66325500 0.46645000
vt 1.00000000 0.50000000
vt 0.66666700 0.50000000
vt 0.18967900 0.03254400
vt 0.39798200 0.36820400
vt 0.03254400 0.18967900
vt 0.37354000 0.39143800
vt 0.01872600 0.20651600
vt 0.35427600 0.41911600
vt 0.00845800 0.22572600
vt 0.00213500 0.24656900
vt 0.00000000 0.26824600
vt 0.34097700 0.45010600
vt 0.00000000 0.50000000
vt 0.33418800 0.48313900
vt 0.33333300 0.50000000
vt 0.75343100 0.00213500
vt 0.58816100 0.35855900
vt 0.73175400 0.00000000
vt 0.55788400 0.34370800
vt 0.52523800 0.33525500
vt 0.75343100 0.00213500
vt 0.77427500 0.00845800
vt 0.58816100 0.35855900
vt 0.79348400 0.01872600
vt 0.61482800 0.37920100
vt 0.81032200 0.03254400
vt 0.63679400 0.40478900
vt 0.96745600 0.18967900
vt 0.98127400 0.20651600
vt 0.18967900 0.03254400
vt 0.20651600 0.01872600
vt 0.39798200 0.36820400
vt 0.22572600 0.00845800
vt 0.42660100 0.35036600
vt 0.24656900 0.00213500
vt 0.45822500 0.33865400
vt 0.26824600 0.00000000
vt 0.49155800 0.33354700
vt 0.52523800 0.33525500
vt 0.47222200 0.50000000
vt 0.58333300 0.50000000
vt 0.47222200 0.73175400
vt 0.58333300 0.73175400
vt 0.73175400 0.47222200
vt 0.73175400 0.58333300
vt 0.26824600 0.47222200
vt 0.26824600 0.58333300
vt 0.52777800 0.73175400
vt 0.41666700 0.73175400
vt 0.52777800 0.50000000
vt 0.41666700 0.50000000
vt 0.73175400 0.47222200
vt 0.73175400 0.58333300
vt 0.26824600 0.47222200
vt 0.26824600 0.58333300
vt 0.83819100 0.53439100
vt 0.83993500 0.50000000
vt 0.94444400 0.50000000
vt 0.70807600 0.76881200
vt 0.73420400 0.74638200
vt 0.77103800 0.92817300
vt 0.93383400 0.76440900
vt 0.92817300 0.77103800
vt 0.77900600 0.69419400
vt 0.16006500 0.50000000
vt 0.16181000 0.53439100
vt 0.05555600 0.50000000
vt 0.16702400 0.56842800
vt 0.05555600 0.73175400
vt 0.73175400 0.94444400
vt 0.55147600 0.83601500
vt 0.58520500 0.82908300
vt 0.26579600 0.74638200
vt 0.22896200 0.92817300
vt 0.24207200 0.72142400
vt 0.07182700 0.77103800
vt 0.22099400 0.69419400
vt 0.26824600 0.94444400
vt 0.38193900 0.81877500
vt 0.41479500 0.82908300
vt 0.77103800 0.92817300
vt 0.73420400 0.74638200
vt 0.92817300 0.77103800
vt 0.75792800 0.72142400
vt 0.77900600 0.69419400
vt 0.22099400 0.69419400
vt 0.07182700 0.77103800
vt 0.20277900 0.66497100
vt 0.06616600 0.76440900
vt 0.06161100 0.75697600
vt 0.41479500 0.82908300
vt 0.44852400 0.83601500
vt 0.26824600 0.94444400
vt 0.48278300 0.83949800
vt 0.73175400 0.94444400
vt 0.51721700 0.83949800
vt 0.55147600 0.83601500
vt 0.16702400 0.56842800
vt 0.17565500 0.60176400
vt 0.05555600 0.73175400
vt 0.18761400 0.63405500
vt 0.05624000 0.74044500
vt 0.20277900 0.66497100
vt 0.05827500 0.74892200
vt 0.06161100 0.75697600
vt 0.70807600 0.76881200
vt 0.77103800 0.92817300
vt 0.67981300 0.78848400
vt 0.76440900 0.93383400
vt 0.75697600 0.93838900
vt 0.58520500 0.82908300
vt 0.61806100 0.81877500
vt 0.73175400 0.94444400
vt 0.64970500 0.80519500
vt 0.74044500 0.94376100
vt 0.67981300 0.78848400
vt 0.74892200 0.94172500
vt 0.75697600 0.93838900
vt 0.94444400 0.73175400
vt 0.94376100 0.74044500
vt 0.79722100 0.66497100
vt 0.94172500 0.74892200
vt 0.77900600 0.69419400
vt 0.93838900 0.75697600
vt 0.93383400 0.76440900
vt 0.79722100 0.66497100
vt 0.81238600 0.63405500
vt 0.94444400 0.73175400
vt 0.82434500 0.60176400
vt 0.94444400 0.50000000
vt 0.83297600 0.56842800
vt 0.83819100 0.53439100
vt 0.38193900 0.81877500
vt 0.26824600 0.94444400
vt 0.35029500 0.80519500
vt 0.25955500 0.94376100
vt 0.32018700 0.78848400
vt 0.25107800 0.94172500
vt 0.24302400 0.93838900
vt 0.26579600 0.74638200
vt 0.29192400 0.76881200
vt 0.22896200 0.92817300
vt 0.32018700 0.78848400
vt 0.23559100 0.93383400
vt 0.24302400 0.93838900
vt 0.66325500 0.53355000
vt 0.66666700 0.50000000
vt 1.00000000 0.50000000
vt 0.73175400 1.00000000
vt 0.26824600 1.00000000
vt 0.49155800 0.66645300
vt 0.66325500 0.53355000
vt 1.00000000 0.50000000
vt 0.65316000 0.56572600
vt 1.00000000 0.73175400
vt 0.99786500 0.75343100
vt 0.01872600 0.79348400
vt 0.35427600 0.58088400
vt 0.37354000 0.60856200
vt 0.24656900 0.99786500
vt 0.22572600 0.99154200
vt 0.42660100 0.64963400
vt 0.20651600 0.98127400
vt 0.39798200 0.63179600
vt 0.18967900 0.96745600
vt 0.37354000 0.60856200
vt 0.03254400 0.81032200
vt 0.01872600 0.79348400
vt 0.24656900 0.99786500
vt 0.42660100 0.64963400
vt 0.26824600 1.00000000
vt 0.45822500 0.66134600
vt 0.49155800 0.66645300
vt 0.79348400 0.98127400
vt 0.58816100 0.64144100
vt 0.81032200 0.96745600
vt 0.61482800 0.62079900
vt 0.96745600 0.81032200
vt 0.63679400 0.59521100
vt 0.98127400 0.79348400
vt 0.65316000 0.56572600
vt 0.99154200 0.77427500
vt 0.99786500 0.75343100
vt 0.01872600 0.79348400
vt 0.00845800 0.77427500
vt 0.35427600 0.58088400
vt 0.00213500 0.75343100
vt 0.34097700 0.54989400
vt 0.00000000 0.73175400
vt 0.33418800 0.51686100
vt 0.00000000 0.50000000
vt 0.33333300 0.50000000
vt 0.49155800 0.66645300
vt 0.52523800 0.66474500
vt 0.73175400 1.00000000
vt 0.55788400 0.65629200
vt 0.75343100 0.99786500
vt 0.58816100 0.64144100
vt 0.77427500 0.99154200
vt 0.79348400 0.98127400
vt 0.58333300 0.50000000
vt 0.58333300 0.53355000
vt 0.55345900 0.52175400
vt 0.55345900 0.56572600
vt 0.55345900 0.56378000
vt 0.58333300 0.56572600
vt 0.55345900 0.54313600
vt 0.58333300 0.53355000
vt 0.55345900 0.53355000
vt 0.55345900 0.52175400
vt 0.55345900 0.56572600
vt 0.58333300 0.56572600
vt 0.55345900 0.58333300
vt 0.58333300 0.59521100
vt 0.55345900 0.59521100
vt 0.55345900 0.59521100
vt 0.58333300 0.59521100
vt 0.55345900 0.60146000
vt 0.61482800 0.58333300
vt 0.61785100 0.55345900
vt 0.58816100 0.58333300
vt 0.60146000 0.55345900
vt 0.61482800 0.58333300
vt 0.61482800 0.55345900
vt 0.61785100 0.55345900
vt 0.55788400 0.55345900
vt 0.56378000 0.55345900
vt 0.55788400 0.58333300
vt 0.58333300 0.55345900
vt 0.58816100 0.58333300
vt 0.58816100 0.55345900
vt 0.60146000 0.55345900
vt 0.55788400 0.55345900
vt 0.55788400 0.58333300
vt 0.54313600 0.55345900
vt 0.52523800 0.58333300
vt 0.52523800 0.55345900
vt 0.52523800 0.55345900
vt 0.52523800 0.58333300
vt 0.52175400 0.55345900
vt 0.49155800 0.58333300
vt 0.50000000 0.55345900
vt 0.45822500 0.58333300
vt 0.47824600 0.55345900
vt 0.49155800 0.58333300
vt 0.49155800 0.55345900
vt 0.50000000 0.55345900
vt 0.42660100 0.55345900
vt 0.43621900 0.55345900
vt 0.42660100 0.58333300
vt 0.45686300 0.55345900
vt 0.45822500 0.58333300
vt 0.45822500 0.55345900
vt 0.47824600 0.55345900
vt 0.42660100 0.55345900
vt 0.42660100 0.58333300
vt 0.41666700 0.55345900
vt 0.39798200 0.58333300
vt 0.39854000 0.55345900
vt 0.41666700 0.60856200
vt 0.38214900 0.55345900
vt 0.39798200 0.58333300
vt 0.39798200 0.55345900
vt 0.39854000 0.55345900
vt 0.44654100 0.58088400
vt 0.44654100 0.58333300
vt 0.41666700 0.58088400
vt 0.44654100 0.60146000
vt 0.41666700 0.60856200
vt 0.44654100 0.60856200
vt 0.38214900 0.55345900
vt 0.44654100 0.58088400
vt 0.41666700 0.58088400
vt 0.44654100 0.56378000
vt 0.41666700 0.54989400
vt 0.44654100 0.54989400
vt 0.44654100 0.54989400
vt 0.41666700 0.54989400
vt 0.44654100 0.54313600
vt 0.41666700 0.51686100
vt 0.44654100 0.52175400
vt 0.44654100 0.45010600
vt 0.44654100 0.45686300
vt 0.41666700 0.45010600
vt 0.44654100 0.47824600
vt 0.41666700 0.48313900
vt 0.44654100 0.48313900
vt 0.41666700 0.50000000
vt 0.44654100 0.50000000
vt 0.41666700 0.51686100
vt 0.44654100 0.51686100
vt 0.44654100 0.52175400
vt 0.44654100 0.45010600
vt 0.41666700 0.45010600
vt 0.44654100 0.43622000
vt 0.41666700 0.41911600
vt 0.44654100 0.41911600
vt 0.44654100 0.41911600
vt 0.41666700 0.41911600
vt 0.44654100 0.41666700
vt 0.41666700 0.39143800
vt 0.44654100 0.39854000
vt 0.60201800 0.58333300
vt 0.61785100 0.55345900
vt 0.41666700 0.39143800
vt 0.44654100 0.39143800
vt 0.44654100 0.39854000
vt 0.57339900 0.55345900
vt 0.58333300 0.55345900
vt 0.57339900 0.58333300
vt 0.60146000 0.55345900
vt 0.60201800 0.58333300
vt 0.60201800 0.55345900
vt 0.61785100 0.55345900
vt 0.57339900 0.55345900
vt 0.57339900 0.58333300
vt 0.56378000 0.55345900
vt 0.54177500 0.58333300
vt 0.54313600 0.55345900
vt 0.50844200 0.58333300
vt 0.52175400 0.55345900
vt 0.54177500 0.58333300
vt 0.54177500 0.55345900
vt 0.54313600 0.55345900
vt 0.47476200 0.55345900
vt 0.47824600 0.55345900
vt 0.47476200 0.58333300
vt 0.50000000 0.55345900
vt 0.50844200 0.58333300
vt 0.50844200 0.55345900
vt 0.52175400 0.55345900
vt 0.47476200 0.55345900
vt 0.47476200 0.58333300
vt 0.45686300 0.55345900
vt 0.44211600 0.58333300
vt 0.44211600 0.55345900
vt 0.44211600 0.55345900
vt 0.44211600 0.58333300
vt 0.43621900 0.55345900
vt 0.41183900 0.58333300
vt 0.41666700 0.55345900
vt 0.38517200 0.58333300
vt 0.39854000 0.55345900
vt 0.41183900 0.58333300
vt 0.41183900 0.55345900
vt 0.41666700 0.55345900
vt 0.55345900 0.40478900
vt 0.55345900 0.39854000
vt 0.58333300 0.40478900
vt 0.38214900 0.55345900
vt 0.38517200 0.58333300
vt 0.38517200 0.55345900
vt 0.39854000 0.55345900
vt 0.55345900 0.40478900
vt 0.58333300 0.40478900
vt 0.55345900 0.41666700
vt 0.58333300 0.43427400
vt 0.55345900 0.43427400
vt 0.55345900 0.43427400
vt 0.58333300 0.43427400
vt 0.55345900 0.43622000
vt 0.58333300 0.46645000
vt 0.55345900 0.45686300
vt 0.55345900 0.52175400
vt 0.55345900 0.50000000
vt 0.58333300 0.50000000
vt 0.55345900 0.47824600
vt 0.58333300 0.46645000
vt 0.55345900 0.46645000
vt 0.55345900 0.45686300
vt 0.18967900 0.47222200
vt 0.18967900 0.58333300
vt 0.03254400 0.47222200
vt 0.03254400 0.58333300
vt 0.96745600 0.47222200
vt 0.96745600 0.58333300
vt 0.81032200 0.47222200
vt 0.81032200 0.58333300
vt 0.18967900 0.47222200
vt 0.18967900 0.58333300
vt 0.03254400 0.47222200
vt 0.03254400 0.58333300
vt 0.96745600 0.47222200
vt 0.96745600 0.58333300
vt 0.81032200 0.47222200
vt 0.81032200 0.58333300
vt 0.30246900 0.50000000
vt 0.31282300 0.50000000
vt 0.31442400 0.52443200
vt 0.31282300 0.50000000
vt 0.51912800 0.50000000
vt 0.51912800 0.52330500
vt 0.51912800 0.50000000
vt 0.52959000 0.50000000
vt 0.52959000 0.52245800
vt 0.54122400 0.50000000
vt 0.55345900 0.50000000
vt 0.55345900 0.52175400
vt 0.52959000 0.50000000
vt 0.54122400 0.50000000
vt 0.54122400 0.52193200
vt 0.55345900 0.52175400
vt 0.54122400 0.54349000
vt 0.55345900 0.53355000
vt 0.55345900 0.53355000
vt 0.55345900 0.54313600
vt 0.54122400 0.54349000
vt 0.55345900 0.56378000
vt 0.54122400 0.56430300
vt 0.55345900 0.56572600
vt 0.54122400 0.58401500
vt 0.55345900 0.58333300
vt 0.54122400 0.60229100
vt 0.55345900 0.59521100
vt 0.55345900 0.59521100
vt 0.55345900 0.60146000
vt 0.54122400 0.60229100
vt 0.61785100 0.55345900
vt 0.61881600 0.54122400
vt 0.61482800 0.55345900
vt 0.60229100 0.54122400
vt 0.60146000 0.55345900
vt 0.58401500 0.54122400
vt 0.58816100 0.55345900
vt 0.58816100 0.55345900
vt 0.58333300 0.55345900
vt 0.58401500 0.54122400
vt 0.56378000 0.55345900
vt 0.56430300 0.54122400
vt 0.55788400 0.55345900
vt 0.54349000 0.54122400
vt 0.54313600 0.55345900
vt 0.52193200 0.54122400
vt 0.52523800 0.55345900
vt 0.52523800 0.55345900
vt 0.52175400 0.55345900
vt 0.52193200 0.54122400
vt 0.50000000 0.55345900
vt 0.50000000 0.54122400
vt 0.49155800 0.55345900
vt 0.47806800 0.54122400
vt 0.47824600 0.55345900
vt 0.45651100 0.54122400
vt 0.45822500 0.55345900
vt 0.45822500 0.55345900
vt 0.45686300 0.55345900
vt 0.45651100 0.54122400
vt 0.43621900 0.55345900
vt 0.43569700 0.54122400
vt 0.42660100 0.55345900
vt 0.41598500 0.54122400
vt 0.42660100 0.55345900
vt 0.41666700 0.55345900
vt 0.41598500 0.54122400
vt 0.39854000 0.55345900
vt 0.39770900 0.54122400
vt 0.39798200 0.55345900
vt 0.38118400 0.54122400
vt 0.38214900 0.55345900
vt 0.45877600 0.60229100
vt 0.44654100 0.60856200
vt 0.44654100 0.60856200
vt 0.44654100 0.60146000
vt 0.45877600 0.60229100
vt 0.44654100 0.58333300
vt 0.45877600 0.58401500
vt 0.44654100 0.58088400
vt 0.45877600 0.56430300
vt 0.44654100 0.56378000
vt 0.45877600 0.54349000
vt 0.44654100 0.54989400
vt 0.44654100 0.50000000
vt 0.45877600 0.50000000
vt 0.44654100 0.51686100
vt 0.45877600 0.52193200
vt 0.44654100 0.52175400
vt 0.45877600 0.54349000
vt 0.44654100 0.54313600
vt 0.44654100 0.54989400
vt 0.52959000 0.50000000
vt 0.54122400 0.52193200
vt 0.52959000 0.52245800
vt 0.54122400 0.54349000
vt 0.52959000 0.54453100
vt 0.54122400 0.56430300
vt 0.52959000 0.56584300
vt 0.54122400 0.58401500
vt 0.52959000 0.58602800
vt 0.54122400 0.60229100
vt 0.52959000 0.60474100
vt 0.61881600 0.54122400
vt 0.62166200 0.52959000
vt 0.60229100 0.54122400
vt 0.60474100 0.52959000
vt 0.58401500 0.54122400
vt 0.58602800 0.52959000
vt 0.56430300 0.54122400
vt 0.56584300 0.52959000
vt 0.54349000 0.54122400
vt 0.54453100 0.52959000
vt 0.52193200 0.54122400
vt 0.52245800 0.52959000
vt 0.50000000 0.54122400
vt 0.50000000 0.52959000
vt 0.47806800 0.54122400
vt 0.47754200 0.52959000
vt 0.45651100 0.54122400
vt 0.45546900 0.52959000
vt 0.43569700 0.54122400
vt 0.43415700 0.52959000
vt 0.41598500 0.54122400
vt 0.41397200 0.52959000
vt 0.39770900 0.54122400
vt 0.39525900 0.52959000
vt 0.38118400 0.54122400
vt 0.37833800 0.52959000
vt 0.45877600 0.60229100
vt 0.47041000 0.60474100
vt 0.45877600 0.58401500
vt 0.47041000 0.58602800
vt 0.45877600 0.56430300
vt 0.47041000 0.56584300
vt 0.45877600 0.54349000
vt 0.47041000 0.54453100
vt 0.45877600 0.52193200
vt 0.47041000 0.52245800
vt 0.45877600 0.50000000
vt 0.47041000 0.50000000
vt 0.51912800 0.50000000
vt 0.52959000 0.52245800
vt 0.51912800 0.52330500
vt 0.52959000 0.54453100
vt 0.51912800 0.54621100
vt 0.52959000 0.56584300
vt 0.51912800 0.56832600
vt 0.52959000 0.58602800
vt 0.51912800 0.58927200
vt 0.52959000 0.60474100
vt 0.51912800 0.60869100
vt 0.62166200 0.52959000
vt 0.37375000 0.62625000
vt 0.60474100 0.52959000
vt 0.60869100 0.51912800
vt 0.58602800 0.52959000
vt 0.58927200 0.51912800
vt 0.56584300 0.52959000
vt 0.56832600 0.51912800
vt 0.54453100 0.52959000
vt 0.54621100 0.51912800
vt 0.52245800 0.52959000
vt 0.52330500 0.51912800
vt 0.50000000 0.52959000
vt 0.50000000 0.51912800
vt 0.47754200 0.52959000
vt 0.47669500 0.51912800
vt 0.45546900 0.52959000
vt 0.45378900 0.51912800
vt 0.43415700 0.52959000
vt 0.43167400 0.51912800
vt 0.41397200 0.52959000
vt 0.41072800 0.51912800
vt 0.39525900 0.52959000
vt 0.39130900 0.51912800
vt 0.37833800 0.52959000
vt 0.62625000 0.62625000
vt 0.47041000 0.60474100
vt 0.48087200 0.60869100
vt 0.47041000 0.58602800
vt 0.48087200 0.58927200
vt 0.47041000 0.56584300
vt 0.48087200 0.56832600
vt 0.47041000 0.54453100
vt 0.48087200 0.54621100
vt 0.47041000 0.52245800
vt 0.48087200 0.52330500
vt 0.47041000 0.50000000
vt 0.48087200 0.50000000
vt 0.31282300 0.50000000
vt 0.51912800 0.52330500
vt 0.31442400 0.52443200
vt 0.51912800 0.54621100
vt 0.31920100 0.54844500
vt 0.51912800 0.56832600
vt 0.32707100 0.57163000
vt 0.51912800 0.58927200
vt 0.33790000 0.59358800
vt 0.51912800 0.60869100
vt 0.35150300 0.61394600
vt 0.37375000 0.62625000
vt 0.36764600 0.63235400
vt 0.60869100 0.51912800
vt 0.38605400 0.64849800
vt 0.58927200 0.51912800
vt 0.40641100 0.66210000
vt 0.56832600 0.51912800
vt 0.42837100 0.67292900
vt 0.54621100 0.51912800
vt 0.45155500 0.68079900
vt 0.52330500 0.51912800
vt 0.47556900 0.68557600
vt 0.50000000 0.51912800
vt 0.50000000 0.68717700
vt 0.47669500 0.51912800
vt 0.52443200 0.68557600
vt 0.45378900 0.51912800
vt 0.54844500 0.68079900
vt 0.43167400 0.51912800
vt 0.57163000 0.67292900
vt 0.41072800 0.51912800
vt 0.59358800 0.66210000
vt 0.39130900 0.51912800
vt 0.61394600 0.64849800
vt 0.62625000 0.62625000
vt 0.63235400 0.63235400
vt 0.48087200 0.60869100
vt 0.64849800 0.61394600
vt 0.48087200 0.58927200
vt 0.66210000 0.59358800
vt 0.48087200 0.56832600
vt 0.67292900 0.57163000
vt 0.48087200 0.54621100
vt 0.68079900 0.54844500
vt 0.48087200 0.52330500
vt 0.68557600 0.52443200
vt 0.48087200 0.50000000
vt 0.68717700 0.50000000
vt 0.30246900 0.50000000
vt 0.31442400 0.52443200
vt 0.30415900 0.52578300
vt 0.31920100 0.54844500
vt 0.30920000 0.55112500
vt 0.32707100 0.57163000
vt 0.31750500 0.57559200
vt 0.33790000 0.59358800
vt 0.32893300 0.59876500
vt 0.35150300 0.61394600
vt 0.34328800 0.62024900
vt 0.36764600 0.63235400
vt 0.36032500 0.63967500
vt 0.38605400 0.64849800
vt 0.37975100 0.65671200
vt 0.40641100 0.66210000
vt 0.40123500 0.67106700
vt 0.42837100 0.67292900
vt 0.42440800 0.68249500
vt 0.45155500 0.68079900
vt 0.44887500 0.69080000
vt 0.47556900 0.68557600
vt 0.47421700 0.69584100
vt 0.50000000 0.68717700
vt 0.50000000 0.69753100
vt 0.52443200 0.68557600
vt 0.52578300 0.69584100
vt 0.54844500 0.68079900
vt 0.55112500 0.69080000
vt 0.57163000 0.67292900
vt 0.57559200 0.68249500
vt 0.59358800 0.66210000
vt 0.59876500 0.67106700
vt 0.61394600 0.64849800
vt 0.62024900 0.65671200
vt 0.63235400 0.63235400
vt 0.63967500 0.63967500
vt 0.64849800 0.61394600
vt 0.65671200 0.62024900
vt 0.66210000 0.59358800
vt 0.67106700 0.59876500
vt 0.67292900 0.57163000
vt 0.68249500 0.57559200
vt 0.68079900 0.54844500
vt 0.69080000 0.55112500
vt 0.68557600 0.52443200
vt 0.69584100 0.52578300
vt 0.68717700 0.50000000
vt 0.69753100 0.50000000
vt 0.69753100 0.50000000
vt 0.68717700 0.50000000
vt 0.68557600 0.47556900
vt 0.68717700 0.50000000
vt 0.48087200 0.50000000
vt 0.48087200 0.47669500
vt 0.48087200 0.50000000
vt 0.47041000 0.50000000
vt 0.47041000 0.47754200
vt 0.60229100 0.54122400
vt 0.60146000 0.55345900
vt 0.58333300 0.55345900
vt 0.47041000 0.50000000
vt 0.45877600 0.50000000
vt 0.45877600 0.47806800
vt 0.44654100 0.50000000
vt 0.44654100 0.48313900
vt 0.44654100 0.48313900
vt 0.44654100 0.47824600
vt 0.45877600 0.47806800
vt 0.44654100 0.45686300
vt 0.45877600 0.45651100
vt 0.44654100 0.45010600
vt 0.45877600 0.43569700
vt 0.44654100 0.43622000
vt 0.45877600 0.41598500
vt 0.44654100 0.41911600
vt 0.44654100 0.41911600
vt 0.44654100 0.41666700
vt 0.45877600 0.41598500
vt 0.44654100 0.39854000
vt 0.45877600 0.39770900
vt 0.44654100 0.39143800
vt 0.61881600 0.54122400
vt 0.61785100 0.55345900
vt 0.60229100 0.54122400
vt 0.60201800 0.55345900
vt 0.60146000 0.55345900
vt 0.57339900 0.55345900
vt 0.56430300 0.54122400
vt 0.58333300 0.55345900
vt 0.58401500 0.54122400
vt 0.60229100 0.54122400
vt 0.57339900 0.55345900
vt 0.56378000 0.55345900
vt 0.56430300 0.54122400
vt 0.54313600 0.55345900
vt 0.54349000 0.54122400
vt 0.54177500 0.55345900
vt 0.52193200 0.54122400
vt 0.52175400 0.55345900
vt 0.50000000 0.54122400
vt 0.50844200 0.55345900
vt 0.50844200 0.55345900
vt 0.50000000 0.55345900
vt 0.50000000 0.54122400
vt 0.47824600 0.55345900
vt 0.47806800 0.54122400
vt 0.47476200 0.55345900
vt 0.45651100 0.54122400
vt 0.45686300 0.55345900
vt 0.43569700 0.54122400
vt 0.44211600 0.55345900
vt 0.44211600 0.55345900
vt 0.43621900 0.55345900
vt 0.43569700 0.54122400
vt 0.41666700 0.55345900
vt 0.41598500 0.54122400
vt 0.41183900 0.55345900
vt 0.39770900 0.54122400
vt 0.39854000 0.55345900
vt 0.38118400 0.54122400
vt 0.38517200 0.55345900
vt 0.38517200 0.55345900
vt 0.38214900 0.55345900
vt 0.38118400 0.54122400
vt 0.55345900 0.39854000
vt 0.54122400 0.39770900
vt 0.55345900 0.40478900
vt 0.54122400 0.41598500
vt 0.55345900 0.41666700
vt 0.54122400 0.43569700
vt 0.55345900 0.43427400
vt 0.55345900 0.43427400
vt 0.55345900 0.43622000
vt 0.54122400 0.43569700
vt 0.55345900 0.45686300
vt 0.54122400 0.45651100
vt 0.55345900 0.46645000
vt 0.54122400 0.47806800
vt 0.55345900 0.46645000
vt 0.55345900 0.47824600
vt 0.54122400 0.47806800
vt 0.55345900 0.50000000
vt 0.54122400 0.50000000
vt 0.47041000 0.50000000
vt 0.45877600 0.47806800
vt 0.47041000 0.47754200
vt 0.45877600 0.45651100
vt 0.47041000 0.45546900
vt 0.45877600 0.43569700
vt 0.47041000 0.43415700
vt 0.45877600 0.41598500
vt 0.47041000 0.41397200
vt 0.45877600 0.39770900
vt 0.47041000 0.39525900
vt 0.61881600 0.54122400
vt 0.62166200 0.52959000
vt 0.60229100 0.54122400
vt 0.60474100 0.52959000
vt 0.58401500 0.54122400
vt 0.58602800 0.52959000
vt 0.56430300 0.54122400
vt 0.56584300 0.52959000
vt 0.54349000 0.54122400
vt 0.54453100 0.52959000
vt 0.52193200 0.54122400
vt 0.52245800 0.52959000
vt 0.50000000 0.54122400
vt 0.50000000 0.52959000
vt 0.47806800 0.54122400
vt 0.47754200 0.52959000
vt 0.45651100 0.54122400
vt 0.45546900 0.52959000
vt 0.43569700 0.54122400
vt 0.43415700 0.52959000
vt 0.41598500 0.54122400
vt 0.41397200 0.52959000
vt 0.39770900 0.54122400
vt 0.39525900 0.52959000
vt 0.38118400 0.54122400
vt 0.37833800 0.52959000
vt 0.54122400 0.39770900
vt 0.52959000 0.39525900
vt 0.54122400 0.41598500
vt 0.52959000 0.41397200
vt 0.54122400 0.43569700
vt 0.52959000 0.43415700
vt 0.54122400 0.45651100
vt 0.52959000 0.45546900
vt 0.54122400 0.47806800
vt 0.52959000 0.47754200
vt 0.54122400 0.50000000
vt 0.52959000 0.50000000
vt 0.48087200 0.50000000
vt 0.47041000 0.47754200
vt 0.48087200 0.47669500
vt 0.47041000 0.45546900
vt 0.48087200 0.45378900
vt 0.47041000 0.43415700
vt 0.48087200 0.43167400
vt 0.47041000 0.41397200
vt 0.48087200 0.41072800
vt 0.47041000 0.39525900
vt 0.48087200 0.39130900
vt 0.62166200 0.52959000
vt 0.62625000 0.37375000
vt 0.60474100 0.52959000
vt 0.60869100 0.51912800
vt 0.58602800 0.52959000
vt 0.58927200 0.51912800
vt 0.56584300 0.52959000
vt 0.56832600 0.51912800
vt 0.54453100 0.52959000
vt 0.54621100 0.51912800
vt 0.52245800 0.52959000
vt 0.52330500 0.51912800
vt 0.50000000 0.52959000
vt 0.50000000 0.51912800
vt 0.47754200 0.52959000
vt 0.47669500 0.51912800
vt 0.45546900 0.52959000
vt 0.45378900 0.51912800
vt 0.43415700 0.52959000
vt 0.43167400 0.51912800
vt 0.41397200 0.52959000
vt 0.41072800 0.51912800
vt 0.39525900 0.52959000
vt 0.39130900 0.51912800
vt 0.37833800 0.52959000
vt 0.37375000 0.37375000
vt 0.52959000 0.39525900
vt 0.51912800 0.39130900
vt 0.52959000 0.41397200
vt 0.51912800 0.41072800
vt 0.52959000 0.43415700
vt 0.51912800 0.43167400
vt 0.52959000 0.45546900
vt 0.51912800 0.45378900
vt 0.52959000 0.47754200
vt 0.51912800 0.47669500
vt 0.52959000 0.50000000
vt 0.51912800 0.50000000
vt 0.68717700 0.50000000
vt 0.48087200 0.47669500
vt 0.68557600 0.47556900
vt 0.48087200 0.45378900
vt 0.68079900 0.45155500
vt 0.48087200 0.43167400
vt 0.67292900 0.42837100
vt 0.48087200 0.41072800
vt 0.66210000 0.40641100
vt 0.48087200 0.39130900
vt 0.64849800 0.38605400
vt 0.62625000 0.37375000
vt 0.63235400 0.36764600
vt 0.60869100 0.51912800
vt 0.61394600 0.35150300
vt 0.58927200 0.51912800
vt 0.59358800 0.33790000
vt 0.56832600 0.51912800
vt 0.57163000 0.32707100
vt 0.54621100 0.51912800
vt 0.54844500 0.31920100
vt 0.52330500 0.51912800
vt 0.52443200 0.31442400
vt 0.50000000 0.51912800
vt 0.50000000 0.31282300
vt 0.47669500 0.51912800
vt 0.47556900 0.31442400
vt 0.45378900 0.51912800
vt 0.45155500 0.31920100
vt 0.43167400 0.51912800
vt 0.42837100 0.32707100
vt 0.41072800 0.51912800
vt 0.40641100 0.33790000
vt 0.39130900 0.51912800
vt 0.38605400 0.35150300
vt 0.37375000 0.37375000
vt 0.36764600 0.36764600
vt 0.51912800 0.39130900
vt 0.35150300 0.38605400
vt 0.51912800 0.41072800
vt 0.33790000 0.40641100
vt 0.51912800 0.43167400
vt 0.32707100 0.42837100
vt 0.51912800 0.45378900
vt 0.31920100 0.45155500
vt 0.51912800 0.47669500
vt 0.31442400 0.47556900
vt 0.51912800 0.50000000
vt 0.31282300 0.50000000
vt 0.69753100 0.50000000
vt 0.68557600 0.47556900
vt 0.69584100 0.47421700
vt 0.68079900 0.45155500
vt 0.69080000 0.44887500
vt 0.67292900 0.42837100
vt 0.68249500 0.42440800
vt 0.66210000 0.40641100
vt 0.67106700 0.40123500
vt 0.64849800 0.38605400
vt 0.65671200 0.37975100
vt 0.63235400 0.36764600
vt 0.63967500 0.36032500
vt 0.61394600 0.35150300
vt 0.62024900 0.34328800
vt 0.59358800 0.33790000
vt 0.59876500 0.32893300
vt 0.57163000 0.32707100
vt 0.57559200 0.31750500
vt 0.54844500 0.31920100
vt 0.55112500 0.30920000
vt 0.52443200 0.31442400
vt 0.52578300 0.30415900
vt 0.50000000 0.31282300
vt 0.50000000 0.30246900
vt 0.47556900 0.31442400
vt 0.47421700 0.30415900
vt 0.45155500 0.31920100
vt 0.44887500 0.30920000
vt 0.42837100 0.32707100
vt 0.42440800 0.31750500
vt 0.40641100 0.33790000
vt 0.40123500 0.32893300
vt 0.38605400 0.35150300
vt 0.37975100 0.34328800
vt 0.36764600 0.36764600
vt 0.36032500 0.36032500
vt 0.35150300 0.38605400
vt 0.34328800 0.37975100
vt 0.33790000 0.40641100
vt 0.32893300 0.40123500
vt 0.32707100 0.42837100
vt 0.31750500 0.42440800
vt 0.31920100 0.45155500
vt 0.30920000 0.44887500
vt 0.31442400 0.47556900
vt 0.30415900 0.47421700
vt 0.31282300 0.50000000
vt 0.30246900 0.50000000
vt 0.16006500 0.50000000
vt 0.17376700 0.50000000
vt 0.17544100 0.53300500
vt 0.17376700 0.50000000
vt 0.18662200 0.50000000
vt 0.18822900 0.53170400
vt 0.30438300 0.73029800
vt 0.30817900 0.74781200
vt 0.29181900 0.71900600
vt 0.28409300 0.72713400
vt 0.28063000 0.70779800
vt 0.26222200 0.70412600
vt 0.27073100 0.69682100
vt 0.24279000 0.67902300
vt 0.25199500 0.67261700
vt 0.22599900 0.65208300
vt 0.23580400 0.64664100
vt 0.21201900 0.62358300
vt 0.22232400 0.61916000
vt 0.20099300 0.59381400
vt 0.21169300 0.59045700
vt 0.19303600 0.56308300
vt 0.20402100 0.56082500
vt 0.18822900 0.53170400
vt 0.19938600 0.53056900
vt 0.18662200 0.50000000
vt 0.19783600 0.50000000
vt 0.30438300 0.73029800
vt 0.31504400 0.73894400
vt 0.30817900 0.74781200
vt 0.34016600 0.75643000
vt 0.33423400 0.76594700
vt 0.36692900 0.77128400
vt 0.36199000 0.78135300
vt 0.39505700 0.78335500
vt 0.39116200 0.79387100
vt 0.42426200 0.79251800
vt 0.42145100 0.80337500
vt 0.45424400 0.79868000
vt 0.45254600 0.80976500
vt 0.48469600 0.80177600
vt 0.48412800 0.81297600
vt 0.51530400 0.80177600
vt 0.51587200 0.81297600
vt 0.54575600 0.79868000
vt 0.54745400 0.80976500
vt 0.57573800 0.79251800
vt 0.57854900 0.80337500
vt 0.60494300 0.78335500
vt 0.60883800 0.79387100
vt 0.63307100 0.77128400
vt 0.63801000 0.78135300
vt 0.65983400 0.75643000
vt 0.66576600 0.76594700
vt 0.68495600 0.73894400
vt 0.69182100 0.74781200
vt 0.69561700 0.73029800
vt 0.71590700 0.72713400
vt 0.70818100 0.71900600
vt 0.73777800 0.70412600
vt 0.71937000 0.70779800
vt 0.71937000 0.70779800
vt 0.72926900 0.69682100
vt 0.73777800 0.70412600
vt 0.74800500 0.67261700
vt 0.75720900 0.67902300
vt 0.76419600 0.64664100
vt 0.77400100 0.65208300
vt 0.77767600 0.61916000
vt 0.78798200 0.62358300
vt 0.78830700 0.59045700
vt 0.79900700 0.59381400
vt 0.79597900 0.56082500
vt 0.80696400 0.56308300
vt 0.80061400 0.53056900
vt 0.81177100 0.53170400
vt 0.80216400 0.50000000
vt 0.81337900 0.50000000
vt 0.17376700 0.50000000
vt 0.18822900 0.53170400
vt 0.17544100 0.53300500
vt 0.19303600 0.56308300
vt 0.18044500 0.56567000
vt 0.20099300 0.59381400
vt 0.18872800 0.59766200
vt 0.21201900 0.62358300
vt 0.20020500 0.62865200
vt 0.22599900 0.65208300
vt 0.21475900 0.65832200
vt 0.24279000 0.67902300
vt 0.23224000 0.68636700
vt 0.26222200 0.70412600
vt 0.25246800 0.71249900
vt 0.28409300 0.72713400
vt 0.27523600 0.73645200
vt 0.30817900 0.74781200
vt 0.30031100 0.75797700
vt 0.33423400 0.76594700
vt 0.32743400 0.77685600
vt 0.36199000 0.78135300
vt 0.35632900 0.79289400
vt 0.39116200 0.79387100
vt 0.38669800 0.80592600
vt 0.42145100 0.80337500
vt 0.41822900 0.81581900
vt 0.45254600 0.80976500
vt 0.45059900 0.82247100
vt 0.48412800 0.81297600
vt 0.48347600 0.82581500
vt 0.51587200 0.81297600
vt 0.51652300 0.82581500
vt 0.54745400 0.80976500
vt 0.54940100 0.82247100
vt 0.57854900 0.80337500
vt 0.58177100 0.81581900
vt 0.60883800 0.79387100
vt 0.61330300 0.80592600
vt 0.63801000 0.78135300
vt 0.64367100 0.79289400
vt 0.66576600 0.76594700
vt 0.67256600 0.77685600
vt 0.69182100 0.74781200
vt 0.69968900 0.75797700
vt 0.71590700 0.72713400
vt 0.72476400 0.73645200
vt 0.73777800 0.70412600
vt 0.74753200 0.71249900
vt 0.75720900 0.67902300
vt 0.76776000 0.68636700
vt 0.77400100 0.65208300
vt 0.78524100 0.65832200
vt 0.78798200 0.62358300
vt 0.79979500 0.62865200
vt 0.79900700 0.59381400
vt 0.81127200 0.59766200
vt 0.80696400 0.56308300
vt 0.81955500 0.56567000
vt 0.81177100 0.53170400
vt 0.82456000 0.53300500
vt 0.81337900 0.50000000
vt 0.82623300 0.50000000
vt 0.16006500 0.50000000
vt 0.17544100 0.53300500
vt 0.16181000 0.53439100
vt 0.18044500 0.56567000
vt 0.16702400 0.56842800
vt 0.18872800 0.59766200
vt 0.17565500 0.60176400
vt 0.20020500 0.62865200
vt 0.18761400 0.63405500
vt 0.21475900 0.65832200
vt 0.20277900 0.66497100
vt 0.23224000 0.68636700
vt 0.22099400 0.69419400
vt 0.25246800 0.71249900
vt 0.24207200 0.72142400
vt 0.27523600 0.73645200
vt 0.26579600 0.74638200
vt 0.30031100 0.75797700
vt 0.29192400 0.76881200
vt 0.32743400 0.77685600
vt 0.32018700 0.78848400
vt 0.35632900 0.79289400
vt 0.35029500 0.80519500
vt 0.38669800 0.80592600
vt 0.38193900 0.81877500
vt 0.41822900 0.81581900
vt 0.41479500 0.82908300
vt 0.45059900 0.82247100
vt 0.44852400 0.83601500
vt 0.48347600 0.82581500
vt 0.48278300 0.83949800
vt 0.51652300 0.82581500
vt 0.51721700 0.83949800
vt 0.54940100 0.82247100
vt 0.55147600 0.83601500
vt 0.58177100 0.81581900
vt 0.58520500 0.82908300
vt 0.61330300 0.80592600
vt 0.61806100 0.81877500
vt 0.64367100 0.79289400
vt 0.64970500 0.80519500
vt 0.67256600 0.77685600
vt 0.67981300 0.78848400
vt 0.69968900 0.75797700
vt 0.70807600 0.76881200
vt 0.72476400 0.73645200
vt 0.73420400 0.74638200
vt 0.74753200 0.71249900
vt 0.75792800 0.72142400
vt 0.76776000 0.68636700
vt 0.77900600 0.69419400
vt 0.78524100 0.65832200
vt 0.79722100 0.66497100
vt 0.79979500 0.62865200
vt 0.81238600 0.63405500
vt 0.81127200 0.59766200
vt 0.82434500 0.60176400
vt 0.81955500 0.56567000
vt 0.83297600 0.56842800
vt 0.82456000 0.53300500
vt 0.83819100 0.53439100
vt 0.82623300 0.50000000
vt 0.83993500 0.50000000
vt 0.83993500 0.50000000
vt 0.82623300 0.50000000
vt 0.82456000 0.46699600
vt 0.82623300 0.50000000
vt 0.81337900 0.50000000
vt 0.81177100 0.46829600
vt 0.69561700 0.26970200
vt 0.69182100 0.25218800
vt 0.70818100 0.28099400
vt 0.71590700 0.27286600
vt 0.71937000 0.29220200
vt 0.73777800 0.29587400
vt 0.72926900 0.30317900
vt 0.75720900 0.32097700
vt 0.74800500 0.32738300
vt 0.77400100 0.34791700
vt 0.76419600 0.35335900
vt 0.78798200 0.37641700
vt 0.77767600 0.38084000
vt 0.79900700 0.40618600
vt 0.78830700 0.40954300
vt 0.80696400 0.43691700
vt 0.79597900 0.43917500
vt 0.81177100 0.46829600
vt 0.80061400 0.46943100
vt 0.81337900 0.50000000
vt 0.80216400 0.50000000
vt 0.69561700 0.26970200
vt 0.68495600 0.26105600
vt 0.69182100 0.25218800
vt 0.65983400 0.24357000
vt 0.66576600 0.23405300
vt 0.63307100 0.22871600
vt 0.63801000 0.21864700
vt 0.60494300 0.21664500
vt 0.60883800 0.20612900
vt 0.57573800 0.20748200
vt 0.57854900 0.19662600
vt 0.54575600 0.20132000
vt 0.54745400 0.19023500
vt 0.51530400 0.19822400
vt 0.51587200 0.18702400
vt 0.48469600 0.19822400
vt 0.48412800 0.18702400
vt 0.45424400 0.20132000
vt 0.45254600 0.19023500
vt 0.42426200 0.20748200
vt 0.42145100 0.19662600
vt 0.39505700 0.21664500
vt 0.39116200 0.20612900
vt 0.36692900 0.22871600
vt 0.36199000 0.21864700
vt 0.34016600 0.24357000
vt 0.33423400 0.23405300
vt 0.31504400 0.26105600
vt 0.30817900 0.25218800
vt 0.30438300 0.26970200
vt 0.28409300 0.27286600
vt 0.29181900 0.28099400
vt 0.26222200 0.29587400
vt 0.28063000 0.29220200
vt 0.28063000 0.29220200
vt 0.27073100 0.30317900
vt 0.26222200 0.29587400
vt 0.25199500 0.32738300
vt 0.24279000 0.32097700
vt 0.23580400 0.35335900
vt 0.22599900 0.34791700
vt 0.22232400 0.38084000
vt 0.21201900 0.37641700
vt 0.21169300 0.40954300
vt 0.20099300 0.40618600
vt 0.20402100 0.43917500
vt 0.19303600 0.43691700
vt 0.19938600 0.46943100
vt 0.18822900 0.46829600
vt 0.19783600 0.50000000
vt 0.18662200 0.50000000
vt 0.82623300 0.50000000
vt 0.81177100 0.46829600
vt 0.82456000 0.46699600
vt 0.80696400 0.43691700
vt 0.81955500 0.43433000
vt 0.79900700 0.40618600
vt 0.81127200 0.40233800
vt 0.78798200 0.37641700
vt 0.79979500 0.37134800
vt 0.77400100 0.34791700
vt 0.78524100 0.34167800
vt 0.75720900 0.32097700
vt 0.76776000 0.31363300
vt 0.73777800 0.29587400
vt 0.74753200 0.28750100
vt 0.71590700 0.27286600
vt 0.72476400 0.26354800
vt 0.69182100 0.25218800
vt 0.69968900 0.24202300
vt 0.66576600 0.23405300
vt 0.67256600 0.22314400
vt 0.63801000 0.21864700
vt 0.64367100 0.20710600
vt 0.60883800 0.20612900
vt 0.61330300 0.19407400
vt 0.57854900 0.19662600
vt 0.58177100 0.18418100
vt 0.54745400 0.19023500
vt 0.54940100 0.17752900
vt 0.51587200 0.18702400
vt 0.51652300 0.17418500
vt 0.48412800 0.18702400
vt 0.48347600 0.17418500
vt 0.45254600 0.19023500
vt 0.45059900 0.17752900
vt 0.42145100 0.19662600
vt 0.41822900 0.18418100
vt 0.39116200 0.20612900
vt 0.38669800 0.19407400
vt 0.36199000 0.21864700
vt 0.35632900 0.20710600
vt 0.33423400 0.23405300
vt 0.32743400 0.22314400
vt 0.30817900 0.25218800
vt 0.30031100 0.24202300
vt 0.28409300 0.27286600
vt 0.27523600 0.26354800
vt 0.26222200 0.29587400
vt 0.25246800 0.28750100
vt 0.24279000 0.32097700
vt 0.23224000 0.31363300
vt 0.22599900 0.34791700
vt 0.21475900 0.34167800
vt 0.21201900 0.37641700
vt 0.20020500 0.37134800
vt 0.20099300 0.40618600
vt 0.18872800 0.40233800
vt 0.19303600 0.43691700
vt 0.18044500 0.43433000
vt 0.18822900 0.46829600
vt 0.17544100 0.46699600
vt 0.18662200 0.50000000
vt 0.17376700 0.50000000
vt 0.83993500 0.50000000
vt 0.82456000 0.46699600
vt 0.83819100 0.46560900
vt 0.81955500 0.43433000
vt 0.83297600 0.43157200
vt 0.81127200 0.40233800
vt 0.82434500 0.39823600
vt 0.79979500 0.37134800
vt 0.81238600 0.36594500
vt 0.78524100 0.34167800
vt 0.79722100 0.33502900
vt 0.76776000 0.31363300
vt 0.77900600 0.30580600
vt 0.74753200 0.28750100
vt 0.75792800 0.27857600
vt 0.72476400 0.26354800
vt 0.73420400 0.25361800
vt 0.69968900 0.24202300
vt 0.70807600 0.23118800
vt 0.67256600 0.22314400
vt 0.67981300 0.21151600
vt 0.64367100 0.20710600
vt 0.64970500 0.19480500
vt 0.61330300 0.19407400
vt 0.61806100 0.18122500
vt 0.58177100 0.18418100
vt 0.58520500 0.17091700
vt 0.54940100 0.17752900
vt 0.55147600 0.16398500
vt 0.51652300 0.17418500
vt 0.51721700 0.16050200
vt 0.48347600 0.17418500
vt 0.48278300 0.16050200
vt 0.45059900 0.17752900
vt 0.44852400 0.16398500
vt 0.41822900 0.18418100
vt 0.41479500 0.17091700
vt 0.38669800 0.19407400
vt 0.38193900 0.18122500
vt 0.35632900 0.20710600
vt 0.35029500 0.19480500
vt 0.32743400 0.22314400
vt 0.32018700 0.21151600
vt 0.30031100 0.24202300
vt 0.29192400 0.23118800
vt 0.27523600 0.26354800
vt 0.26579600 0.25361800
vt 0.25246800 0.28750100
vt 0.24207200 0.27857600
vt 0.23224000 0.31363300
vt 0.22099400 0.30580600
vt 0.21475900 0.34167800
vt 0.20277900 0.33502900
vt 0.20020500 0.37134800
vt 0.18761400 0.36594500
vt 0.18872800 0.40233800
vt 0.17565500 0.39823600
vt 0.18044500 0.43433000
vt 0.16702400 0.43157200
vt 0.17544100 0.46699600
vt 0.16181000 0.46560900
vt 0.17376700 0.50000000
vt 0.16006500 0.50000000
vt 0.52777800 0.79706400
vt 0.03254400 0.47222200
vt 0.41666700 0.79348400
vt 0.03254400 0.58333300
vt 0.52777800 0.79706400
vt 0.41666700 0.79348400
vt 0.52777800 0.78219700
vt 0.41666700 0.77427500
vt 0.52777800 0.77427500
vt 0.52777800 0.77427500
vt 0.41666700 0.77427500
vt 0.52777800 0.76608900
vt 0.41666700 0.75343100
vt 0.52777800 0.74913600
vt 0.41666700 0.73175400
vt 0.52777800 0.73175400
vt 0.26824600 0.47222200
vt 0.26824600 0.58333300
vt 0.24656900 0.58333300
vt 0.18967900 0.58333300
vt 0.18967900 0.47222200
vt 0.20293700 0.47222200
vt 0.18967900 0.58333300
vt 0.20293700 0.47222200
vt 0.20651600 0.58333300
vt 0.21780300 0.47222200
vt 0.22572600 0.58333300
vt 0.21780300 0.47222200
vt 0.22572600 0.47222200
vt 0.22572600 0.58333300
vt 0.23391100 0.47222200
vt 0.24656900 0.58333300
vt 0.25086400 0.47222200
vt 0.26824600 0.47222200
vt 0.79706400 0.47222200
vt 0.81032200 0.47222200
vt 0.79348400 0.58333300
vt 0.81032200 0.58333300
vt 0.79706400 0.47222200
vt 0.79348400 0.58333300
vt 0.78219700 0.47222200
vt 0.77427500 0.58333300
vt 0.77427500 0.47222200
vt 0.77427500 0.47222200
vt 0.77427500 0.58333300
vt 0.76608900 0.47222200
vt 0.75343100 0.58333300
vt 0.74913600 0.47222200
vt 0.73175400 0.58333300
vt 0.73175400 0.47222200
vt 0.47222200 0.73175400
vt 0.58333300 0.73175400
vt 0.58333300 0.75343100
vt 0.96745600 0.58333300
vt 0.96745600 0.47222200
vt 0.47222200 0.79706400
vt 0.96745600 0.58333300
vt 0.47222200 0.79706400
vt 0.58333300 0.79348400
vt 0.47222200 0.78219700
vt 0.58333300 0.77427500
vt 0.47222200 0.78219700
vt 0.47222200 0.77427500
vt 0.58333300 0.77427500
vt 0.47222200 0.76608900
vt 0.58333300 0.75343100
vt 0.47222200 0.74913600
vt 0.47222200 0.73175400
vt 0.47222200 0.20293700
vt 0.03254400 0.47222200
vt 0.58333300 0.20651600
vt 0.03254400 0.58333300
vt 0.47222200 0.20293700
vt 0.58333300 0.20651600
vt 0.47222200 0.21780200
vt 0.58333300 0.22572600
vt 0.47222200 0.22572600
vt 0.47222200 0.22572600
vt 0.58333300 0.22572600
vt 0.47222200 0.23391100
vt 0.58333300 0.24656900
vt 0.47222200 0.25086400
vt 0.58333300 0.26824600
vt 0.47222200 0.26824600
vt 0.26824600 0.47222200
vt 0.26824600 0.58333300
vt 0.24656900 0.58333300
vt 0.18967900 0.58333300
vt 0.18967900 0.47222200
vt 0.20293700 0.47222200
vt 0.18967900 0.58333300
vt 0.20293700 0.47222200
vt 0.20651600 0.58333300
vt 0.21780300 0.47222200
vt 0.22572600 0.58333300
vt 0.21780300 0.47222200
vt 0.22572600 0.47222200
vt 0.22572600 0.58333300
vt 0.23391100 0.47222200
vt 0.24656900 0.58333300
vt 0.25086400 0.47222200
vt 0.26824600 0.47222200
vt 0.52777800 0.26824600
vt 0.41666700 0.26824600
vt 0.41666700 0.24656900
vt 0.96745600 0.58333300
vt 0.96745600 0.47222200
vt 0.52777800 0.20293700
vt 0.96745600 0.58333300
vt 0.52777800 0.20293700
vt 0.41666700 0.20651600
vt 0.52777800 0.21780200
vt 0.41666700 0.22572600
vt 0.52777800 0.21780200
vt 0.52777800 0.22572600
vt 0.41666700 0.22572600
vt 0.52777800 0.23391100
vt 0.41666700 0.24656900
vt 0.52777800 0.25086400
vt 0.52777800 0.26824600
vt 0.79706400 0.47222200
vt 0.81032200 0.47222200
vt 0.79348400 0.58333300
vt 0.81032200 0.58333300
vt 0.79706400 0.47222200
vt 0.79348400 0.58333300
vt 0.78219700 0.47222200
vt 0.77427500 0.58333300
vt 0.77427500 0.47222200
vt 0.77427500 0.47222200
vt 0.77427500 0.58333300
vt 0.76608900 0.47222200
vt 0.75343100 0.58333300
vt 0.74913600 0.47222200
vt 0.73175400 0.58333300
vt 0.73175400 0.47222200
vt 0.95597100 0.74237900
vt 0.94376100 0.74044500
vt 0.94444400 0.73175400
vt 0.92817300 0.77103800
vt 0.93383400 0.76440900
vt 0.93691400 0.77977900
vt 0.94383500 0.77167500
vt 0.93834000 0.78120500
vt 0.95333500 0.77857700
vt 0.94444400 0.73175400
vt 0.95680700 0.73175400
vt 0.95597100 0.74237900
vt 0.95882300 0.73175400
vt 0.96756800 0.74421600
vt 0.96185700 0.78476900
vt 0.94781500 0.79068000
vt 0.95333500 0.77857700
vt 0.94521700 0.78808200
vt 0.93834000 0.78120500
vt 0.95882300 0.73175400
vt 0.96854900 0.73175400
vt 0.96756800 0.74421600
vt 0.97222200 0.73175400
vt 0.97797200 0.74586300
vt 0.43758400 0.78993900
vt 0.95595000 0.79881500
vt 0.96185700 0.78476900
vt 0.95266600 0.79553100
vt 0.94781500 0.79068000
vt 0.97222200 0.73175400
vt 0.97908300 0.73175400
vt 0.97797200 0.74586300
vt 0.98372800 0.73175400
vt 0.43758400 0.74724000
vt 0.44811800 0.79383000
vt 0.96219300 0.44444400
vt 0.43758400 0.78993900
vt 0.95888600 0.80175100
vt 0.95595000 0.79881500
vt 0.98372800 0.73175400
vt 0.43758400 0.73175400
vt 0.43758400 0.74724000
vt 0.44444400 0.73175400
vt 0.44811800 0.74827500
vt 0.45986000 0.79624500
vt 0.96611800 0.45784300
vt 0.44811800 0.79383000
vt 0.96356600 0.44811800
vt 0.96219300 0.44444400
vt 0.93383400 0.76440900
vt 0.93838900 0.75697600
vt 0.94383500 0.77167500
vt 0.94940400 0.76258800
vt 0.95333500 0.77857700
vt 0.95986700 0.76791900
vt 0.96185700 0.78476900
vt 0.96925200 0.77270100
vt 0.43758400 0.78993900
vt 0.43758400 0.77669500
vt 0.44811800 0.79383000
vt 0.44811800 0.77970000
vt 0.45986000 0.79624500
vt 0.45986000 0.78156500
vt 0.47222200 0.79706400
vt 0.94172500 0.74892200
vt 0.94376100 0.74044500
vt 0.95348300 0.75274200
vt 0.95597100 0.74237900
vt 0.96465000 0.75637000
vt 0.96756800 0.74421600
vt 0.97466800 0.75962500
vt 0.97797200 0.74586300
vt 0.43758400 0.76234400
vt 0.43758400 0.74724000
vt 0.44811800 0.76438900
vt 0.44811800 0.74827500
vt 0.45986000 0.76565900
vt 0.45986000 0.74891800
vt 0.45986000 0.73175400
vt 0.45986000 0.74891800
vt 0.45784300 0.73175400
vt 0.44811800 0.74827500
vt 0.44811800 0.73175400
vt 0.44444400 0.73175400
vt 0.47222200 0.79706400
vt 0.96745600 0.47222200
vt 0.45986000 0.79624500
vt 0.96647100 0.45986000
vt 0.96611800 0.45784300
vt 0.47222200 0.76608900
vt 0.47222200 0.77427500
vt 0.45986000 0.78156500
vt 0.47222200 0.78219700
vt 0.47222200 0.79706400
vt 0.93838900 0.75697600
vt 0.94172500 0.74892200
vt 0.94940400 0.76258800
vt 0.95348300 0.75274200
vt 0.95986700 0.76791900
vt 0.96465000 0.75637000
vt 0.96925200 0.77270100
vt 0.97466800 0.75962500
vt 0.43758400 0.77669500
vt 0.43758400 0.76234400
vt 0.44811800 0.77970000
vt 0.44811800 0.76438900
vt 0.45986000 0.78156500
vt 0.45986000 0.76565900
vt 0.47222200 0.76608900
vt 0.45986000 0.74891800
vt 0.47222200 0.74913600
vt 0.45986000 0.73175400
vt 0.47222200 0.73175400
vt 0.77103800 0.92817300
vt 0.92817300 0.77103800
vt 0.77977900 0.93691400
vt 0.93691400 0.77977900
vt 0.78120500 0.93834000
vt 0.93834000 0.78120500
vt 0.78808200 0.94521700
vt 0.94521700 0.78808200
vt 0.79068000 0.94781500
vt 0.94781500 0.79068000
vt 0.79553100 0.95266600
vt 0.95266600 0.79553100
vt 0.79881500 0.95595000
vt 0.95595000 0.79881500
vt 0.80175100 0.95888600
vt 0.95888600 0.80175100
vt 0.80505800 0.44444400
vt 0.96219300 0.44444400
vt 0.80643100 0.44811800
vt 0.96356600 0.44811800
vt 0.80898300 0.45784300
vt 0.96611800 0.45784300
vt 0.80933600 0.45986000
vt 0.96647100 0.45986000
vt 0.81032200 0.47222200
vt 0.96745600 0.47222200
vt 0.94444400 0.73175400
vt 0.94444400 0.50000000
vt 0.95680700 0.73175400
vt 0.95882300 0.50000000
vt 0.95882300 0.73175400
vt 0.95882300 0.73175400
vt 0.95882300 0.50000000
vt 0.96854900 0.73175400
vt 0.97222200 0.50000000
vt 0.97222200 0.73175400
vt 0.97222200 0.73175400
vt 0.97222200 0.50000000
vt 0.97908300 0.73175400
vt 0.98372800 0.50000000
vt 0.98372800 0.73175400
vt 0.98372800 0.73175400
vt 0.98372800 0.50000000
vt 0.43758400 0.73175400
vt 0.44444400 0.50000000
vt 0.44444400 0.73175400
vt 0.44444400 0.73175400
vt 0.44444400 0.50000000
vt 0.44811800 0.73175400
vt 0.45784300 0.50000000
vt 0.45784300 0.73175400
vt 0.45784300 0.73175400
vt 0.45784300 0.50000000
vt 0.45986000 0.73175400
vt 0.47222200 0.50000000
vt 0.47222200 0.73175400
vt 0.77167500 0.94383500
vt 0.76440900 0.93383400
vt 0.77103800 0.92817300
vt 0.73175400 0.94444400
vt 0.74044500 0.94376100
vt 0.73175400 0.95680700
vt 0.74237900 0.95597100
vt 0.73175400 0.95882300
vt 0.74421600 0.96756800
vt 0.77103800 0.92817300
vt 0.77977900 0.93691400
vt 0.77167500 0.94383500
vt 0.78120500 0.93834000
vt 0.77857700 0.95333500
vt 0.74586300 0.97797200
vt 0.73175400 0.97222200
vt 0.74421600 0.96756800
vt 0.73175400 0.96854900
vt 0.73175400 0.95882300
vt 0.78120500 0.93834000
vt 0.78808200 0.94521700
vt 0.77857700 0.95333500
vt 0.79068000 0.94781500
vt 0.78476900 0.96185700
vt 0.74724000 0.43758400
vt 0.73175400 0.98372800
vt 0.74586300 0.97797200
vt 0.73175400 0.97908300
vt 0.73175400 0.97222200
vt 0.79068000 0.94781500
vt 0.79553100 0.95266600
vt 0.78476900 0.96185700
vt 0.79881500 0.95595000
vt 0.78993900 0.43758400
vt 0.74827500 0.44811800
vt 0.73175400 0.44444400
vt 0.74724000 0.43758400
vt 0.73175400 0.43758400
vt 0.73175400 0.98372800
vt 0.74892200 0.94172500
vt 0.75697600 0.93838900
vt 0.75274200 0.95348300
vt 0.76258800 0.94940400
vt 0.75637000 0.96465000
vt 0.76791900 0.95986700
vt 0.75962500 0.97466800
vt 0.77270100 0.96925200
vt 0.76234400 0.43758400
vt 0.77669500 0.43758400
vt 0.76438900 0.44811800
vt 0.77970000 0.44811800
vt 0.76565900 0.45986000
vt 0.75697600 0.93838900
vt 0.76440900 0.93383400
vt 0.76258800 0.94940400
vt 0.77167500 0.94383500
vt 0.76791900 0.95986700
vt 0.77857700 0.95333500
vt 0.77270100 0.96925200
vt 0.78476900 0.96185700
vt 0.77669500 0.43758400
vt 0.78993900 0.43758400
vt 0.77970000 0.44811800
vt 0.79383000 0.44811800
vt 0.74891800 0.45986000
vt 0.73175400 0.45784300
vt 0.74827500 0.44811800
vt 0.73175400 0.44811800
vt 0.73175400 0.44444400
vt 0.79881500 0.95595000
vt 0.80175100 0.95888600
vt 0.78993900 0.43758400
vt 0.80505800 0.44444400
vt 0.79383000 0.44811800
vt 0.80643100 0.44811800
vt 0.80898300 0.45784300
vt 0.76565900 0.45986000
vt 0.77970000 0.44811800
vt 0.78156500 0.45986000
vt 0.79383000 0.44811800
vt 0.79624500 0.45986000
vt 0.80898300 0.45784300
vt 0.80933600 0.45986000
vt 0.74913600 0.47222200
vt 0.73175400 0.47222200
vt 0.74891800 0.45986000
vt 0.73175400 0.45986000
vt 0.73175400 0.45784300
vt 0.74044500 0.94376100
vt 0.74892200 0.94172500
vt 0.74237900 0.95597100
vt 0.75274200 0.95348300
vt 0.74421600 0.96756800
vt 0.75637000 0.96465000
vt 0.74586300 0.97797200
vt 0.75962500 0.97466800
vt 0.74724000 0.43758400
vt 0.76234400 0.43758400
vt 0.74827500 0.44811800
vt 0.76438900 0.44811800
vt 0.74891800 0.45986000
vt 0.76565900 0.45986000
vt 0.74913600 0.47222200
vt 0.76608900 0.47222200
vt 0.76608900 0.47222200
vt 0.76565900 0.45986000
vt 0.77427500 0.47222200
vt 0.78156500 0.45986000
vt 0.78219700 0.47222200
vt 0.79624500 0.45986000
vt 0.79706400 0.47222200
vt 0.80933600 0.45986000
vt 0.81032200 0.47222200
vt 0.94444400 0.26824600
vt 0.95680700 0.26824600
vt 0.94444400 0.50000000
vt 0.95882300 0.50000000
vt 0.95680700 0.26824600
vt 0.95882300 0.26824600
vt 0.95882300 0.50000000
vt 0.96854900 0.26824600
vt 0.97222200 0.50000000
vt 0.96854900 0.26824600
vt 0.97222200 0.26824600
vt 0.97222200 0.50000000
vt 0.97908300 0.26824600
vt 0.98372800 0.50000000
vt 0.97908300 0.26824600
vt 0.98372800 0.26824600
vt 0.98372800 0.50000000
vt 0.43758400 0.26824600
vt 0.44444400 0.50000000
vt 0.43758400 0.26824600
vt 0.44444400 0.26824600
vt 0.44444400 0.50000000
vt 0.44811800 0.26824600
vt 0.45784300 0.50000000
vt 0.47222200 0.26824600
vt 0.47222200 0.50000000
vt 0.45986000 0.26824600
vt 0.45784300 0.50000000
vt 0.45784300 0.26824600
vt 0.44811800 0.26824600
vt 0.26824600 0.94444400
vt 0.73175400 0.94444400
vt 0.26824600 0.95680700
vt 0.73175400 0.95680700
vt 0.26824600 0.95882300
vt 0.73175400 0.95882300
vt 0.26824600 0.96854900
vt 0.73175400 0.96854900
vt 0.26824600 0.97222200
vt 0.73175400 0.97222200
vt 0.26824600 0.97908300
vt 0.73175400 0.97908300
vt 0.26824600 0.98372800
vt 0.73175400 0.98372800
vt 0.26824600 0.43758400
vt 0.73175400 0.43758400
vt 0.26824600 0.44444400
vt 0.73175400 0.44444400
vt 0.26824600 0.44811800
vt 0.73175400 0.44811800
vt 0.26824600 0.45784300
vt 0.73175400 0.45784300
vt 0.26824600 0.45986000
vt 0.73175400 0.45986000
vt 0.26824600 0.47222200
vt 0.73175400 0.47222200
vt 0.94383500 0.22832500
vt 0.93383400 0.23559100
vt 0.92817300 0.22896200
vt 0.94444400 0.26824600
vt 0.94376100 0.25955500
vt 0.95680700 0.26824600
vt 0.95597100 0.25762100
vt 0.95882300 0.26824600
vt 0.96756800 0.25578400
vt 0.92817300 0.22896200
vt 0.93691400 0.22022100
vt 0.94383500 0.22832500
vt 0.93834000 0.21879500
vt 0.95333500 0.22142300
vt 0.97797200 0.25413700
vt 0.97222200 0.26824600
vt 0.96756800 0.25578400
vt 0.96854900 0.26824600
vt 0.95882300 0.26824600
vt 0.93834000 0.21879500
vt 0.94521700 0.21191800
vt 0.95333500 0.22142300
vt 0.94781500 0.20932000
vt 0.96185700 0.21523100
vt 0.43758400 0.25276000
vt 0.98372800 0.26824600
vt 0.97797200 0.25413700
vt 0.97908300 0.26824600
vt 0.97222200 0.26824600
vt 0.94781500 0.20932000
vt 0.95266600 0.20446900
vt 0.96185700 0.21523100
vt 0.95595000 0.20118400
vt 0.43758400 0.21006100
vt 0.44811800 0.25172500
vt 0.44444400 0.26824600
vt 0.43758400 0.25276000
vt 0.43758400 0.26824600
vt 0.98372800 0.26824600
vt 0.95595000 0.20118400
vt 0.95888600 0.19824900
vt 0.43758400 0.21006100
vt 0.03780700 0.44444400
vt 0.44811800 0.20617000
vt 0.45986000 0.25108200
vt 0.45784300 0.26824600
vt 0.44811800 0.25172500
vt 0.44811800 0.26824600
vt 0.44444400 0.26824600
vt 0.94376100 0.25955500
vt 0.94172500 0.25107800
vt 0.95597100 0.25762100
vt 0.95348300 0.24725800
vt 0.96756800 0.25578400
vt 0.96465000 0.24363000
vt 0.97797200 0.25413700
vt 0.97466800 0.24037500
vt 0.43758400 0.25276000
vt 0.43758400 0.23765600
vt 0.44811800 0.25172500
vt 0.44811800 0.23561100
vt 0.45986000 0.25108200
vt 0.45986000 0.23434100
vt 0.47222200 0.25086400
vt 0.93838900 0.24302400
vt 0.93383400 0.23559100
vt 0.94940400 0.23741200
vt 0.94383500 0.22832500
vt 0.95986700 0.23208100
vt 0.95333500 0.22142300
vt 0.96925200 0.22729900
vt 0.96185700 0.21523100
vt 0.43758400 0.22330500
vt 0.43758400 0.21006100
vt 0.44811800 0.22030000
vt 0.44811800 0.20617000
vt 0.45986000 0.21843500
vt 0.45986000 0.20375500
vt 0.03352900 0.45986000
vt 0.45986000 0.20375500
vt 0.03388200 0.45784300
vt 0.44811800 0.20617000
vt 0.03643400 0.44811800
vt 0.03780700 0.44444400
vt 0.47222200 0.25086400
vt 0.47222200 0.26824600
vt 0.45986000 0.25108200
vt 0.45986000 0.26824600
vt 0.45784300 0.26824600
vt 0.47222200 0.21780200
vt 0.47222200 0.22572600
vt 0.45986000 0.23434100
vt 0.47222200 0.23391100
vt 0.47222200 0.25086400
vt 0.94172500 0.25107800
vt 0.93838900 0.24302400
vt 0.95348300 0.24725800
vt 0.94940400 0.23741200
vt 0.96465000 0.24363000
vt 0.95986700 0.23208100
vt 0.97466800 0.24037500
vt 0.96925200 0.22729900
vt 0.43758400 0.23765600
vt 0.43758400 0.22330500
vt 0.44811800 0.23561100
vt 0.44811800 0.22030000
vt 0.45986000 0.23434100
vt 0.45986000 0.21843500
vt 0.47222200 0.21780200
vt 0.45986000 0.20375500
vt 0.47222200 0.20293700
vt 0.03352900 0.45986000
vt 0.03254400 0.47222200
vt 0.25762100 0.95597100
vt 0.25955500 0.94376100
vt 0.26824600 0.94444400
vt 0.22896200 0.92817300
vt 0.23559100 0.93383400
vt 0.22022100 0.93691400
vt 0.22832500 0.94383500
vt 0.21879500 0.93834000
vt 0.22142300 0.95333500
vt 0.26824600 0.94444400
vt 0.26824600 0.95680700
vt 0.25762100 0.95597100
vt 0.26824600 0.95882300
vt 0.25578400 0.96756800
vt 0.21523100 0.96185700
vt 0.20932000 0.94781500
vt 0.22142300 0.95333500
vt 0.21191800 0.94521700
vt 0.21879500 0.93834000
vt 0.26824600 0.95882300
vt 0.26824600 0.96854900
vt 0.25578400 0.96756800
vt 0.26824600 0.97222200
vt 0.25413700 0.97797200
vt 0.21006100 0.43758400
vt 0.20118400 0.95595000
vt 0.21523100 0.96185700
vt 0.20446900 0.95266600
vt 0.20932000 0.94781500
vt 0.26824600 0.97222200
vt 0.26824600 0.97908300
vt 0.25413700 0.97797200
vt 0.26824600 0.98372800
vt 0.25276000 0.43758400
vt 0.20617000 0.44811800
vt 0.19494200 0.44444400
vt 0.21006100 0.43758400
vt 0.19824900 0.95888600
vt 0.20118400 0.95595000
vt 0.24302400 0.93838900
vt 0.25107800 0.94172500
vt 0.23741200 0.94940400
vt 0.24725800 0.95348300
vt 0.23208100 0.95986700
vt 0.24363000 0.96465000
vt 0.22729900 0.96925200
vt 0.24037500 0.97466800
vt 0.22330500 0.43758400
vt 0.23765600 0.43758400
vt 0.22030000 0.44811800
vt 0.23561100 0.44811800
vt 0.21843500 0.45986000
vt 0.25107800 0.94172500
vt 0.25955500 0.94376100
vt 0.24725800 0.95348300
vt 0.25762100 0.95597100
vt 0.24363000 0.96465000
vt 0.25578400 0.96756800
vt 0.24037500 0.97466800
vt 0.25413700 0.97797200
vt 0.23765600 0.43758400
vt 0.25276000 0.43758400
vt 0.23561100 0.44811800
vt 0.25172500 0.44811800
vt 0.20375500 0.45986000
vt 0.19101700 0.45784300
vt 0.20617000 0.44811800
vt 0.19356900 0.44811800
vt 0.19494200 0.44444400
vt 0.26824600 0.98372800
vt 0.26824600 0.43758400
vt 0.25276000 0.43758400
vt 0.26824600 0.44444400
vt 0.25172500 0.44811800
vt 0.26824600 0.44811800
vt 0.26824600 0.45784300
vt 0.21843500 0.45986000
vt 0.23561100 0.44811800
vt 0.23434100 0.45986000
vt 0.25172500 0.44811800
vt 0.25108200 0.45986000
vt 0.26824600 0.45784300
vt 0.26824600 0.45986000
vt 0.20293700 0.47222200
vt 0.18967900 0.47222200
vt 0.20375500 0.45986000
vt 0.19066400 0.45986000
vt 0.19101700 0.45784300
vt 0.23559100 0.93383400
vt 0.24302400 0.93838900
vt 0.22832500 0.94383500
vt 0.23741200 0.94940400
vt 0.22142300 0.95333500
vt 0.23208100 0.95986700
vt 0.21523100 0.96185700
vt 0.22729900 0.96925200
vt 0.21006100 0.43758400
vt 0.22330500 0.43758400
vt 0.20617000 0.44811800
vt 0.22030000 0.44811800
vt 0.20375500 0.45986000
vt 0.21843500 0.45986000
vt 0.20293700 0.47222200
vt 0.21780300 0.47222200
vt 0.21780300 0.47222200
vt 0.21843500 0.45986000
vt 0.22572600 0.47222200
vt 0.23434100 0.45986000
vt 0.23391100 0.47222200
vt 0.25108200 0.45986000
vt 0.25086400 0.47222200
vt 0.26824600 0.45986000
vt 0.26824600 0.47222200
vt 0.92817300 0.22896200
vt 0.77103800 0.07182700
vt 0.93691400 0.22022100
vt 0.77977900 0.06308600
vt 0.93834000 0.21879500
vt 0.78120500 0.06166000
vt 0.94521700 0.21191800
vt 0.78808200 0.05478300
vt 0.94781500 0.20932000
vt 0.79068000 0.05218600
vt 0.95266600 0.20446900
vt 0.79553100 0.04733400
vt 0.95595000 0.20118400
vt 0.79881500 0.04405000
vt 0.95888600 0.19824900
vt 0.80175100 0.04111400
vt 0.03780700 0.44444400
vt 0.19494200 0.44444400
vt 0.03643400 0.44811800
vt 0.19356900 0.44811800
vt 0.03388200 0.45784300
vt 0.19101700 0.45784300
vt 0.03352900 0.45986000
vt 0.19066400 0.45986000
vt 0.03254400 0.47222200
vt 0.18967900 0.47222200
vt 0.07182700 0.77103800
vt 0.22896200 0.92817300
vt 0.06308600 0.77977900
vt 0.22022100 0.93691400
vt 0.06166000 0.78120500
vt 0.21879500 0.93834000
vt 0.05478300 0.78808200
vt 0.21191800 0.94521700
vt 0.05218600 0.79068000
vt 0.20932000 0.94781500
vt 0.04733400 0.79553100
vt 0.20446900 0.95266600
vt 0.04405000 0.79881500
vt 0.20118400 0.95595000
vt 0.04111400 0.80175100
vt 0.19824900 0.95888600
vt 0.03780700 0.44444400
vt 0.19494200 0.44444400
vt 0.03643400 0.44811800
vt 0.19356900 0.44811800
vt 0.03388200 0.45784300
vt 0.19101700 0.45784300
vt 0.03352900 0.45986000
vt 0.19066400 0.45986000
vt 0.03254400 0.47222200
vt 0.18967900 0.47222200
vt 0.74237900 0.04402900
vt 0.74044500 0.05624000
vt 0.73175400 0.05555600
vt 0.77103800 0.07182700
vt 0.76440900 0.06616600
vt 0.77977900 0.06308600
vt 0.77167500 0.05616400
vt 0.78120500 0.06166000
vt 0.77857700 0.04666500
vt 0.73175400 0.05555600
vt 0.73175400 0.04319300
vt 0.74237900 0.04402900
vt 0.73175400 0.04117700
vt 0.74421600 0.03243200
vt 0.78476900 0.03814300
vt 0.79068000 0.05218600
vt 0.77857700 0.04666500
vt 0.78808200 0.05478300
vt 0.78120500 0.06166000
vt 0.73175400 0.04117700
vt 0.73175400 0.03145100
vt 0.74421600 0.03243200
vt 0.73175400 0.02777800
vt 0.74586300 0.02202800
vt 0.21006100 0.43758400
vt 0.79881500 0.04405000
vt 0.78476900 0.03814300
vt 0.79553100 0.04733400
vt 0.79068000 0.05218600
vt 0.73175400 0.02777800
vt 0.73175400 0.02091700
vt 0.74586300 0.02202800
vt 0.73175400 0.01627200
vt 0.25276000 0.43758400
vt 0.20617000 0.44811800
vt 0.19494200 0.44444400
vt 0.21006100 0.43758400
vt 0.80175100 0.04111400
vt 0.79881500 0.04405000
vt 0.75697600 0.06161100
vt 0.74892200 0.05827500
vt 0.76258800 0.05059600
vt 0.75274200 0.04651700
vt 0.76791900 0.04013300
vt 0.75637000 0.03535000
vt 0.77270100 0.03074800
vt 0.75962500 0.02533200
vt 0.22330500 0.43758400
vt 0.23765600 0.43758400
vt 0.22030000 0.44811800
vt 0.23561100 0.44811800
vt 0.21843500 0.45986000
vt 0.74892200 0.05827500
vt 0.74044500 0.05624000
vt 0.75274200 0.04651700
vt 0.74237900 0.04402900
vt 0.75637000 0.03535000
vt 0.74421600 0.03243200
vt 0.75962500 0.02533200
vt 0.74586300 0.02202800
vt 0.23765600 0.43758400
vt 0.25276000 0.43758400
vt 0.23561100 0.44811800
vt 0.25172500 0.44811800
vt 0.20375500 0.45986000
vt 0.19101700 0.45784300
vt 0.20617000 0.44811800
vt 0.19356900 0.44811800
vt 0.19494200 0.44444400
vt 0.73175400 0.01627200
vt 0.26824600 0.43758400
vt 0.25276000 0.43758400
vt 0.26824600 0.44444400
vt 0.25172500 0.44811800
vt 0.26824600 0.44811800
vt 0.26824600 0.45784300
vt 0.21843500 0.45986000
vt 0.23561100 0.44811800
vt 0.23434100 0.45986000
vt 0.25172500 0.44811800
vt 0.25108200 0.45986000
vt 0.26824600 0.45784300
vt 0.26824600 0.45986000
vt 0.20293700 0.47222200
vt 0.18967900 0.47222200
vt 0.20375500 0.45986000
vt 0.19066400 0.45986000
vt 0.19101700 0.45784300
vt 0.76440900 0.06616600
vt 0.75697600 0.06161100
vt 0.77167500 0.05616400
vt 0.76258800 0.05059600
vt 0.77857700 0.04666500
vt 0.76791900 0.04013300
vt 0.78476900 0.03814300
vt 0.77270100 0.03074800
vt 0.21006100 0.43758400
vt 0.22330500 0.43758400
vt 0.20617000 0.44811800
vt 0.22030000 0.44811800
vt 0.20375500 0.45986000
vt 0.21843500 0.45986000
vt 0.20293700 0.47222200
vt 0.21780300 0.47222200
vt 0.21780300 0.47222200
vt 0.21843500 0.45986000
vt 0.22572600 0.47222200
vt 0.23434100 0.45986000
vt 0.23391100 0.47222200
vt 0.25108200 0.45986000
vt 0.25086400 0.47222200
vt 0.26824600 0.45986000
vt 0.26824600 0.47222200
vt 0.05616400 0.77167500
vt 0.06616600 0.76440900
vt 0.07182700 0.77103800
vt 0.05555600 0.73175400
vt 0.05624000 0.74044500
vt 0.04319300 0.73175400
vt 0.04403000 0.74237900
vt 0.04117700 0.73175400
vt 0.03243200 0.74421600
vt 0.07182700 0.77103800
vt 0.06308600 0.77977900
vt 0.05616400 0.77167500
vt 0.06166000 0.78120500
vt 0.04666500 0.77857700
vt 0.02202800 0.74586300
vt 0.02777800 0.73175400
vt 0.03243200 0.74421600
vt 0.03145100 0.73175400
vt 0.04117700 0.73175400
vt 0.06166000 0.78120500
vt 0.05478300 0.78808200
vt 0.04666500 0.77857700
vt 0.05218600 0.79068000
vt 0.03814300 0.78476900
vt 0.56241600 0.74724000
vt 0.01627200 0.73175400
vt 0.02202800 0.74586300
vt 0.02091700 0.73175400
vt 0.02777800 0.73175400
vt 0.05218600 0.79068000
vt 0.04733400 0.79553100
vt 0.03814300 0.78476900
vt 0.04405000 0.79881500
vt 0.56241600 0.78993900
vt 0.55188200 0.74827500
vt 0.55555600 0.73175400
vt 0.56241600 0.74724000
vt 0.56241600 0.73175400
vt 0.01627200 0.73175400
vt 0.05827500 0.74892200
vt 0.06161100 0.75697600
vt 0.04651700 0.75274200
vt 0.05059600 0.76258800
vt 0.03535000 0.75637000
vt 0.04013300 0.76791900
vt 0.02533200 0.75962500
vt 0.03074800 0.77270100
vt 0.56241600 0.76234400
vt 0.56241600 0.77669500
vt 0.55188200 0.76438900
vt 0.55188200 0.77970000
vt 0.54014000 0.76565900
vt 0.06161100 0.75697600
vt 0.06616600 0.76440900
vt 0.05059600 0.76258800
vt 0.05616400 0.77167500
vt 0.04013300 0.76791900
vt 0.04666500 0.77857700
vt 0.03074800 0.77270100
vt 0.03814300 0.78476900
vt 0.56241600 0.77669500
vt 0.56241600 0.78993900
vt 0.55188200 0.77970000
vt 0.55188200 0.79383000
vt 0.54014000 0.74891800
vt 0.54215700 0.73175400
vt 0.55188200 0.74827500
vt 0.55188200 0.73175400
vt 0.55555600 0.73175400
vt 0.04405000 0.79881500
vt 0.04111400 0.80175100
vt 0.56241600 0.78993900
vt 0.03780700 0.44444400
vt 0.55188200 0.79383000
vt 0.03643400 0.44811800
vt 0.03388200 0.45784300
vt 0.54014000 0.76565900
vt 0.55188200 0.77970000
vt 0.54014000 0.78156500
vt 0.55188200 0.79383000
vt 0.54014000 0.79624500
vt 0.03388200 0.45784300
vt 0.03352900 0.45986000
vt 0.52777800 0.74913600
vt 0.52777800 0.73175400
vt 0.54014000 0.74891800
vt 0.54014000 0.73175400
vt 0.54215700 0.73175400
vt 0.05624000 0.74044500
vt 0.05827500 0.74892200
vt 0.04403000 0.74237900
vt 0.04651700 0.75274200
vt 0.03243200 0.74421600
vt 0.03535000 0.75637000
vt 0.02202800 0.74586300
vt 0.02533200 0.75962500
vt 0.56241600 0.74724000
vt 0.56241600 0.76234400
vt 0.55188200 0.74827500
vt 0.55188200 0.76438900
vt 0.54014000 0.74891800
vt 0.54014000 0.76565900
vt 0.52777800 0.74913600
vt 0.52777800 0.76608900
vt 0.52777800 0.76608900
vt 0.54014000 0.76565900
vt 0.52777800 0.77427500
vt 0.54014000 0.78156500
vt 0.52777800 0.78219700
vt 0.54014000 0.79624500
vt 0.52777800 0.79706400
vt 0.03352900 0.45986000
vt 0.03254400 0.47222200
vt 0.73175400 0.05555600
vt 0.26824600 0.05555600
vt 0.73175400 0.04319300
vt 0.26824600 0.04319300
vt 0.73175400 0.04117700
vt 0.26824600 0.04117700
vt 0.73175400 0.03145100
vt 0.26824600 0.03145100
vt 0.73175400 0.02777800
vt 0.26824600 0.02777800
vt 0.73175400 0.02091700
vt 0.26824600 0.02091700
vt 0.73175400 0.01627200
vt 0.26824600 0.01627200
vt 0.26824600 0.43758400
vt 0.73175400 0.43758400
vt 0.26824600 0.44444400
vt 0.73175400 0.44444400
vt 0.26824600 0.44811800
vt 0.73175400 0.44811800
vt 0.26824600 0.45784300
vt 0.73175400 0.45784300
vt 0.26824600 0.45986000
vt 0.73175400 0.45986000
vt 0.26824600 0.47222200
vt 0.73175400 0.47222200
vt 0.05555600 0.73175400
vt 0.04319300 0.73175400
vt 0.05555600 0.50000000
vt 0.04117700 0.50000000
vt 0.04319300 0.73175400
vt 0.04117700 0.73175400
vt 0.04117700 0.50000000
vt 0.03145100 0.73175400
vt 0.02777800 0.50000000
vt 0.03145100 0.73175400
vt 0.02777800 0.73175400
vt 0.02777800 0.50000000
vt 0.02091700 0.73175400
vt 0.01627200 0.50000000
vt 0.02091700 0.73175400
vt 0.01627200 0.73175400
vt 0.01627200 0.50000000
vt 0.56241600 0.73175400
vt 0.55555600 0.50000000
vt 0.56241600 0.73175400
vt 0.55555600 0.73175400
vt 0.55555600 0.50000000
vt 0.55188200 0.73175400
vt 0.54215700 0.50000000
vt 0.52777800 0.73175400
vt 0.52777800 0.50000000
vt 0.54014000 0.73175400
vt 0.54215700 0.50000000
vt 0.54215700 0.73175400
vt 0.55188200 0.73175400
vt 0.22832500 0.05616400
vt 0.23559100 0.06616600
vt 0.22896200 0.07182700
vt 0.26824600 0.05555600
vt 0.25955500 0.05624000
vt 0.26824600 0.04319300
vt 0.25762100 0.04402900
vt 0.26824600 0.04117700
vt 0.25578400 0.03243200
vt 0.22896200 0.07182700
vt 0.22022100 0.06308600
vt 0.22832500 0.05616400
vt 0.21879500 0.06166000
vt 0.22142300 0.04666500
vt 0.25413700 0.02202800
vt 0.26824600 0.02777800
vt 0.25578400 0.03243200
vt 0.26824600 0.03145100
vt 0.26824600 0.04117700
vt 0.21879500 0.06166000
vt 0.21191800 0.05478300
vt 0.22142300 0.04666500
vt 0.20932000 0.05218600
vt 0.21523100 0.03814300
vt 0.74724000 0.43758400
vt 0.26824600 0.01627200
vt 0.25413700 0.02202800
vt 0.26824600 0.02091700
vt 0.26824600 0.02777800
vt 0.20932000 0.05218600
vt 0.20446900 0.04733400
vt 0.21523100 0.03814300
vt 0.20118400 0.04405000
vt 0.78993900 0.43758400
vt 0.74827500 0.44811800
vt 0.73175400 0.44444400
vt 0.74724000 0.43758400
vt 0.73175400 0.43758400
vt 0.26824600 0.01627200
vt 0.20118400 0.04405000
vt 0.19824900 0.04111400
vt 0.78993900 0.43758400
vt 0.80505800 0.44444400
vt 0.79383000 0.44811800
vt 0.74891800 0.45986000
vt 0.73175400 0.45784300
vt 0.74827500 0.44811800
vt 0.73175400 0.44811800
vt 0.73175400 0.44444400
vt 0.25955500 0.05624000
vt 0.25107800 0.05827500
vt 0.25762100 0.04402900
vt 0.24725800 0.04651700
vt 0.25578400 0.03243200
vt 0.24363000 0.03535000
vt 0.25413700 0.02202800
vt 0.24037500 0.02533200
vt 0.74724000 0.43758400
vt 0.76234400 0.43758400
vt 0.74827500 0.44811800
vt 0.76438900 0.44811800
vt 0.74891800 0.45986000
vt 0.76565900 0.45986000
vt 0.74913600 0.47222200
vt 0.24302400 0.06161100
vt 0.23559100 0.06616600
vt 0.23741200 0.05059600
vt 0.22832500 0.05616400
vt 0.23208100 0.04013300
vt 0.22142300 0.04666500
vt 0.22729900 0.03074800
vt 0.21523100 0.03814300
vt 0.77669500 0.43758400
vt 0.78993900 0.43758400
vt 0.77970000 0.44811800
vt 0.79383000 0.44811800
vt 0.78156500 0.45986000
vt 0.79624500 0.45986000
vt 0.80933600 0.45986000
vt 0.79624500 0.45986000
vt 0.80898300 0.45784300
vt 0.79383000 0.44811800
vt 0.80643100 0.44811800
vt 0.80505800 0.44444400
vt 0.74913600 0.47222200
vt 0.73175400 0.47222200
vt 0.74891800 0.45986000
vt 0.73175400 0.45986000
vt 0.73175400 0.45784300
vt 0.78219700 0.47222200
vt 0.77427500 0.47222200
vt 0.76565900 0.45986000
vt 0.76608900 0.47222200
vt 0.74913600 0.47222200
vt 0.25107800 0.05827500
vt 0.24302400 0.06161100
vt 0.24725800 0.04651700
vt 0.23741200 0.05059600
vt 0.24363000 0.03535000
vt 0.23208100 0.04013300
vt 0.24037500 0.02533200
vt 0.22729900 0.03074800
vt 0.76234400 0.43758400
vt 0.77669500 0.43758400
vt 0.76438900 0.44811800
vt 0.77970000 0.44811800
vt 0.76565900 0.45986000
vt 0.78156500 0.45986000
vt 0.78219700 0.47222200
vt 0.79624500 0.45986000
vt 0.79706400 0.47222200
vt 0.80933600 0.45986000
vt 0.81032200 0.47222200
vt 0.05555600 0.26824600
vt 0.05555600 0.50000000
vt 0.04319300 0.26824600
vt 0.04117700 0.50000000
vt 0.04117700 0.26824600
vt 0.04117700 0.26824600
vt 0.04117700 0.50000000
vt 0.03145100 0.26824600
vt 0.02777800 0.50000000
vt 0.02777800 0.26824600
vt 0.02777800 0.26824600
vt 0.02777800 0.50000000
vt 0.02091700 0.26824600
vt 0.01627200 0.50000000
vt 0.01627200 0.26824600
vt 0.01627200 0.26824600
vt 0.01627200 0.50000000
vt 0.56241600 0.26824600
vt 0.55555600 0.50000000
vt 0.55555600 0.26824600
vt 0.55555600 0.26824600
vt 0.55555600 0.50000000
vt 0.55188200 0.26824600
vt 0.54215700 0.50000000
vt 0.54215700 0.26824600
vt 0.54215700 0.26824600
vt 0.54215700 0.50000000
vt 0.54014000 0.26824600
vt 0.52777800 0.50000000
vt 0.52777800 0.26824600
vt 0.22896200 0.07182700
vt 0.07182700 0.22896200
vt 0.22022100 0.06308600
vt 0.06308600 0.22022100
vt 0.21879500 0.06166000
vt 0.06166000 0.21879500
vt 0.21191800 0.05478300
vt 0.05478300 0.21191800
vt 0.20932000 0.05218600
vt 0.05218600 0.20932000
vt 0.20446900 0.04733400
vt 0.04733400 0.20446900
vt 0.20118400 0.04405000
vt 0.04405000 0.20118400
vt 0.19824900 0.04111400
vt 0.04111400 0.19824900
vt 0.80505800 0.44444400
vt 0.96219300 0.44444400
vt 0.80643100 0.44811800
vt 0.96356600 0.44811800
vt 0.80898300 0.45784300
vt 0.96611800 0.45784300
vt 0.80933600 0.45986000
vt 0.96647100 0.45986000
vt 0.81032200 0.47222200
vt 0.96745600 0.47222200
vt 0.04403000 0.25762100
vt 0.05624000 0.25955500
vt 0.05555600 0.26824600
vt 0.07182700 0.22896200
vt 0.06616600 0.23559100
vt 0.06308600 0.22022100
vt 0.05616400 0.22832500
vt 0.06166000 0.21879500
vt 0.04666500 0.22142300
vt 0.05555600 0.26824600
vt 0.04319300 0.26824600
vt 0.04403000 0.25762100
vt 0.04117700 0.26824600
vt 0.03243200 0.25578400
vt 0.03814300 0.21523100
vt 0.05218600 0.20932000
vt 0.04666500 0.22142300
vt 0.05478300 0.21191800
vt 0.06166000 0.21879500
vt 0.04117700 0.26824600
vt 0.03145100 0.26824600
vt 0.03243200 0.25578400
vt 0.02777800 0.26824600
vt 0.02202800 0.25413700
vt 0.56241600 0.21006100
vt 0.04405000 0.20118400
vt 0.03814300 0.21523100
vt 0.04733400 0.20446900
vt 0.05218600 0.20932000
vt 0.02777800 0.26824600
vt 0.02091700 0.26824600
vt 0.02202800 0.25413700
vt 0.01627200 0.26824600
vt 0.56241600 0.25276000
vt 0.55188200 0.20617000
vt 0.96219300 0.44444400
vt 0.56241600 0.21006100
vt 0.04111400 0.19824900
vt 0.04405000 0.20118400
vt 0.06161100 0.24302400
vt 0.05827500 0.25107800
vt 0.05059600 0.23741200
vt 0.04651700 0.24725800
vt 0.04013300 0.23208100
vt 0.03535000 0.24363000
vt 0.03074800 0.22729900
vt 0.02533200 0.24037500
vt 0.56241600 0.22330500
vt 0.56241600 0.23765600
vt 0.55188200 0.22030000
vt 0.55188200 0.23561100
vt 0.54014000 0.21843500
vt 0.05827500 0.25107800
vt 0.05624000 0.25955500
vt 0.04651700 0.24725800
vt 0.04403000 0.25762100
vt 0.03535000 0.24363000
vt 0.03243200 0.25578400
vt 0.02533200 0.24037500
vt 0.02202800 0.25413700
vt 0.56241600 0.23765600
vt 0.56241600 0.25276000
vt 0.55188200 0.23561100
vt 0.55188200 0.25172500
vt 0.54014000 0.20375500
vt 0.96611800 0.45784300
vt 0.55188200 0.20617000
vt 0.96356600 0.44811800
vt 0.96219300 0.44444400
vt 0.01627200 0.26824600
vt 0.56241600 0.26824600
vt 0.56241600 0.25276000
vt 0.55555600 0.26824600
vt 0.55188200 0.25172500
vt 0.55188200 0.26824600
vt 0.54215700 0.26824600
vt 0.54014000 0.21843500
vt 0.55188200 0.23561100
vt 0.54014000 0.23434100
vt 0.55188200 0.25172500
vt 0.54014000 0.25108200
vt 0.54215700 0.26824600
vt 0.54014000 0.26824600
vt 0.52777800 0.20293700
vt 0.96745600 0.47222200
vt 0.54014000 0.20375500
vt 0.96647100 0.45986000
vt 0.96611800 0.45784300
vt 0.06616600 0.23559100
vt 0.06161100 0.24302400
vt 0.05616400 0.22832500
vt 0.05059600 0.23741200
vt 0.04666500 0.22142300
vt 0.04013300 0.23208100
vt 0.03814300 0.21523100
vt 0.03074800 0.22729900
vt 0.56241600 0.21006100
vt 0.56241600 0.22330500
vt 0.55188200 0.20617000
vt 0.55188200 0.22030000
vt 0.54014000 0.20375500
vt 0.54014000 0.21843500
vt 0.52777800 0.20293700
vt 0.52777800 0.21780200
vt 0.52777800 0.21780200
vt 0.54014000 0.21843500
vt 0.52777800 0.22572600
vt 0.54014000 0.23434100
vt 0.52777800 0.23391100
vt 0.54014000 0.25108200
vt 0.52777800 0.25086400
vt 0.54014000 0.26824600
vt 0.52777800 0.26824600
f 1/1/1 2/2/2 3/3/3
f 4/4/4 5/5/5 6/6/6
f 7/7/7 8/8/8 9/9/9
f 10/10/10 11/11/11 12/12/12
f 11/11/11 13/13/13 12/12/12
f 12/12/12 13/13/13 14/14/14
f 13/13/13 15/15/15 14/14/14
f 14/14/14 15/15/15 16/16/16
f 17/17/17 18/18/18 19/19/19
f 18/18/18 20/20/20 19/19/19
f 19/19/19 20/20/20 21/21/21
f 22/22/22 23/23/23 24/24/24
f 23/23/23 25/25/25 24/24/24
f 24/24/24 25/25/25 26/26/26
f 27/27/27 28/28/28 29/29/29
f 28/28/28 30/30/30 29/29/29
f 29/29/29 30/30/30 31/31/31
f 30/30/30 32/32/32 31/31/31
f 31/31/31 32/32/32 33/33/33
f 32/32/32 34/34/34 33/33/33
f 33/33/33 34/34/34 35/35/35
f 34/34/34 36/36/36 35/35/35
f 35/35/35 36/36/36 37/37/37
f 38/38/38 39/39/39 40/40/40
f 39/39/39 41/41/41 40/40/40
f 40/40/40 41/41/41 42/42/42
f 41/41/41 43/43/43 42/42/42
f 42/42/42 43/43/43 44/44/44
f 43/43/43 45/45/45 44/44/44
f 44/44/44 45/45/45 46/46/46
f 47/47/47 48/48/48 49/49/49
f 48/48/48 50/50/50 49/49/49
f 49/49/49 50/50/50 51/51/51
f 50/50/50 52/52/52 51/51/51
f 51/51/51 52/52/52 53/53/53
f 54/54/54 55/55/55 56/56/56
f 55/55/55 57/57/57 56/56/56
f 56/56/56 57/57/57 58/58/58
f 57/57/57 59/59/59 58/58/58
f 58/58/58 59/59/59 60/60/60
f 59/59/59 61/61/61 60/60/60
f 60/60/60 61/61/61 62/62/62
f 61/61/61 63/63/63 62/62/62
f 62/62/62 63/63/63 64/64/64
f 63/63/63 65/65/65 64/64/64
f 64/64/64 65/65/65 66/66/66
f 67/67/67 68/68/68 69/69/69
f 68/68/68 70/70/70 69/69/69
f 69/69/69 70/70/70 71/71/71
f 70/70/70 72/72/72 71/71/71
f 71/71/71 72/72/72 73/73/73
f 74/74/74 75/75/75 76/76/76
f 75/75/75 77/77/77 76/76/76
f 76/76/76 77/77/77 78/78/78
f 77/77/77 79/79/79 78/78/78
f 78/78/78 79/79/79 80/80/80
f 79/79/79 81/81/81 80/80/80
f 80/80/80 81/81/81 82/82/82
f 81/81/81 83/83/83 82/82/82
f 82/82/82 83/83/83 84/84/84
f 83/83/83 85/85/85 84/84/84
f 84/84/84 85/85/85 86/86/86
f 85/85/85 87/87/87 86/86/86
f 86/86/86 87/87/87 88/88/88
f 89/89/89 90/90/90 91/91/91
f 90/90/90 92/92/92 91/91/91
f 91/91/91 92/92/92 93/93/93
f 92/92/92 94/94/94 93/93/93
f 93/93/93 94/94/94 95/95/95
f 94/94/94 96/96/96 95/95/95
f 95/95/95 96/96/96 97/97/97
f 96/96/96 98/98/98 97/97/97
f 97/97/97 98/98/98 99/99/99
f 100/100/100 101/101/101 102/102/102
f 101/101/101 103/103/103 102/102/102
f 102/102/102 103/103/103 104/104/104
f 103/103/103 105/105/105 104/104/104
f 104/104/104 105/105/105 106/106/106
f 105/105/105 107/107/107 106/106/106
f 106/106/106 107/107/107 108/108/108
f 107/107/107 109/109/109 108/108/108
f 108/108/108 109/109/109 110/110/110
f 109/109/109 111/111/111 110/110/110
f 110/110/110 111/111/111 112/112/112
f 111/111/111 113/113/113 112/112/112
f 114/114/114 115/115/115 116/116/116
f 115/115/115 117/117/117 116/116/116
f 116/116/116 117/117/117 118/118/118
f 117/117/117 119/119/119 118/118/118
f 118/118/118 119/119/119 120/120/120
f 119/119/119 121/121/121 120/120/120
f 120/120/120 121/121/121 122/122/122
f 121/121/121 123/123/123 122/122/122
f 122/122/122 123/123/123 124/124/124
f 123/123/123 125/125/125 124/124/124
f 124/124/124 125/125/125 126/126/126
f 125/125/125 127/127/127 126/126/126
f 126/126/126 127/127/127 128/128/128
f 129/129/129 130/130/130 131/131/131
f 130/130/130 132/132/132 131/131/131
f 131/131/131 132/132/132 133/133/133
f 132/132/132 134/134/134 133/133/133
f 133/133/133 134/134/134 135/135/135
f 134/134/134 136/136/136 135/135/135
f 135/135/135 136/136/136 137/137/137
f 136/136/136 138/138/138 137/137/137
f 137/137/137 138/138/138 139/139/139
f 138/138/138 140/140/140 139/139/139
f 139/139/139 140/140/140 141/141/141
f 140/140/140 142/142/142 141/141/141
f 141/141/141 142/142/142 143/143/143
f 142/142/142 144/144/144 143/143/143
f 143/143/143 144/144/144 145/145/145
f 146/146/146 147/147/147 148/148/148
f 147/147/147 149/149/149 148/148/148
f 148/148/148 149/149/149 150/150/150
f 149/149/149 151/151/151 150/150/150
f 150/150/150 151/151/151 152/152/152
f 151/151/151 153/153/153 152/152/152
f 152/152/152 153/153/153 154/154/154
f 155/155/155 156/156/156 157/157/157
f 156/156/156 158/158/158 157/157/157
f 157/157/157 158/158/158 159/159/159
f 158/158/158 160/160/160 159/159/159
f 159/159/159 160/160/160 161/161/161
f 160/160/160 162/162/162 161/161/161
f 161/161/161 162/162/162 163/163/163
f 162/162/162 164/164/164 163/163/163
f 163/163/163 164/164/164 165/165/165
f 164/164/164 166/166/166 165/165/165
f 165/165/165 166/166/166 167/167/167
f 166/166/166 168/168/168 167/167/167
f 169/169/169 170/170/170 171/171/171
f 170/170/170 172/172/172 171/171/171
f 171/171/171 172/172/172 173/173/173
f 172/172/172 174/174/174 173/173/173
f 173/173/173 174/174/174 175/175/175
f 174/174/174 176/176/176 175/175/175
f 175/175/175 176/176/176 177/177/177
f 176/176/176 178/178/178 177/177/177
f 177/177/177 178/178/178 179/179/179
f 178/178/178 180/180/180 179/179/179
f 179/179/179 180/180/180 181/181/181
f 180/180/180 182/182/182 181/181/181
f 181/181/181 182/182/182 183/183/183
f 182/182/182 184/184/184 183/183/183
f 183/183/183 184/184/184 185/185/185
f 184/184/184 186/186/186 185/185/185
f 187/187/187 188/188/188 189/189/189
f 188/188/188 190/190/190 189/189/189
f 189/189/189 190/190/190 191/191/191
f 190/190/190 192/192/192 191/191/191
f 191/191/191 192/192/192 193/193/193
f 192/192/192 194/194/194 193/193/193
f 193/193/193 194/194/194 195/195/195
f 194/194/194 196/196/196 195/195/195
f 197/197/197 198/198/198 199/199/199
f 200/200/200 201/201/201 202/202/202
f 201/201/201 203/203/203 202/202/202
f 202/202/202 203/203/203 204/204/204
f 203/203/203 205/205/205 204/204/204
f 204/204/204 205/205/205 206/206/206
f 205/205/205 207/207/207 206/206/206
f 206/206/206 207/207/207 208/208/208
f 207/207/207 209/209/209 208/208/208
f 208/208/208 209/209/209 210/210/210
f 209/209/209 211/211/211 210/210/210
f 210/210/210 211/211/211 212/212/212
f 211/211/211 213/213/213 212/212/212
f 212/212/212 213/213/213 214/214/214
f 213/213/213 215/215/215 214/214/214
f 214/214/214 215/215/215 216/216/216
f 215/215/215 217/217/217 216/216/216
f 216/216/216 217/217/217 218/218/218
f 217/217/217 219/219/219 218/218/218
f 218/218/218 219/219/219 220/220/220
f 219/219/219 221/221/221 220/220/220
f 220/220/220 221/221/221 222/222/222
f 221/221/221 223/223/223 222/222/222
f 222/222/222 223/223/223 224/224/224
f 225/225/225 226/226/226 227/227/227
f 226/226/226 228/228/228 227/227/227
f 227/227/227 228/228/228 229/229/229
f 228/228/228 230/230/230 229/229/229
f 229/229/229 230/230/230 231/231/231
f 230/230/230 232/232/232 231/231/231
f 231/231/231 232/232/232 233/233/233
f 232/232/232 234/234/234 233/233/233
f 233/233/233 234/234/234 235/235/235
f 234/234/234 236/236/236 235/235/235
f 235/235/235 236/236/236 237/237/237
f 236/236/236 238/238/238 237/237/237
f 237/237/237 238/238/238 239/239/239
f 238/238/238 240/240/240 239/239/239
f 239/239/239 240/240/240 241/241/241
f 240/240/240 242/242/242 241/241/241
f 241/241/241 242/242/242 243/243/243
f 242/242/242 244/244/244 243/243/243
f 243/243/243 244/244/244 245/245/245
f 244/244/244 246/246/246 245/245/245
f 245/245/245 246/246/246 247/247/247
f 246/246/246 248/248/248 247/247/247
f 247/247/247 248/248/248 249/249/249
f 248/248/248 250/250/250 249/249/249
f 249/249/249 250/250/250 251/251/251
f 252/252/252 253/253/253 254/254/254
f 255/255/255 256/256/256 257/257/257
f 256/256/256 258/258/258 257/257/257
f 257/257/257 258/258/258 259/259/259
f 258/258/258 260/260/260 259/259/259
f 259/259/259 260/260/260 261/261/261
f 260/260/260 262/262/262 261/261/261
f 261/261/261 262/262/262 263/263/263
f 264/264/264 265/265/265 266/266/266
f 265/265/265 267/267/267 266/266/266
f 266/266/266 267/267/267 268/268/268
f 267/267/267 269/269/269 268/268/268
f 268/268/268 269/269/269 270/270/270
f 269/269/269 271/271/271 270/270/270
f 270/270/270 271/271/271 272/272/272
f 273/273/273 274/274/274 275/275/275
f 274/274/274 276/276/276 275/275/275
f 275/275/275 276/276/276 277/277/277
f 276/276/276 278/278/278 277/277/277
f 277/277/277 278/278/278 279/279/279
f 278/278/278 280/280/280 279/279/279
f 279/279/279 280/280/280 281/281/281
f 280/280/280 282/282/282 281/281/281
f 281/281/281 282/282/282 283/283/283
f 282/282/282 284/284/284 283/283/283
f 283/283/283 284/284/284 285/285/285
f 284/284/284 286/286/286 285/285/285
f 285/285/285 286/286/286 287/287/287
f 288/288/288 289/289/289 290/290/290
f 291/291/291 292/292/292 293/293/293
f 294/294/294 295/295/295 296/296/296
f 297/297/297 298/298/298 299/299/299
f 298/298/298 300/300/300 299/299/299
f 299/299/299 300/300/300 301/301/301
f 300/300/300 302/302/302 301/301/301
f 301/301/301 302/302/302 303/303/303
f 304/304/304 305/305/305 306/306/306
f 305/305/305 307/307/307 306/306/306
f 306/306/306 307/307/307 308/308/308
f 309/309/309 310/310/310 311/311/311
f 310/310/310 312/312/312 311/311/311
f 311/311/311 312/312/312 313/313/313
f 314/314/314 315/315/315 316/316/316
f 315/315/315 317/317/317 316/316/316
f 316/316/316 317/317/317 318/318/318
f 317/317/317 319/319/319 318/318/318
f 318/318/318 319/319/319 320/320/320
f 319/319/319 321/321/321 320/320/320
f 320/320/320 321/321/321 322/322/322
f 321/321/321 323/323/323 322/322/322
f 322/322/322 323/323/323 324/324/324
f 325/325/325 326/326/326 327/327/327
f 326/326/326 328/328/328 327/327/327
f 327/327/327 328/328/328 329/329/329
f 328/328/328 330/330/330 329/329/329
f 329/329/329 330/330/330 331/331/331
f 330/330/330 332/332/332 331/331/331
f 331/331/331 332/332/332 333/333/333
f 334/334/334 335/335/335 336/336/336
f 335/335/335 337/337/337 336/336/336
f 336/336/336 337/337/337 338/338/338
f 337/337/337 339/339/339 338/338/338
f 338/338/338 339/339/339 340/340/340
f 341/341/341 342/342/342 343/343/343
f 342/342/342 344/344/344 343/343/343
f 343/343/343 344/344/344 345/345/345
f 344/344/344 346/346/346 345/345/345
f 345/345/345 346/346/346 347/347/347
f 346/346/346 348/348/348 347/347/347
f 347/347/347 348/348/348 349/349/349
f 348/348/348 350/350/350 349/349/349
f 349/349/349 350/350/350 351/351/351
f 350/350/350 352/352/352 351/351/351
f 351/351/351 352/352/352 353/353/353
f 354/354/354 355/355/355 356/356/356
f 355/355/355 357/357/357 356/356/356
f 356/356/356 357/357/357 358/358/358
f 357/357/357 359/359/359 358/358/358
f 358/358/358 359/359/359 360/360/360
f 361/361/361 362/362/362 363/363/363
f 362/362/362 364/364/364 363/363/363
f 363/363/363 364/364/364 365/365/365
f 364/364/364 366/366/366 365/365/365
f 365/365/365 366/366/366 367/367/367
f 366/366/366 368/368/368 367/367/367
f 367/367/367 368/368/368 369/369/369
f 368/368/368 370/370/370 369/369/369
f 369/369/369 370/370/370 371/371/371
f 370/370/370 372/372/372 371/371/371
f 371/371/371 372/372/372 373/373/373
f 372/372/372 374/374/374 373/373/373
f 373/373/373 374/374/374 375/375/375
f 376/376/376 377/377/377 378/378/378
f 377/377/377 379/379/379 378/378/378
f 378/378/378 379/379/379 380/380/380
f 379/379/379 381/381/381 380/380/380
f 380/380/380 381/381/381 382/382/382
f 381/381/381 383/383/383 382/382/382
f 382/382/382 383/383/383 384/384/384
f 383/383/383 385/385/385 384/384/384
f 384/384/384 385/385/385 386/386/386
f 387/387/387 388/388/388 389/389/389
f 388/388/388 390/390/390 389/389/389
f 389/389/389 390/390/390 391/391/391
f 390/390/390 392/392/392 391/391/391
f 391/391/391 392/392/392 393/393/393
f 392/392/392 394/394/394 393/393/393
f 393/393/393 394/394/394 395/395/395
f 394/394/394 396/396/396 395/395/395
f 395/395/395 396/396/396 397/397/397
f 396/396/396 398/398/398 397/397/397
f 397/397/397 398/398/398 399/399/399
f 398/398/398 400/400/400 399/399/399
f 401/401/401 402/402/402 403/403/403
f 402/402/402 404/404/404 403/403/403
f 403/403/403 404/404/404 405/405/405
f 404/404/404 406/406/406 405/405/405
f 405/405/405 406/406/406 407/407/407
f 406/406/406 408/408/408 407/407/407
f 407/407/407 408/408/408 409/409/409
f 408/408/408 410/410/410 409/409/409
f 409/409/409 410/410/410 411/411/411
f 410/410/410 412/412/412 411/411/411
f 411/411/411 412/412/412 413/413/413
f 412/412/412 414/414/414 413/413/413
f 413/413/413 414/414/414 415/415/415
f 416/416/416 417/417/417 418/418/418
f 417/417/417 419/419/419 418/418/418
f 418/418/418 419/419/419 420/420/420
f 419/419/419 421/421/421 420/420/420
f 420/420/420 421/421/421 422/422/422
f 421/421/421 423/423/423 422/422/422
f 422/422/422 423/423/423 424/424/424
f 423/423/423 425/425/425 424/424/424
f 424/424/424 425/425/425 426/426/426
f 425/425/425 427/427/427 426/426/426
f 426/426/426 427/427/427 428/428/428
f 427/427/427 429/429/429 428/428/428
f 428/428/428 429/429/429 430/430/430
f 429/429/429 431/431/431 430/430/430
f 430/430/430 431/431/431 432/432/432
f 433/433/433 434/434/434 435/435/435
f 434/434/434 436/436/436 435/435/435
f 435/435/435 436/436/436 437/437/437
f 436/436/436 438/438/438 437/437/437
f 437/437/437 438/438/438 439/439/439
f 438/438/438 440/440/440 439/439/439
f 439/439/439 440/440/440 441/441/441
f 442/442/442 443/443/443 444/444/444
f 443/443/443 445/445/445 444/444/444
f 444/444/444 445/445/445 446/446/446
f 445/445/445 447/447/447 446/446/446
f 446/446/446 447/447/447 448/448/448
f 447/447/447 449/449/449 448/448/448
f 448/448/448 449/449/449 450/450/450
f 449/449/449 451/451/451 450/450/450
f 450/450/450 451/451/451 452/452/452
f 451/451/451 453/453/453 452/452/452
f 452/452/452 453/453/453 454/454/454
f 453/453/453 455/455/455 454/454/454
f 456/456/456 457/457/457 458/458/458
f 457/457/457 459/459/459 458/458/458
f 458/458/458 459/459/459 460/460/460
f 459/459/459 461/461/461 460/460/460
f 460/460/460 461/461/461 462/462/462
f 461/461/461 463/463/463 462/462/462
f 462/462/462 463/463/463 464/464/464
f 463/463/463 465/465/465 464/464/464
f 464/464/464 465/465/465 466/466/466
f 465/465/465 467/467/467 466/466/466
f 466/466/466 467/467/467 468/468/468
f 467/467/467 469/469/469 468/468/468
f 468/468/468 469/469/469 470/470/470
f 469/469/469 471/471/471 470/470/470
f 470/470/470 471/471/471 472/472/472
f 471/471/471 473/473/473 472/472/472
f 474/474/474 475/475/475 476/476/476
f 475/475/475 477/477/477 476/476/476
f 476/476/476 477/477/477 478/478/478
f 477/477/477 479/479/479 478/478/478
f 478/478/478 479/479/479 480/480/480
f 479/479/479 481/481/481 480/480/480
f 480/480/480 481/481/481 482/482/482
f 481/481/481 483/483/483 482/482/482
f 484/484/484 485/485/485 486/486/486
f 487/487/487 488/488/488 489/489/489
f 488/488/488 490/490/490 489/489/489
f 489/489/489 490/490/490 491/491/491
f 490/490/490 492/492/492 491/491/491
f 491/491/491 492/492/492 493/493/493
f 492/492/492 494/494/494 493/493/493
f 493/493/493 494/494/494 495/495/495
f 494/494/494 496/496/496 495/495/495
f 495/495/495 496/496/496 497/497/497
f 496/496/496 498/498/498 497/497/497
f 497/497/497 498/498/498 499/499/499
f 498/498/498 500/500/500 499/499/499
f 499/499/499 500/500/500 501/501/501
f 500/500/500 502/502/502 501/501/501
f 501/501/501 502/502/502 503/503/503
f 502/502/502 504/504/504 503/503/503
f 503/503/503 504/504/504 505/505/505
f 504/504/504 506/506/506 505/505/505
f 505/505/505 506/506/506 507/507/507
f 506/506/506 508/508/508 507/507/507
f 507/507/507 508/508/508 509/509/509
f 508/508/508 510/510/510 509/509/509
f 509/509/509 510/510/510 511/511/511
f 512/512/512 513/513/513 514/514/514
f 513/513/513 515/515/515 514/514/514
f 514/514/514 515/515/515 516/516/516
f 515/515/515 517/517/517 516/516/516
f 516/516/516 517/517/517 518/518/518
f 517/517/517 519/519/519 518/518/518
f 518/518/518 519/519/519 520/520/520
f 519/519/519 521/521/521 520/520/520
f 520/520/520 521/521/521 522/522/522
f 521/521/521 523/523/523 522/522/522
f 522/522/522 523/523/523 524/524/524
f 523/523/523 525/525/525 524/524/524
f 524/524/524 525/525/525 526/526/526
f 525/525/525 527/527/527 526/526/526
f 526/526/526 527/527/527 528/528/528
f 527/527/527 529/529/529 528/528/528
f 528/528/528 529/529/529 530/530/530
f 529/529/529 531/531/531 530/530/530
f 530/530/530 531/531/531 532/532/532
f 531/531/531 533/533/533 532/532/532
f 532/532/532 533/533/533 534/534/534
f 533/533/533 535/535/535 534/534/534
f 534/534/534 535/535/535 536/536/536
f 535/535/535 537/537/537 536/536/536
f 536/536/536 537/537/537 538/538/538
f 539/539/539 540/540/540 541/541/541
f 542/542/542 543/543/543 544/544/544
f 543/543/543 545/545/545 544/544/544
f 544/544/544 545/545/545 546/546/546
f 545/545/545 547/547/547 546/546/546
f 546/546/546 547/547/547 548/548/548
f 547/547/547 549/549/549 548/548/548
f 548/548/548 549/549/549 550/550/550
f 551/551/551 552/552/552 553/553/553
f 552/552/552 554/554/554 553/553/553
f 553/553/553 554/554/554 555/555/555
f 554/554/554 556/556/556 555/555/555
f 555/555/555 556/556/556 557/557/557
f 556/556/556 558/558/558 557/557/557
f 557/557/557 558/558/558 559/559/559
f 560/560/560 561/561/561 562/562/562
f 561/561/561 563/563/563 562/562/562
f 562/562/562 563/563/563 564/564/564
f 563/563/563 565/565/565 564/564/564
f 564/564/564 565/565/565 566/566/566
f 565/565/565 567/567/567 566/566/566
f 566/566/566 567/567/567 568/568/568
f 567/567/567 569/569/569 568/568/568
f 568/568/568 569/569/569 570/570/570
f 569/569/569 571/571/571 570/570/570
f 570/570/570 571/571/571 572/572/572
f 571/571/571 573/573/573 572/572/572
f 572/572/572 573/573/573 574/574/574
f 575/575/575 576/576/576 577/577/577
f 576/576/576 578/578/578 577/577/577
f 579/579/579 580/580/580 581/581/581
f 580/580/580 582/582/582 581/581/581
f 583/583/583 584/584/584 585/585/585
f 586/586/586 587/587/587 588/588/588
f 587/587/587 589/589/589 588/588/588
f 588/588/588 589/589/589 590/590/590
f 591/591/591 592/592/592 593/593/593
f 594/594/594 595/595/595 596/596/596
f 597/597/597 598/598/598 599/599/599
f 600/600/600 601/601/601 602/602/602
f 603/603/603 604/604/604 605/605/605
f 604/604/604 606/606/606 605/605/605
f 605/605/605 606/606/606 607/607/607
f 606/606/606 608/608/608 607/607/607
f 609/609/609 610/610/610 611/611/611
f 610/610/610 612/612/612 611/611/611
f 611/611/611 612/612/612 613/613/613
f 614/614/614 615/615/615 616/616/616
f 615/615/615 617/617/617 616/616/616
f 616/616/616 617/617/617 618/618/618
f 617/617/617 619/619/619 618/618/618
f 618/618/618 619/619/619 620/620/620
f 621/621/621 622/622/622 623/623/623
f 622/622/622 624/624/624 623/623/623
f 623/623/623 624/624/624 625/625/625
f 624/624/624 626/626/626 625/625/625
f 627/627/627 628/628/628 629/629/629
f 628/628/628 630/630/630 629/629/629
f 629/629/629 630/630/630 631/631/631
f 630/630/630 632/632/632 631/631/631
f 631/631/631 632/632/632 633/633/633
f 634/634/634 635/635/635 636/636/636
f 635/635/635 637/637/637 636/636/636
f 636/636/636 637/637/637 638/638/638
f 637/637/637 639/639/639 638/638/638
f 638/638/638 639/639/639 640/640/640
f 641/641/641 642/642/642 643/643/643
f 642/642/642 644/644/644 643/643/643
f 643/643/643 644/644/644 645/645/645
f 646/646/646 647/647/647 648/648/648
f 647/647/647 649/649/649 648/648/648
f 648/648/648 649/649/649 650/650/650
f 649/649/649 651/651/651 650/650/650
f 650/650/650 651/651/651 652/652/652
f 651/651/651 653/653/653 652/652/652
f 654/654/654 655/655/655 656/656/656
f 655/655/655 657/657/657 656/656/656
f 656/656/656 657/657/657 658/658/658
f 659/659/659 660/660/660 661/661/661
f 660/660/660 662/662/662 661/661/661
f 661/661/661 662/662/662 663/663/663
f 662/662/662 664/664/664 663/663/663
f 663/663/663 664/664/664 665/665/665
f 666/666/666 667/667/667 668/668/668
f 667/667/667 669/669/669 668/668/668
f 668/668/668 669/669/669 670/670/670
f 669/669/669 671/671/671 670/670/670
f 670/670/670 671/671/671 672/672/672
f 673/673/673 674/674/674 675/675/675
f 676/676/676 677/677/677 678/678/678
f 677/677/677 679/679/679 678/678/678
f 680/680/680 681/681/681 682/682/682
f 681/681/681 683/683/683 682/682/682
f 682/682/682 683/683/683 684/684/684
f 683/683/683 685/685/685 684/684/684
f 684/684/684 685/685/685 686/686/686
f 685/685/685 687/687/687 686/686/686
f 686/686/686 687/687/687 688/688/688
f 689/689/689 690/690/690 691/691/691
f 690/690/690 692/692/692 691/691/691
f 691/691/691 692/692/692 693/693/693
f 692/692/692 694/694/694 693/693/693
f 693/693/693 694/694/694 695/695/695
f 694/694/694 696/696/696 695/695/695
f 697/697/697 698/698/698 699/699/699
f 698/698/698 700/700/700 699/699/699
f 699/699/699 700/700/700 701/701/701
f 702/702/702 703/703/703 704/704/704
f 703/703/703 705/705/705 704/704/704
f 704/704/704 705/705/705 706/706/706
f 707/707/707 708/708/708 709/709/709
f 708/708/708 710/710/710 709/709/709
f 709/709/709 710/710/710 711/711/711
f 710/710/710 712/712/712 711/711/711
f 711/711/711 712/712/712 713/713/713
f 712/712/712 714/714/714 713/713/713
f 713/713/713 714/714/714 715/715/715
f 716/716/716 717/717/717 718/718/718
f 717/717/717 719/719/719 718/718/718
f 718/718/718 719/719/719 720/720/720
f 719/719/719 721/721/721 720/720/720
f 720/720/720 721/721/721 722/722/722
f 721/721/721 723/723/723 722/722/722
f 722/722/722 723/723/723 724/724/724
f 723/723/723 725/725/725 724/724/724
f 726/726/726 727/727/727 728/728/728
f 727/727/727 729/729/729 728/728/728
f 730/730/730 731/731/731 732/732/732
f 731/731/731 733/733/733 732/732/732
f 734/734/734 735/735/735 736/736/736
f 735/735/735 737/737/737 736/736/736
f 738/738/738 739/739/739 740/740/740
f 739/739/739 741/741/741 740/740/740
f 742/742/742 743/743/743 744/744/744
f 745/745/745 746/746/746 747/747/747
f 748/748/748 749/749/749 750/750/750
f 751/751/751 752/752/752 753/753/753
f 752/752/752 754/754/754 753/753/753
f 753/753/753 754/754/754 755/755/755
f 756/756/756 757/757/757 758/758/758
f 759/759/759 760/760/760 761/761/761
f 760/760/760 762/762/762 761/761/761
f 761/761/761 762/762/762 763/763/763
f 764/764/764 765/765/765 766/766/766
f 767/767/767 768/768/768 769/769/769
f 768/768/768 770/770/770 769/769/769
f 769/769/769 770/770/770 771/771/771
f 772/772/772 773/773/773 774/774/774
f 773/773/773 775/775/775 774/774/774
f 774/774/774 775/775/775 776/776/776
f 777/777/777 778/778/778 779/779/779
f 778/778/778 780/780/780 779/779/779
f 779/779/779 780/780/780 781/781/781
f 780/780/780 782/782/782 781/781/781
f 781/781/781 782/782/782 783/783/783
f 784/784/784 785/785/785 786/786/786
f 785/785/785 787/787/787 786/786/786
f 786/786/786 787/787/787 788/788/788
f 787/787/787 789/789/789 788/788/788
f 788/788/788 789/789/789 790/790/790
f 789/789/789 791/791/791 790/790/790
f 792/792/792 793/793/793 794/794/794
f 793/793/793 795/795/795 794/794/794
f 794/794/794 795/795/795 796/796/796
f 797/797/797 798/798/798 799/799/799
f 798/798/798 800/800/800 799/799/799
f 799/799/799 800/800/800 801/801/801
f 800/800/800 802/802/802 801/801/801
f 801/801/801 802/802/802 803/803/803
f 802/802/802 804/804/804 803/803/803
f 805/805/805 806/806/806 807/807/807
f 806/806/806 808/808/808 807/807/807
f 807/807/807 808/808/808 809/809/809
f 808/808/808 810/810/810 809/809/809
f 809/809/809 810/810/810 811/811/811
f 812/812/812 813/813/813 814/814/814
f 813/813/813 815/815/815 814/814/814
f 814/814/814 815/815/815 816/816/816
f 815/815/815 817/817/817 816/816/816
f 816/816/816 817/817/817 818/818/818
f 819/819/819 820/820/820 821/821/821
f 820/820/820 822/822/822 821/821/821
f 821/821/821 822/822/822 823/823/823
f 822/822/822 824/824/824 823/823/823
f 823/823/823 824/824/824 825/825/825
f 826/826/826 827/827/827 828/828/828
f 827/827/827 829/829/829 828/828/828
f 828/828/828 829/829/829 830/830/830
f 829/829/829 831/831/831 830/830/830
f 832/832/832 833/833/833 834/834/834
f 835/835/835 836/836/836 837/837/837
f 838/838/838 839/839/839 840/840/840
f 839/839/839 841/841/841 840/840/840
f 840/840/840 841/841/841 842/842/842
f 843/843/843 844/844/844 845/845/845
f 846/846/846 847/847/847 848/848/848
f 847/847/847 849/849/849 848/848/848
f 848/848/848 849/849/849 850/850/850
f 849/849/849 851/851/851 850/850/850
f 850/850/850 851/851/851 852/852/852
f 851/851/851 853/853/853 852/852/852
f 852/852/852 853/853/853 854/854/854
f 855/855/855 856/856/856 857/857/857
f 856/856/856 858/858/858 857/857/857
f 857/857/857 858/858/858 859/859/859
f 860/860/860 861/861/861 862/862/862
f 861/861/861 863/863/863 862/862/862
f 862/862/862 863/863/863 864/864/864
f 863/863/863 865/865/865 864/864/864
f 864/864/864 865/865/865 866/866/866
f 865/865/865 867/867/867 866/866/866
f 866/866/866 867/867/867 868/868/868
f 867/867/867 869/869/869 868/868/868
f 870/870/870 871/871/871 872/872/872
f 871/871/871 873/873/873 872/872/872
f 872/872/872 873/873/873 874/874/874
f 873/873/873 875/875/875 874/874/874
f 874/874/874 875/875/875 876/876/876
f 875/875/875 877/877/877 876/876/876
f 876/876/876 877/877/877 878/878/878
f 879/879/879 880/880/880 881/881/881
f 880/880/880 882/882/882 881/881/881
f 881/881/881 882/882/882 883/883/883
f 882/882/882 884/884/884 883/883/883
f 883/883/883 884/884/884 885/885/885
f 884/884/884 886/886/886 885/885/885
f 887/887/887 888/888/888 889/889/889
f 890/890/890 891/891/891 892/892/892
f 891/891/891 893/893/893 892/892/892
f 892/892/892 893/893/893 894/894/894
f 893/893/893 895/895/895 894/894/894
f 894/894/894 895/895/895 896/896/896
f 897/897/897 898/898/898 899/899/899
f 898/898/898 900/900/900 899/899/899
f 899/899/899 900/900/900 901/901/901
f 902/902/902 903/903/903 904/904/904
f 903/903/903 905/905/905 904/904/904
f 904/904/904 905/905/905 906/906/906
f 907/907/907 908/908/908 909/909/909
f 908/908/908 910/910/910 909/909/909
f 909/909/909 910/910/910 911/911/911
f 912/912/912 913/913/913 914/914/914
f 913/913/913 915/915/915 914/914/914
f 914/914/914 915/915/915 916/916/916
f 915/915/915 917/917/917 916/916/916
f 916/916/916 917/917/917 918/918/918
f 919/919/919 920/920/920 921/921/921
f 920/920/920 922/922/922 921/921/921
f 921/921/921 922/922/922 923/923/923
f 924/924/924 925/925/925 926/926/926
f 925/925/925 927/927/927 926/926/926
f 926/926/926 927/927/927 928/928/928
f 929/929/929 930/930/930 931/931/931
f 930/930/930 932/932/932 931/931/931
f 931/931/931 932/932/932 933/933/933
f 934/934/934 935/935/935 936/936/936
f 935/935/935 937/937/937 936/936/936
f 936/936/936 937/937/937 938/938/938
f 937/937/937 939/939/939 938/938/938
f 938/938/938 939/939/939 940/940/940
f 941/941/941 942/942/942 943/943/943
f 942/942/942 944/944/944 943/943/943
f 943/943/943 944/944/944 945/945/945
f 946/946/946 947/947/947 948/948/948
f 947/947/947 949/949/949 948/948/948
f 948/948/948 949/949/949 950/950/950
f 951/951/951 952/952/952 953/953/953
f 952/952/952 954/954/954 953/953/953
f 953/953/953 954/954/954 955/955/955
f 954/954/954 956/956/956 955/955/955
f 955/955/955 956/956/956 957/957/957
f 958/958/958 959/959/959 960/960/960
f 959/959/959 961/961/961 960/960/960
f 960/960/960 961/961/961 962/962/962
f 963/963/963 964/964/964 965/965/965
f 964/964/964 966/966/966 965/965/965
f 965/965/965 966/966/966 967/967/967
f 968/968/968 969/969/969 970/970/970
f 969/969/969 971/971/971 970/970/970
f 970/970/970 971/971/971 972/972/972
f 971/971/971 973/973/973 972/972/972
f 972/972/972 973/973/973 974/974/974
f 973/973/973 975/975/975 974/974/974
f 974/974/974 975/975/975 976/976/976
f 975/975/975 977/977/977 976/976/976
f 976/976/976 977/977/977 978/978/978
f 979/979/979 980/980/980 981/981/981
f 980/980/980 982/982/982 981/981/981
f 981/981/981 982/982/982 983/983/983
f 984/984/984 985/985/985 986/986/986
f 985/985/985 987/987/987 986/986/986
f 986/986/986 987/987/987 988/988/988
f 989/989/989 990/990/990 991/991/991
f 990/990/990 992/992/992 991/991/991
f 991/991/991 992/992/992 993/993/993
f 994/994/994 995/995/995 996/996/996
f 995/995/995 997/997/997 996/996/996
f 996/996/996 997/997/997 998/998/998
f 997/997/997 999/999/999 998/998/998
f 998/998/998 999/999/999 1000/1000/1000
f 1001/1001/1001 1002/1002/1002 1003/1003/1003
f 1002/1002/1002 1004/1004/1004 1003/1003/1003
f 1003/1003/1003 1004/1004/1004 1005/1005/1005
f 1006/1006/1006 1007/1007/1007 1008/1008/1008
f 1007/1007/1007 1009/1009/1009 1008/1008/1008
f 1008/1008/1008 1009/1009/1009 1010/1010/1010
f 1011/1011/1011 1012/1012/1012 1013/1013/1013
f 1012/1012/1012 1014/1014/1014 1013/1013/1013
f 1013/1013/1013 1014/1014/1014 1015/1015/1015
f 1014/1014/1014 1016/1016/1016 1015/1015/1015
f 1015/1015/1015 1016/1016/1016 1017/1017/1017
f 1018/1018/1018 1019/1019/1019 1020/1020/1020
f 1019/1019/1019 1021/1021/1021 1020/1020/1020
f 1020/1020/1020 1021/1021/1021 1022/1022/1022
f 1023/1023/1023 1024/1024/1024 1025/1025/1025
f 1024/1024/1024 1026/1026/1026 1025/1025/1025
f 1025/1025/1025 1026/1026/1026 1027/1027/1027
f 1028/1028/1028 1029/1029/1029 1030/1030/1030
f 1029/1029/1029 1031/1031/1031 1030/1030/1030
f 1030/1030/1030 1031/1031/1031 1032/1032/1032
f 1033/1033/1033 1034/1034/1034 1035/1035/1035
f 1034/1034/1034 1036/1036/1036 1035/1035/1035
f 1035/1035/1035 1036/1036/1036 1037/1037/1037
f 1036/1036/1036 1038/1038/1038 1037/1037/1037
f 1037/1037/1037 1038/1038/1038 1039/1039/1039
f 1040/1040/1040 1041/1041/1041 1042/1042/1042
f 1041/1041/1041 1043/1043/1043 1042/1042/1042
f 1042/1042/1042 1043/1043/1043 1044/1044/1044
f 1045/1045/1045 1046/1046/1046 1047/1047/1047
f 1046/1046/1046 1048/1048/1048 1047/1047/1047
f 1047/1047/1047 1048/1048/1048 1049/1049/1049
f 1050/1050/1050 1051/1051/1051 1052/1052/1052
f 1051/1051/1051 1053/1053/1053 1052/1052/1052
f 1052/1052/1052 1053/1053/1053 1054/1054/1054
f 1053/1053/1053 1055/1055/1055 1054/1054/1054
f 1054/1054/1054 1055/1055/1055 1056/1056/1056
f 1057/1057/1057 1058/1058/1058 1059/1059/1059
f 1058/1058/1058 1060/1060/1060 1059/1059/1059
f 1061/1061/1061 1062/1062/1062 1063/1063/1063
f 1062/1062/1062 1064/1064/1064 1063/1063/1063
f 1065/1065/1065 1066/1066/1066 1067/1067/1067
f 1066/1066/1066 1068/1068/1068 1067/1067/1067
f 1069/1069/1069 1070/1070/1070 1071/1071/1071
f 1070/1070/1070 1072/1072/1072 1071/1071/1071
f 1073/1073/1073 1074/1074/1074 1075/1075/1075
f 1076/1076/1076 1077/1077/1077 1078/1078/1078
f 1079/1079/1079 1080/1080/1080 1081/1081/1081
f 1082/1082/1082 1083/1083/1083 1084/1084/1084
f 1085/1085/1085 1086/1086/1086 1087/1087/1087
f 1086/1086/1086 1088/1088/1088 1087/1087/1087
f 1087/1087/1087 1088/1088/1088 1089/1089/1089
f 1088/1088/1088 1090/1090/1090 1089/1089/1089
f 1091/1091/1091 1092/1092/1092 1093/1093/1093
f 1092/1092/1092 1094/1094/1094 1093/1093/1093
f 1093/1093/1093 1094/1094/1094 1095/1095/1095
f 1094/1094/1094 1096/1096/1096 1095/1095/1095
f 1095/1095/1095 1096/1096/1096 1097/1097/1097
f 1096/1096/1096 1098/1098/1098 1097/1097/1097
f 1097/1097/1097 1098/1098/1098 1099/1099/1099
f 1098/1098/1098 1100/1100/1100 1099/1099/1099
f 1101/1101/1101 1102/1102/1102 1103/1103/1103
f 1102/1102/1102 1104/1104/1104 1103/1103/1103
f 1103/1103/1103 1104/1104/1104 1105/1105/1105
f 1104/1104/1104 1106/1106/1106 1105/1105/1105
f 1105/1105/1105 1106/1106/1106 1107/1107/1107
f 1106/1106/1106 1108/1108/1108 1107/1107/1107
f 1107/1107/1107 1108/1108/1108 1109/1109/1109
f 1108/1108/1108 1110/1110/1110 1109/1109/1109
f 1111/1111/1111 1112/1112/1112 1113/1113/1113
f 1112/1112/1112 1114/1114/1114 1113/1113/1113
f 1113/1113/1113 1114/1114/1114 1115/1115/1115
f 1114/1114/1114 1116/1116/1116 1115/1115/1115
f 1115/1115/1115 1116/1116/1116 1117/1117/1117
f 1116/1116/1116 1118/1118/1118 1117/1117/1117
f 1117/1117/1117 1118/1118/1118 1119/1119/1119
f 1118/1118/1118 1120/1120/1120 1119/1119/1119
f 1121/1121/1121 1122/1122/1122 1123/1123/1123
f 1122/1122/1122 1124/1124/1124 1123/1123/1123
f 1123/1123/1123 1124/1124/1124 1125/1125/1125
f 1124/1124/1124 1126/1126/1126 1125/1125/1125
f 1125/1125/1125 1126/1126/1126 1127/1127/1127
f 1126/1126/1126 1128/1128/1128 1127/1127/1127
f 1127/1127/1127 1128/1128/1128 1129/1129/1129
f 1128/1128/1128 1130/1130/1130 1129/1129/1129
f 1131/1131/1131 1132/1132/1132 1133/1133/1133
f 1132/1132/1132 1134/1134/1134 1133/1133/1133
f 1133/1133/1133 1134/1134/1134 1135/1135/1135
f 1134/1134/1134 1136/1136/1136 1135/1135/1135
f 1135/1135/1135 1136/1136/1136 1137/1137/1137
f 1138/1138/1138 1139/1139/1139 1140/1140/1140
f 1139/1139/1139 1141/1141/1141 1140/1140/1140
f 1140/1140/1140 1141/1141/1141 1142/1142/1142
f 1141/1141/1141 1143/1143/1143 1142/1142/1142
f 1142/1142/1142 1143/1143/1143 1144/1144/1144
f 1143/1143/1143 1145/1145/1145 1144/1144/1144
f 1144/1144/1144 1145/1145/1145 1146/1146/1146
f 1145/1145/1145 1147/1147/1147 1146/1146/1146
f 1148/1148/1148 1149/1149/1149 1150/1150/1150
f 1149/1149/1149 1151/1151/1151 1150/1150/1150
f 1150/1150/1150 1151/1151/1151 1152/1152/1152
f 1151/1151/1151 1153/1153/1153 1152/1152/1152
f 1152/1152/1152 1153/1153/1153 1154/1154/1154
f 1153/1153/1153 1155/1155/1155 1154/1154/1154
f 1154/1154/1154 1155/1155/1155 1156/1156/1156
f 1155/1155/1155 1157/1157/1157 1156/1156/1156
f 1158/1158/1158 1159/1159/1159 1160/1160/1160
f 1159/1159/1159 1161/1161/1161 1160/1160/1160
f 1160/1160/1160 1161/1161/1161 1162/1162/1162
f 1161/1161/1161 1163/1163/1163 1162/1162/1162
f 1162/1162/1162 1163/1163/1163 1164/1164/1164
f 1163/1163/1163 1165/1165/1165 1164/1164/1164
f 1166/1166/1166 1167/1167/1167 1168/1168/1168
f 1167/1167/1167 1169/1169/1169 1168/1168/1168
f 1168/1168/1168 1169/1169/1169 1170/1170/1170
f 1169/1169/1169 1171/1171/1171 1170/1170/1170
f 1170/1170/1170 1171/1171/1171 1172/1172/1172
f 1171/1171/1171 1173/1173/1173 1172/1172/1172
f 1172/1172/1172 1173/1173/1173 1174/1174/1174
f 1173/1173/1173 1175/1175/1175 1174/1174/1174
f 1174/1174/1174 1175/1175/1175 1176/1176/1176
f 1175/1175/1175 1177/1177/1177 1176/1176/1176
f 1176/1176/1176 1177/1177/1177 1178/1178/1178
f 1177/1177/1177 1179/1179/1179 1178/1178/1178
f 1178/1178/1178 1179/1179/1179 1180/1180/1180
f 1179/1179/1179 1181/1181/1181 1180/1180/1180
f 1180/1180/1180 1181/1181/1181 1182/1182/1182
f 1181/1181/1181 1183/1183/1183 1182/1182/1182
f 1182/1182/1182 1183/1183/1183 1184/1184/1184
f 1183/1183/1183 1185/1185/1185 1184/1184/1184
f 1184/1184/1184 1185/1185/1185 1186/1186/1186
f 1185/1185/1185 1187/1187/1187 1186/1186/1186
f 1186/1186/1186 1187/1187/1187 1188/1188/1188
f 1187/1187/1187 1189/1189/1189 1188/1188/1188
f 1188/1188/1188 1189/1189/1189 1190/1190/1190
f 1189/1189/1189 1191/1191/1191 1190/1190/1190
f 1190/1190/1190 1191/1191/1191 1192/1192/1192
f 1191/1191/1191 1193/1193/1193 1192/1192/1192
f 1192/1192/1192 1193/1193/1193 1194/1194/1194
f 1193/1193/1193 1195/1195/1195 1194/1194/1194
f 1194/1194/1194 1195/1195/1195 1196/1196/1196
f 1195/1195/1195 1197/1197/1197 1196/1196/1196
f 1196/1196/1196 1197/1197/1197 1198/1198/1198
f 1197/1197/1197 1199/1199/1199 1198/1198/1198
f 1198/1198/1198 1199/1199/1199 1200/1200/1200
f 1199/1199/1199 1201/1201/1201 1200/1200/1200
f 1200/1200/1200 1201/1201/1201 1202/1202/1202
f 1201/1201/1201 1203/1203/1203 1202/1202/1202
f 1202/1202/1202 1203/1203/1203 1204/1204/1204
f 1203/1203/1203 1205/1205/1205 1204/1204/1204
f 1204/1204/1204 1205/1205/1205 1206/1206/1206
f 1205/1205/1205 1207/1207/1207 1206/1206/1206
f 1206/1206/1206 1207/1207/1207 1208/1208/1208
f 1207/1207/1207 1209/1209/1209 1208/1208/1208
f 1208/1208/1208 1209/1209/1209 1210/1210/1210
f 1209/1209/1209 1211/1211/1211 1210/1210/1210
f 1210/1210/1210 1211/1211/1211 1212/1212/1212
f 1211/1211/1211 1213/1213/1213 1212/1212/1212
f 1212/1212/1212 1213/1213/1213 1214/1214/1214
f 1215/1215/1215 1216/1216/1216 1217/1217/1217
f 1216/1216/1216 1218/1218/1218 1217/1217/1217
f 1217/1217/1217 1218/1218/1218 1219/1219/1219
f 1218/1218/1218 1220/1220/1220 1219/1219/1219
f 1219/1219/1219 1220/1220/1220 1221/1221/1221
f 1220/1220/1220 1222/1222/1222 1221/1221/1221
f 1221/1221/1221 1222/1222/1222 1223/1223/1223
f 1222/1222/1222 1224/1224/1224 1223/1223/1223
f 1223/1223/1223 1224/1224/1224 1225/1225/1225
f 1224/1224/1224 1226/1226/1226 1225/1225/1225
f 1225/1225/1225 1226/1226/1226 1227/1227/1227
f 1226/1226/1226 1228/1228/1228 1227/1227/1227
f 1227/1227/1227 1228/1228/1228 1229/1229/1229
f 1228/1228/1228 1230/1230/1230 1229/1229/1229
f 1229/1229/1229 1230/1230/1230 1231/1231/1231
f 1230/1230/1230 1232/1232/1232 1231/1231/1231
f 1231/1231/1231 1232/1232/1232 1233/1233/1233
f 1232/1232/1232 1234/1234/1234 1233/1233/1233
f 1233/1233/1233 1234/1234/1234 1235/1235/1235
f 1234/1234/1234 1236/1236/1236 1235/1235/1235
f 1235/1235/1235 1236/1236/1236 1237/1237/1237
f 1236/1236/1236 1238/1238/1238 1237/1237/1237
f 1237/1237/1237 1238/1238/1238 1239/1239/1239
f 1238/1238/1238 1240/1240/1240 1239/1239/1239
f 1239/1239/1239 1240/1240/1240 1241/1241/1241
f 1240/1240/1240 1242/1242/1242 1241/1241/1241
f 1241/1241/1241 1242/1242/1242 1243/1243/1243
f 1242/1242/1242 1244/1244/1244 1243/1243/1243
f 1243/1243/1243 1244/1244/1244 1245/1245/1245
f 1244/1244/1244 1246/1246/1246 1245/1245/1245
f 1245/1245/1245 1246/1246/1246 1247/1247/1247
f 1246/1246/1246 1248/1248/1248 1247/1247/1247
f 1247/1247/1247 1248/1248/1248 1249/1249/1249
f 1248/1248/1248 1250/1250/1250 1249/1249/1249
f 1249/1249/1249 1250/1250/1250 1251/1251/1251
f 1250/1250/1250 1252/1252/1252 1251/1251/1251
f 1251/1251/1251 1252/1252/1252 1253/1253/1253
f 1252/1252/1252 1254/1254/1254 1253/1253/1253
f 1253/1253/1253 1254/1254/1254 1255/1255/1255
f 1254/1254/1254 1256/1256/1256 1255/1255/1255
f 1255/1255/1255 1256/1256/1256 1257/1257/1257
f 1256/1256/1256 1258/1258/1258 1257/1257/1257
f 1257/1257/1257 1258/1258/1258 1259/1259/1259
f 1258/1258/1258 1260/1260/1260 1259/1259/1259
f 1259/1259/1259 1260/1260/1260 1261/1261/1261
f 1260/1260/1260 1262/1262/1262 1261/1261/1261
f 1261/1261/1261 1262/1262/1262 1263/1263/1263
f 1264/1264/1264 1265/1265/1265 1266/1266/1266
f 1265/1265/1265 1267/1267/1267 1266/1266/1266
f 1266/1266/1266 1267/1267/1267 1268/1268/1268
f 1267/1267/1267 1269/1269/1269 1268/1268/1268
f 1268/1268/1268 1269/1269/1269 1270/1270/1270
f 1269/1269/1269 1271/1271/1271 1270/1270/1270
f 1270/1270/1270 1271/1271/1271 1272/1272/1272
f 1271/1271/1271 1273/1273/1273 1272/1272/1272
f 1272/1272/1272 1273/1273/1273 1274/1274/1274
f 1273/1273/1273 1275/1275/1275 1274/1274/1274
f 1274/1274/1274 1275/1275/1275 1276/1276/1276
f 1275/1275/1275 1277/1277/1277 1276/1276/1276
f 1276/1276/1276 1277/1277/1277 1278/1278/1278
f 1277/1277/1277 1279/1279/1279 1278/1278/1278
f 1278/1278/1278 1279/1279/1279 1280/1280/1280
f 1279/1279/1279 1281/1281/1281 1280/1280/1280
f 1280/1280/1280 1281/1281/1281 1282/1282/1282
f 1281/1281/1281 1283/1283/1283 1282/1282/1282
f 1282/1282/1282 1283/1283/1283 1284/1284/1284
f 1283/1283/1283 1285/1285/1285 1284/1284/1284
f 1284/1284/1284 1285/1285/1285 1286/1286/1286
f 1285/1285/1285 1287/1287/1287 1286/1286/1286
f 1286/1286/1286 1287/1287/1287 1288/1288/1288
f 1287/1287/1287 1289/1289/1289 1288/1288/1288
f 1288/1288/1288 1289/1289/1289 1290/1290/1290
f 1289/1289/1289 1291/1291/1291 1290/1290/1290
f 1290/1290/1290 1291/1291/1291 1292/1292/1292
f 1291/1291/1291 1293/1293/1293 1292/1292/1292
f 1292/1292/1292 1293/1293/1293 1294/1294/1294
f 1293/1293/1293 1295/1295/1295 1294/1294/1294
f 1294/1294/1294 1295/1295/1295 1296/1296/1296
f 1295/1295/1295 1297/1297/1297 1296/1296/1296
f 1296/1296/1296 1297/1297/1297 1298/1298/1298
f 1297/1297/1297 1299/1299/1299 1298/1298/1298
f 1298/1298/1298 1299/1299/1299 1300/1300/1300
f 1299/1299/1299 1301/1301/1301 1300/1300/1300
f 1300/1300/1300 1301/1301/1301 1302/1302/1302
f 1301/1301/1301 1303/1303/1303 1302/1302/1302
f 1302/1302/1302 1303/1303/1303 1304/1304/1304
f 1303/1303/1303 1305/1305/1305 1304/1304/1304
f 1304/1304/1304 1305/1305/1305 1306/1306/1306
f 1305/1305/1305 1307/1307/1307 1306/1306/1306
f 1306/1306/1306 1307/1307/1307 1308/1308/1308
f 1307/1307/1307 1309/1309/1309 1308/1308/1308
f 1308/1308/1308 1309/1309/1309 1310/1310/1310
f 1309/1309/1309 1311/1311/1311 1310/1310/1310
f 1310/1310/1310 1311/1311/1311 1312/1312/1312
f 1313/1313/1313 1314/1314/1314 1315/1315/1315
f 1314/1314/1314 1316/1316/1316 1315/1315/1315
f 1315/1315/1315 1316/1316/1316 1317/1317/1317
f 1316/1316/1316 1318/1318/1318 1317/1317/1317
f 1317/1317/1317 1318/1318/1318 1319/1319/1319
f 1318/1318/1318 1320/1320/1320 1319/1319/1319
f 1319/1319/1319 1320/1320/1320 1321/1321/1321
f 1320/1320/1320 1322/1322/1322 1321/1321/1321
f 1321/1321/1321 1322/1322/1322 1323/1323/1323
f 1322/1322/1322 1324/1324/1324 1323/1323/1323
f 1323/1323/1323 1324/1324/1324 1325/1325/1325
f 1324/1324/1324 1326/1326/1326 1325/1325/1325
f 1325/1325/1325 1326/1326/1326 1327/1327/1327
f 1326/1326/1326 1328/1328/1328 1327/1327/1327
f 1327/1327/1327 1328/1328/1328 1329/1329/1329
f 1328/1328/1328 1330/1330/1330 1329/1329/1329
f 1329/1329/1329 1330/1330/1330 1331/1331/1331
f 1330/1330/1330 1332/1332/1332 1331/1331/1331
f 1331/1331/1331 1332/1332/1332 1333/1333/1333
f 1332/1332/1332 1334/1334/1334 1333/1333/1333
f 1333/1333/1333 1334/1334/1334 1335/1335/1335
f 1334/1334/1334 1336/1336/1336 1335/1335/1335
f 1335/1335/1335 1336/1336/1336 1337/1337/1337
f 1336/1336/1336 1338/1338/1338 1337/1337/1337
f 1337/1337/1337 1338/1338/1338 1339/1339/1339
f 1338/1338/1338 1340/1340/1340 1339/1339/1339
f 1339/1339/1339 1340/1340/1340 1341/1341/1341
f 1340/1340/1340 1342/1342/1342 1341/1341/1341
f 1341/1341/1341 1342/1342/1342 1343/1343/1343
f 1342/1342/1342 1344/1344/1344 1343/1343/1343
f 1343/1343/1343 1344/1344/1344 1345/1345/1345
f 1344/1344/1344 1346/1346/1346 1345/1345/1345
f 1345/1345/1345 1346/1346/1346 1347/1347/1347
f 1346/1346/1346 1348/1348/1348 1347/1347/1347
f 1347/1347/1347 1348/1348/1348 1349/1349/1349
f 1348/1348/1348 1350/1350/1350 1349/1349/1349
f 1349/1349/1349 1350/1350/1350 1351/1351/1351
f 1350/1350/1350 1352/1352/1352 1351/1351/1351
f 1351/1351/1351 1352/1352/1352 1353/1353/1353
f 1352/1352/1352 1354/1354/1354 1353/1353/1353
f 1353/1353/1353 1354/1354/1354 1355/1355/1355
f 1354/1354/1354 1356/1356/1356 1355/1355/1355
f 1355/1355/1355 1356/1356/1356 1357/1357/1357
f 1356/1356/1356 1358/1358/1358 1357/1357/1357
f 1357/1357/1357 1358/1358/1358 1359/1359/1359
f 1358/1358/1358 1360/1360/1360 1359/1359/1359
f 1359/1359/1359 1360/1360/1360 1361/1361/1361
f 1362/1362/1362 1363/1363/1363 1364/1364/1364
f 1365/1365/1365 1366/1366/1366 1367/1367/1367
f 1368/1368/1368 1369/1369/1369 1370/1370/1370
f 1371/1371/1371 1372/1372/1372 1373/1373/1373
f 1374/1374/1374 1375/1375/1375 1376/1376/1376
f 1375/1375/1375 1377/1377/1377 1376/1376/1376
f 1376/1376/1376 1377/1377/1377 1378/1378/1378
f 1379/1379/1379 1380/1380/1380 1381/1381/1381
f 1380/1380/1380 1382/1382/1382 1381/1381/1381
f 1381/1381/1381 1382/1382/1382 1383/1383/1383
f 1382/1382/1382 1384/1384/1384 1383/1383/1383
f 1383/1383/1383 1384/1384/1384 1385/1385/1385
f 1384/1384/1384 1386/1386/1386 1385/1385/1385
f 1385/1385/1385 1386/1386/1386 1387/1387/1387
f 1386/1386/1386 1388/1388/1388 1387/1387/1387
f 1389/1389/1389 1390/1390/1390 1391/1391/1391
f 1390/1390/1390 1392/1392/1392 1391/1391/1391
f 1391/1391/1391 1392/1392/1392 1393/1393/1393
f 1392/1392/1392 1394/1394/1394 1393/1393/1393
f 1393/1393/1393 1394/1394/1394 1395/1395/1395
f 1394/1394/1394 1396/1396/1396 1395/1395/1395
f 1395/1395/1395 1396/1396/1396 1397/1397/1397
f 1396/1396/1396 1398/1398/1398 1397/1397/1397
f 1397/1397/1397 1398/1398/1398 1399/1399/1399
f 1400/1400/1400 1401/1401/1401 1402/1402/1402
f 1401/1401/1401 1403/1403/1403 1402/1402/1402
f 1402/1402/1402 1403/1403/1403 1404/1404/1404
f 1405/1405/1405 1406/1406/1406 1407/1407/1407
f 1406/1406/1406 1408/1408/1408 1407/1407/1407
f 1407/1407/1407 1408/1408/1408 1409/1409/1409
f 1408/1408/1408 1410/1410/1410 1409/1409/1409
f 1409/1409/1409 1410/1410/1410 1411/1411/1411
f 1410/1410/1410 1412/1412/1412 1411/1411/1411
f 1411/1411/1411 1412/1412/1412 1413/1413/1413
f 1412/1412/1412 1414/1414/1414 1413/1413/1413
f 1415/1415/1415 1416/1416/1416 1417/1417/1417
f 1416/1416/1416 1418/1418/1418 1417/1417/1417
f 1417/1417/1417 1418/1418/1418 1419/1419/1419
f 1418/1418/1418 1420/1420/1420 1419/1419/1419
f 1419/1419/1419 1420/1420/1420 1421/1421/1421
f 1420/1420/1420 1422/1422/1422 1421/1421/1421
f 1421/1421/1421 1422/1422/1422 1423/1423/1423
f 1422/1422/1422 1424/1424/1424 1423/1423/1423
f 1425/1425/1425 1426/1426/1426 1427/1427/1427
f 1426/1426/1426 1428/1428/1428 1427/1427/1427
f 1427/1427/1427 1428/1428/1428 1429/1429/1429
f 1428/1428/1428 1430/1430/1430 1429/1429/1429
f 1429/1429/1429 1430/1430/1430 1431/1431/1431
f 1430/1430/1430 1432/1432/1432 1431/1431/1431
f 1431/1431/1431 1432/1432/1432 1433/1433/1433
f 1432/1432/1432 1434/1434/1434 1433/1433/1433
f 1435/1435/1435 1436/1436/1436 1437/1437/1437
f 1436/1436/1436 1438/1438/1438 1437/1437/1437
f 1437/1437/1437 1438/1438/1438 1439/1439/1439
f 1438/1438/1438 1440/1440/1440 1439/1439/1439
f 1439/1439/1439 1440/1440/1440 1441/1441/1441
f 1440/1440/1440 1442/1442/1442 1441/1441/1441
f 1441/1441/1441 1442/1442/1442 1443/1443/1443
f 1442/1442/1442 1444/1444/1444 1443/1443/1443
f 1445/1445/1445 1446/1446/1446 1447/1447/1447
f 1446/1446/1446 1448/1448/1448 1447/1447/1447
f 1447/1447/1447 1448/1448/1448 1449/1449/1449
f 1448/1448/1448 1450/1450/1450 1449/1449/1449
f 1449/1449/1449 1450/1450/1450 1451/1451/1451
f 1452/1452/1452 1453/1453/1453 1454/1454/1454
f 1453/1453/1453 1455/1455/1455 1454/1454/1454
f 1454/1454/1454 1455/1455/1455 1456/1456/1456
f 1457/1457/1457 1458/1458/1458 1459/1459/1459
f 1458/1458/1458 1460/1460/1460 1459/1459/1459
f 1459/1459/1459 1460/1460/1460 1461/1461/1461
f 1460/1460/1460 1462/1462/1462 1461/1461/1461
f 1461/1461/1461 1462/1462/1462 1463/1463/1463
f 1462/1462/1462 1464/1464/1464 1463/1463/1463
f 1463/1463/1463 1464/1464/1464 1465/1465/1465
f 1464/1464/1464 1466/1466/1466 1465/1465/1465
f 1465/1465/1465 1466/1466/1466 1467/1467/1467
f 1466/1466/1466 1468/1468/1468 1467/1467/1467
f 1467/1467/1467 1468/1468/1468 1469/1469/1469
f 1468/1468/1468 1470/1470/1470 1469/1469/1469
f 1469/1469/1469 1470/1470/1470 1471/1471/1471
f 1470/1470/1470 1472/1472/1472 1471/1471/1471
f 1471/1471/1471 1472/1472/1472 1473/1473/1473
f 1472/1472/1472 1474/1474/1474 1473/1473/1473
f 1473/1473/1473 1474/1474/1474 1475/1475/1475
f 1474/1474/1474 1476/1476/1476 1475/1475/1475
f 1475/1475/1475 1476/1476/1476 1477/1477/1477
f 1476/1476/1476 1478/1478/1478 1477/1477/1477
f 1477/1477/1477 1478/1478/1478 1479/1479/1479
f 1478/1478/1478 1480/1480/1480 1479/1479/1479
f 1479/1479/1479 1480/1480/1480 1481/1481/1481
f 1480/1480/1480 1482/1482/1482 1481/1481/1481
f 1481/1481/1481 1482/1482/1482 1483/1483/1483
f 1482/1482/1482 1484/1484/1484 1483/1483/1483
f 1483/1483/1483 1484/1484/1484 1485/1485/1485
f 1484/1484/1484 1486/1486/1486 1485/1485/1485
f 1485/1485/1485 1486/1486/1486 1487/1487/1487
f 1486/1486/1486 1488/1488/1488 1487/1487/1487
f 1487/1487/1487 1488/1488/1488 1489/1489/1489
f 1488/1488/1488 1490/1490/1490 1489/1489/1489
f 1489/1489/1489 1490/1490/1490 1491/1491/1491
f 1490/1490/1490 1492/1492/1492 1491/1491/1491
f 1491/1491/1491 1492/1492/1492 1493/1493/1493
f 1492/1492/1492 1494/1494/1494 1493/1493/1493
f 1493/1493/1493 1494/1494/1494 1495/1495/1495
f 1494/1494/1494 1496/1496/1496 1495/1495/1495
f 1495/1495/1495 1496/1496/1496 1497/1497/1497
f 1496/1496/1496 1498/1498/1498 1497/1497/1497
f 1497/1497/1497 1498/1498/1498 1499/1499/1499
f 1498/1498/1498 1500/1500/1500 1499/1499/1499
f 1499/1499/1499 1500/1500/1500 1501/1501/1501
f 1500/1500/1500 1502/1502/1502 1501/1501/1501
f 1501/1501/1501 1502/1502/1502 1503/1503/1503
f 1502/1502/1502 1504/1504/1504 1503/1503/1503
f 1503/1503/1503 1504/1504/1504 1505/1505/1505
f 1506/1506/1506 1507/1507/1507 1508/1508/1508
f 1507/1507/1507 1509/1509/1509 1508/1508/1508
f 1508/1508/1508 1509/1509/1509 1510/1510/1510
f 1509/1509/1509 1511/1511/1511 1510/1510/1510
f 1510/1510/1510 1511/1511/1511 1512/1512/1512
f 1511/1511/1511 1513/1513/1513 1512/1512/1512
f 1512/1512/1512 1513/1513/1513 1514/1514/1514
f 1513/1513/1513 1515/1515/1515 1514/1514/1514
f 1514/1514/1514 1515/1515/1515 1516/1516/1516
f 1515/1515/1515 1517/1517/1517 1516/1516/1516
f 1516/1516/1516 1517/1517/1517 1518/1518/1518
f 1517/1517/1517 1519/1519/1519 1518/1518/1518
f 1518/1518/1518 1519/1519/1519 1520/1520/1520
f 1519/1519/1519 1521/1521/1521 1520/1520/1520
f 1520/1520/1520 1521/1521/1521 1522/1522/1522
f 1521/1521/1521 1523/1523/1523 1522/1522/1522
f 1522/1522/1522 1523/1523/1523 1524/1524/1524
f 1523/1523/1523 1525/1525/1525 1524/1524/1524
f 1524/1524/1524 1525/1525/1525 1526/1526/1526
f 1525/1525/1525 1527/1527/1527 1526/1526/1526
f 1526/1526/1526 1527/1527/1527 1528/1528/1528
f 1527/1527/1527 1529/1529/1529 1528/1528/1528
f 1528/1528/1528 1529/1529/1529 1530/1530/1530
f 1529/1529/1529 1531/1531/1531 1530/1530/1530
f 1530/1530/1530 1531/1531/1531 1532/1532/1532
f 1531/1531/1531 1533/1533/1533 1532/1532/1532
f 1532/1532/1532 1533/1533/1533 1534/1534/1534
f 1533/1533/1533 1535/1535/1535 1534/1534/1534
f 1534/1534/1534 1535/1535/1535 1536/1536/1536
f 1535/1535/1535 1537/1537/1537 1536/1536/1536
f 1536/1536/1536 1537/1537/1537 1538/1538/1538
f 1537/1537/1537 1539/1539/1539 1538/1538/1538
f 1538/1538/1538 1539/1539/1539 1540/1540/1540
f 1539/1539/1539 1541/1541/1541 1540/1540/1540
f 1540/1540/1540 1541/1541/1541 1542/1542/1542
f 1541/1541/1541 1543/1543/1543 1542/1542/1542
f 1542/1542/1542 1543/1543/1543 1544/1544/1544
f 1543/1543/1543 1545/1545/1545 1544/1544/1544
f 1544/1544/1544 1545/1545/1545 1546/1546/1546
f 1545/1545/1545 1547/1547/1547 1546/1546/1546
f 1546/1546/1546 1547/1547/1547 1548/1548/1548
f 1547/1547/1547 1549/1549/1549 1548/1548/1548
f 1548/1548/1548 1549/1549/1549 1550/1550/1550
f 1549/1549/1549 1551/1551/1551 1550/1550/1550
f 1550/1550/1550 1551/1551/1551 1552/1552/1552
f 1551/1551/1551 1553/1553/1553 1552/1552/1552
f 1552/1552/1552 1553/1553/1553 1554/1554/1554
f 1555/1555/1555 1556/1556/1556 1557/1557/1557
f 1556/1556/1556 1558/1558/1558 1557/1557/1557
f 1557/1557/1557 1558/1558/1558 1559/1559/1559
f 1558/1558/1558 1560/1560/1560 1559/1559/1559
f 1559/1559/1559 1560/1560/1560 1561/1561/1561
f 1560/1560/1560 1562/1562/1562 1561/1561/1561
f 1561/1561/1561 1562/1562/1562 1563/1563/1563
f 1562/1562/1562 1564/1564/1564 1563/1563/1563
f 1563/1563/1563 1564/1564/1564 1565/1565/1565
f 1564/1564/1564 1566/1566/1566 1565/1565/1565
f 1565/1565/1565 1566/1566/1566 1567/1567/1567
f 1566/1566/1566 1568/1568/1568 1567/1567/1567
f 1567/1567/1567 1568/1568/1568 1569/1569/1569
f 1568/1568/1568 1570/1570/1570 1569/1569/1569
f 1569/1569/1569 1570/1570/1570 1571/1571/1571
f 1570/1570/1570 1572/1572/1572 1571/1571/1571
f 1571/1571/1571 1572/1572/1572 1573/1573/1573
f 1572/1572/1572 1574/1574/1574 1573/1573/1573
f 1573/1573/1573 1574/1574/1574 1575/1575/1575
f 1574/1574/1574 1576/1576/1576 1575/1575/1575
f 1575/1575/1575 1576/1576/1576 1577/1577/1577
f 1576/1576/1576 1578/1578/1578 1577/1577/1577
f 1577/1577/1577 1578/1578/1578 1579/1579/1579
f 1578/1578/1578 1580/1580/1580 1579/1579/1579
f 1579/1579/1579 1580/1580/1580 1581/1581/1581
f 1580/1580/1580 1582/1582/1582 1581/1581/1581
f 1581/1581/1581 1582/1582/1582 1583/1583/1583
f 1582/1582/1582 1584/1584/1584 1583/1583/1583
f 1583/1583/1583 1584/1584/1584 1585/1585/1585
f 1584/1584/1584 1586/1586/1586 1585/1585/1585
f 1585/1585/1585 1586/1586/1586 1587/1587/1587
f 1586/1586/1586 1588/1588/1588 1587/1587/1587
f 1587/1587/1587 1588/1588/1588 1589/1589/1589
f 1588/1588/1588 1590/1590/1590 1589/1589/1589
f 1589/1589/1589 1590/1590/1590 1591/1591/1591
f 1590/1590/1590 1592/1592/1592 1591/1591/1591
f 1591/1591/1591 1592/1592/1592 1593/1593/1593
f 1592/1592/1592 1594/1594/1594 1593/1593/1593
f 1593/1593/1593 1594/1594/1594 1595/1595/1595
f 1594/1594/1594 1596/1596/1596 1595/1595/1595
f 1595/1595/1595 1596/1596/1596 1597/1597/1597
f 1596/1596/1596 1598/1598/1598 1597/1597/1597
f 1597/1597/1597 1598/1598/1598 1599/1599/1599
f 1598/1598/1598 1600/1600/1600 1599/1599/1599
f 1599/1599/1599 1600/1600/1600 1601/1601/1601
f 1600/1600/1600 1602/1602/1602 1601/1601/1601
f 1601/1601/1601 1602/1602/1602 1603/1603/1603
f 1604/1604/1604 1605/1605/1605 1606/1606/1606
f 1605/1605/1605 1607/1607/1607 1606/1606/1606
f 1606/1606/1606 1607/1607/1607 1608/1608/1608
f 1607/1607/1607 1609/1609/1609 1608/1608/1608
f 1608/1608/1608 1609/1609/1609 1610/1610/1610
f 1609/1609/1609 1611/1611/1611 1610/1610/1610
f 1610/1610/1610 1611/1611/1611 1612/1612/1612
f 1611/1611/1611 1613/1613/1613 1612/1612/1612
f 1612/1612/1612 1613/1613/1613 1614/1614/1614
f 1613/1613/1613 1615/1615/1615 1614/1614/1614
f 1614/1614/1614 1615/1615/1615 1616/1616/1616
f 1615/1615/1615 1617/1617/1617 1616/1616/1616
f 1616/1616/1616 1617/1617/1617 1618/1618/1618
f 1617/1617/1617 1619/1619/1619 1618/1618/1618
f 1618/1618/1618 1619/1619/1619 1620/1620/1620
f 1619/1619/1619 1621/1621/1621 1620/1620/1620
f 1620/1620/1620 1621/1621/1621 1622/1622/1622
f 1621/1621/1621 1623/1623/1623 1622/1622/1622
f 1622/1622/1622 1623/1623/1623 1624/1624/1624
f 1623/1623/1623 1625/1625/1625 1624/1624/1624
f 1624/1624/1624 1625/1625/1625 1626/1626/1626
f 1625/1625/1625 1627/1627/1627 1626/1626/1626
f 1626/1626/1626 1627/1627/1627 1628/1628/1628
f 1627/1627/1627 1629/1629/1629 1628/1628/1628
f 1628/1628/1628 1629/1629/1629 1630/1630/1630
f 1629/1629/1629 1631/1631/1631 1630/1630/1630
f 1630/1630/1630 1631/1631/1631 1632/1632/1632
f 1631/1631/1631 1633/1633/1633 1632/1632/1632
f 1632/1632/1632 1633/1633/1633 1634/1634/1634
f 1633/1633/1633 1635/1635/1635 1634/1634/1634
f 1634/1634/1634 1635/1635/1635 1636/1636/1636
f 1635/1635/1635 1637/1637/1637 1636/1636/1636
f 1636/1636/1636 1637/1637/1637 1638/1638/1638
f 1637/1637/1637 1639/1639/1639 1638/1638/1638
f 1638/1638/1638 1639/1639/1639 1640/1640/1640
f 1639/1639/1639 1641/1641/1641 1640/1640/1640
f 1640/1640/1640 1641/1641/1641 1642/1642/1642
f 1641/1641/1641 1643/1643/1643 1642/1642/1642
f 1642/1642/1642 1643/1643/1643 1644/1644/1644
f 1643/1643/1643 1645/1645/1645 1644/1644/1644
f 1644/1644/1644 1645/1645/1645 1646/1646/1646
f 1645/1645/1645 1647/1647/1647 1646/1646/1646
f 1646/1646/1646 1647/1647/1647 1648/1648/1648
f 1647/1647/1647 1649/1649/1649 1648/1648/1648
f 1648/1648/1648 1649/1649/1649 1650/1650/1650
f 1649/1649/1649 1651/1651/1651 1650/1650/1650
f 1650/1650/1650 1651/1651/1651 1652/1652/1652
f 1653/1653/1653 1654/1654/1654 1655/1655/1655
f 1656/1656/1656 1657/1657/1657 1658/1658/1658
f 1659/1659/1659 1660/1660/1660 1661/1661/1661
f 1660/1660/1660 1662/1662/1662 1661/1661/1661
f 1661/1661/1661 1662/1662/1662 1663/1663/1663
f 1662/1662/1662 1664/1664/1664 1663/1663/1663
f 1663/1663/1663 1664/1664/1664 1665/1665/1665
f 1664/1664/1664 1666/1666/1666 1665/1665/1665
f 1665/1665/1665 1666/1666/1666 1667/1667/1667
f 1666/1666/1666 1668/1668/1668 1667/1667/1667
f 1667/1667/1667 1668/1668/1668 1669/1669/1669
f 1668/1668/1668 1670/1670/1670 1669/1669/1669
f 1669/1669/1669 1670/1670/1670 1671/1671/1671
f 1670/1670/1670 1672/1672/1672 1671/1671/1671
f 1671/1671/1671 1672/1672/1672 1673/1673/1673
f 1672/1672/1672 1674/1674/1674 1673/1673/1673
f 1673/1673/1673 1674/1674/1674 1675/1675/1675
f 1674/1674/1674 1676/1676/1676 1675/1675/1675
f 1675/1675/1675 1676/1676/1676 1677/1677/1677
f 1676/1676/1676 1678/1678/1678 1677/1677/1677
f 1677/1677/1677 1678/1678/1678 1679/1679/1679
f 1680/1680/1680 1681/1681/1681 1682/1682/1682
f 1681/1681/1681 1683/1683/1683 1682/1682/1682
f 1682/1682/1682 1683/1683/1683 1684/1684/1684
f 1683/1683/1683 1685/1685/1685 1684/1684/1684
f 1684/1684/1684 1685/1685/1685 1686/1686/1686
f 1685/1685/1685 1687/1687/1687 1686/1686/1686
f 1686/1686/1686 1687/1687/1687 1688/1688/1688
f 1687/1687/1687 1689/1689/1689 1688/1688/1688
f 1688/1688/1688 1689/1689/1689 1690/1690/1690
f 1689/1689/1689 1691/1691/1691 1690/1690/1690
f 1690/1690/1690 1691/1691/1691 1692/1692/1692
f 1691/1691/1691 1693/1693/1693 1692/1692/1692
f 1692/1692/1692 1693/1693/1693 1694/1694/1694
f 1693/1693/1693 1695/1695/1695 1694/1694/1694
f 1694/1694/1694 1695/1695/1695 1696/1696/1696
f 1695/1695/1695 1697/1697/1697 1696/1696/1696
f 1696/1696/1696 1697/1697/1697 1698/1698/1698
f 1697/1697/1697 1699/1699/1699 1698/1698/1698
f 1698/1698/1698 1699/1699/1699 1700/1700/1700
f 1699/1699/1699 1701/1701/1701 1700/1700/1700
f 1700/1700/1700 1701/1701/1701 1702/1702/1702
f 1701/1701/1701 1703/1703/1703 1702/1702/1702
f 1702/1702/1702 1703/1703/1703 1704/1704/1704
f 1703/1703/1703 1705/1705/1705 1704/1704/1704
f 1704/1704/1704 1705/1705/1705 1706/1706/1706
f 1705/1705/1705 1707/1707/1707 1706/1706/1706
f 1706/1706/1706 1707/1707/1707 1708/1708/1708
f 1707/1707/1707 1709/1709/1709 1708/1708/1708
f 1708/1708/1708 1709/1709/1709 1710/1710/1710
f 1709/1709/1709 1711/1711/1711 1710/1710/1710
f 1710/1710/1710 1711/1711/1711 1712/1712/1712
f 1711/1711/1711 1713/1713/1713 1712/1712/1712
f 1714/1714/1714 1715/1715/1715 1716/1716/1716
f 1715/1715/1715 1717/1717/1717 1716/1716/1716
f 1716/1716/1716 1717/1717/1717 1718/1718/1718
f 1717/1717/1717 1719/1719/1719 1718/1718/1718
f 1718/1718/1718 1719/1719/1719 1720/1720/1720
f 1719/1719/1719 1721/1721/1721 1720/1720/1720
f 1720/1720/1720 1721/1721/1721 1722/1722/1722
f 1721/1721/1721 1723/1723/1723 1722/1722/1722
f 1722/1722/1722 1723/1723/1723 1724/1724/1724
f 1723/1723/1723 1725/1725/1725 1724/1724/1724
f 1724/1724/1724 1725/1725/1725 1726/1726/1726
f 1725/1725/1725 1727/1727/1727 1726/1726/1726
f 1726/1726/1726 1727/1727/1727 1728/1728/1728
f 1727/1727/1727 1729/1729/1729 1728/1728/1728
f 1728/1728/1728 1729/1729/1729 1730/1730/1730
f 1731/1731/1731 1732/1732/1732 1733/1733/1733
f 1732/1732/1732 1734/1734/1734 1733/1733/1733
f 1733/1733/1733 1734/1734/1734 1735/1735/1735
f 1734/1734/1734 1736/1736/1736 1735/1735/1735
f 1735/1735/1735 1736/1736/1736 1737/1737/1737
f 1736/1736/1736 1738/1738/1738 1737/1737/1737
f 1737/1737/1737 1738/1738/1738 1739/1739/1739
f 1738/1738/1738 1740/1740/1740 1739/1739/1739
f 1739/1739/1739 1740/1740/1740 1741/1741/1741
f 1740/1740/1740 1742/1742/1742 1741/1741/1741
f 1741/1741/1741 1742/1742/1742 1743/1743/1743
f 1742/1742/1742 1744/1744/1744 1743/1743/1743
f 1743/1743/1743 1744/1744/1744 1745/1745/1745
f 1744/1744/1744 1746/1746/1746 1745/1745/1745
f 1745/1745/1745 1746/1746/1746 1747/1747/1747
f 1746/1746/1746 1748/1748/1748 1747/1747/1747
f 1747/1747/1747 1748/1748/1748 1749/1749/1749
f 1748/1748/1748 1750/1750/1750 1749/1749/1749
f 1749/1749/1749 1750/1750/1750 1751/1751/1751
f 1750/1750/1750 1752/1752/1752 1751/1751/1751
f 1751/1751/1751 1752/1752/1752 1753/1753/1753
f 1752/1752/1752 1754/1754/1754 1753/1753/1753
f 1753/1753/1753 1754/1754/1754 1755/1755/1755
f 1754/1754/1754 1756/1756/1756 1755/1755/1755
f 1755/1755/1755 1756/1756/1756 1757/1757/1757
f 1756/1756/1756 1758/1758/1758 1757/1757/1757
f 1757/1757/1757 1758/1758/1758 1759/1759/1759
f 1758/1758/1758 1760/1760/1760 1759/1759/1759
f 1759/1759/1759 1760/1760/1760 1761/1761/1761
f 1760/1760/1760 1762/1762/1762 1761/1761/1761
f 1761/1761/1761 1762/1762/1762 1763/1763/1763
f 1762/1762/1762 1764/1764/1764 1763/1763/1763
f 1763/1763/1763 1764/1764/1764 1765/1765/1765
f 1764/1764/1764 1766/1766/1766 1765/1765/1765
f 1765/1765/1765 1766/1766/1766 1767/1767/1767
f 1766/1766/1766 1768/1768/1768 1767/1767/1767
f 1767/1767/1767 1768/1768/1768 1769/1769/1769
f 1768/1768/1768 1770/1770/1770 1769/1769/1769
f 1769/1769/1769 1770/1770/1770 1771/1771/1771
f 1770/1770/1770 1772/1772/1772 1771/1771/1771
f 1771/1771/1771 1772/1772/1772 1773/1773/1773
f 1772/1772/1772 1774/1774/1774 1773/1773/1773
f 1773/1773/1773 1774/1774/1774 1775/1775/1775
f 1774/1774/1774 1776/1776/1776 1775/1775/1775
f 1775/1775/1775 1776/1776/1776 1777/1777/1777
f 1776/1776/1776 1778/1778/1778 1777/1777/1777
f 1777/1777/1777 1778/1778/1778 1779/1779/1779
f 1778/1778/1778 1780/1780/1780 1779/1779/1779
f 1779/1779/1779 1780/1780/1780 1781/1781/1781
f 1780/1780/1780 1782/1782/1782 1781/1781/1781
f 1781/1781/1781 1782/1782/1782 1783/1783/1783
f 1782/1782/1782 1784/1784/1784 1783/1783/1783
f 1783/1783/1783 1784/1784/1784 1785/1785/1785
f 1784/1784/1784 1786/1786/1786 1785/1785/1785
f 1785/1785/1785 1786/1786/1786 1787/1787/1787
f 1786/1786/1786 1788/1788/1788 1787/1787/1787
f 1787/1787/1787 1788/1788/1788 1789/1789/1789
f 1788/1788/1788 1790/1790/1790 1789/1789/1789
f 1789/1789/1789 1790/1790/1790 1791/1791/1791
f 1790/1790/1790 1792/1792/1792 1791/1791/1791
f 1791/1791/1791 1792/1792/1792 1793/1793/1793
f 1794/1794/1794 1795/1795/1795 1796/1796/1796
f 1795/1795/1795 1797/1797/1797 1796/1796/1796
f 1796/1796/1796 1797/1797/1797 1798/1798/1798
f 1797/1797/1797 1799/1799/1799 1798/1798/1798
f 1798/1798/1798 1799/1799/1799 1800/1800/1800
f 1799/1799/1799 1801/1801/1801 1800/1800/1800
f 1800/1800/1800 1801/1801/1801 1802/1802/1802
f 1801/1801/1801 1803/1803/1803 1802/1802/1802
f 1802/1802/1802 1803/1803/1803 1804/1804/1804
f 1803/1803/1803 1805/1805/1805 1804/1804/1804
f 1804/1804/1804 1805/1805/1805 1806/1806/1806
f 1805/1805/1805 1807/1807/1807 1806/1806/1806
f 1806/1806/1806 1807/1807/1807 1808/1808/1808
f 1807/1807/1807 1809/1809/1809 1808/1808/1808
f 1808/1808/1808 1809/1809/1809 1810/1810/1810
f 1809/1809/1809 1811/1811/1811 1810/1810/1810
f 1810/1810/1810 1811/1811/1811 1812/1812/1812
f 1811/1811/1811 1813/1813/1813 1812/1812/1812
f 1812/1812/1812 1813/1813/1813 1814/1814/1814
f 1813/1813/1813 1815/1815/1815 1814/1814/1814
f 1814/1814/1814 1815/1815/1815 1816/1816/1816
f 1815/1815/1815 1817/1817/1817 1816/1816/1816
f 1816/1816/1816 1817/1817/1817 1818/1818/1818
f 1817/1817/1817 1819/1819/1819 1818/1818/1818
f 1818/1818/1818 1819/1819/1819 1820/1820/1820
f 1819/1819/1819 1821/1821/1821 1820/1820/1820
f 1820/1820/1820 1821/1821/1821 1822/1822/1822
f 1821/1821/1821 1823/1823/1823 1822/1822/1822
f 1822/1822/1822 1823/1823/1823 1824/1824/1824
f 1823/1823/1823 1825/1825/1825 1824/1824/1824
f 1824/1824/1824 1825/1825/1825 1826/1826/1826
f 1825/1825/1825 1827/1827/1827 1826/1826/1826
f 1826/1826/1826 1827/1827/1827 1828/1828/1828
f 1827/1827/1827 1829/1829/1829 1828/1828/1828
f 1828/1828/1828 1829/1829/1829 1830/1830/1830
f 1829/1829/1829 1831/1831/1831 1830/1830/1830
f 1830/1830/1830 1831/1831/1831 1832/1832/1832
f 1831/1831/1831 1833/1833/1833 1832/1832/1832
f 1832/1832/1832 1833/1833/1833 1834/1834/1834
f 1833/1833/1833 1835/1835/1835 1834/1834/1834
f 1834/1834/1834 1835/1835/1835 1836/1836/1836
f 1835/1835/1835 1837/1837/1837 1836/1836/1836
f 1836/1836/1836 1837/1837/1837 1838/1838/1838
f 1837/1837/1837 1839/1839/1839 1838/1838/1838
f 1838/1838/1838 1839/1839/1839 1840/1840/1840
f 1839/1839/1839 1841/1841/1841 1840/1840/1840
f 1840/1840/1840 1841/1841/1841 1842/1842/1842
f 1841/1841/1841 1843/1843/1843 1842/1842/1842
f 1842/1842/1842 1843/1843/1843 1844/1844/1844
f 1843/1843/1843 1845/1845/1845 1844/1844/1844
f 1844/1844/1844 1845/1845/1845 1846/1846/1846
f 1845/1845/1845 1847/1847/1847 1846/1846/1846
f 1846/1846/1846 1847/1847/1847 1848/1848/1848
f 1847/1847/1847 1849/1849/1849 1848/1848/1848
f 1848/1848/1848 1849/1849/1849 1850/1850/1850
f 1849/1849/1849 1851/1851/1851 1850/1850/1850
f 1850/1850/1850 1851/1851/1851 1852/1852/1852
f 1851/1851/1851 1853/1853/1853 1852/1852/1852
f 1852/1852/1852 1853/1853/1853 1854/1854/1854
f 1853/1853/1853 1855/1855/1855 1854/1854/1854
f 1854/1854/1854 1855/1855/1855 1856/1856/1856
f 1857/1857/1857 1858/1858/1858 1859/1859/1859
f 1860/1860/1860 1861/1861/1861 1862/1862/1862
f 1863/1863/1863 1864/1864/1864 1865/1865/1865
f 1864/1864/1864 1866/1866/1866 1865/1865/1865
f 1865/1865/1865 1866/1866/1866 1867/1867/1867
f 1866/1866/1866 1868/1868/1868 1867/1867/1867
f 1867/1867/1867 1868/1868/1868 1869/1869/1869
f 1868/1868/1868 1870/1870/1870 1869/1869/1869
f 1869/1869/1869 1870/1870/1870 1871/1871/1871
f 1870/1870/1870 1872/1872/1872 1871/1871/1871
f 1871/1871/1871 1872/1872/1872 1873/1873/1873
f 1872/1872/1872 1874/1874/1874 1873/1873/1873
f 1873/1873/1873 1874/1874/1874 1875/1875/1875
f 1874/1874/1874 1876/1876/1876 1875/1875/1875
f 1875/1875/1875 1876/1876/1876 1877/1877/1877
f 1876/1876/1876 1878/1878/1878 1877/1877/1877
f 1877/1877/1877 1878/1878/1878 1879/1879/1879
f 1878/1878/1878 1880/1880/1880 1879/1879/1879
f 1879/1879/1879 1880/1880/1880 1881/1881/1881
f 1880/1880/1880 1882/1882/1882 1881/1881/1881
f 1881/1881/1881 1882/1882/1882 1883/1883/1883
f 1884/1884/1884 1885/1885/1885 1886/1886/1886
f 1885/1885/1885 1887/1887/1887 1886/1886/1886
f 1886/1886/1886 1887/1887/1887 1888/1888/1888
f 1887/1887/1887 1889/1889/1889 1888/1888/1888
f 1888/1888/1888 1889/1889/1889 1890/1890/1890
f 1889/1889/1889 1891/1891/1891 1890/1890/1890
f 1890/1890/1890 1891/1891/1891 1892/1892/1892
f 1891/1891/1891 1893/1893/1893 1892/1892/1892
f 1892/1892/1892 1893/1893/1893 1894/1894/1894
f 1893/1893/1893 1895/1895/1895 1894/1894/1894
f 1894/1894/1894 1895/1895/1895 1896/1896/1896
f 1895/1895/1895 1897/1897/1897 1896/1896/1896
f 1896/1896/1896 1897/1897/1897 1898/1898/1898
f 1897/1897/1897 1899/1899/1899 1898/1898/1898
f 1898/1898/1898 1899/1899/1899 1900/1900/1900
f 1899/1899/1899 1901/1901/1901 1900/1900/1900
f 1900/1900/1900 1901/1901/1901 1902/1902/1902
f 1901/1901/1901 1903/1903/1903 1902/1902/1902
f 1902/1902/1902 1903/1903/1903 1904/1904/1904
f 1903/1903/1903 1905/1905/1905 1904/1904/1904
f 1904/1904/1904 1905/1905/1905 1906/1906/1906
f 1905/1905/1905 1907/1907/1907 1906/1906/1906
f 1906/1906/1906 1907/1907/1907 1908/1908/1908
f 1907/1907/1907 1909/1909/1909 1908/1908/1908
f 1908/1908/1908 1909/1909/1909 1910/1910/1910
f 1909/1909/1909 1911/1911/1911 1910/1910/1910
f 1910/1910/1910 1911/1911/1911 1912/1912/1912
f 1911/1911/1911 1913/1913/1913 1912/1912/1912
f 1912/1912/1912 1913/1913/1913 1914/1914/1914
f 1913/1913/1913 1915/1915/1915 1914/1914/1914
f 1914/1914/1914 1915/1915/1915 1916/1916/1916
f 1915/1915/1915 1917/1917/1917 1916/1916/1916
f 1918/1918/1918 1919/1919/1919 1920/1920/1920
f 1919/1919/1919 1921/1921/1921 1920/1920/1920
f 1920/1920/1920 1921/1921/1921 1922/1922/1922
f 1921/1921/1921 1923/1923/1923 1922/1922/1922
f 1922/1922/1922 1923/1923/1923 1924/1924/1924
f 1923/1923/1923 1925/1925/1925 1924/1924/1924
f 1924/1924/1924 1925/1925/1925 1926/1926/1926
f 1925/1925/1925 1927/1927/1927 1926/1926/1926
f 1926/1926/1926 1927/1927/1927 1928/1928/1928
f 1927/1927/1927 1929/1929/1929 1928/1928/1928
f 1928/1928/1928 1929/1929/1929 1930/1930/1930
f 1929/1929/1929 1931/1931/1931 1930/1930/1930
f 1930/1930/1930 1931/1931/1931 1932/1932/1932
f 1931/1931/1931 1933/1933/1933 1932/1932/1932
f 1932/1932/1932 1933/1933/1933 1934/1934/1934
f 1935/1935/1935 1936/1936/1936 1937/1937/1937
f 1936/1936/1936 1938/1938/1938 1937/1937/1937
f 1937/1937/1937 1938/1938/1938 1939/1939/1939
f 1938/1938/1938 1940/1940/1940 1939/1939/1939
f 1939/1939/1939 1940/1940/1940 1941/1941/1941
f 1940/1940/1940 1942/1942/1942 1941/1941/1941
f 1941/1941/1941 1942/1942/1942 1943/1943/1943
f 1942/1942/1942 1944/1944/1944 1943/1943/1943
f 1943/1943/1943 1944/1944/1944 1945/1945/1945
f 1944/1944/1944 1946/1946/1946 1945/1945/1945
f 1945/1945/1945 1946/1946/1946 1947/1947/1947
f 1946/1946/1946 1948/1948/1948 1947/1947/1947
f 1947/1947/1947 1948/1948/1948 1949/1949/1949
f 1948/1948/1948 1950/1950/1950 1949/1949/1949
f 1949/1949/1949 1950/1950/1950 1951/1951/1951
f 1950/1950/1950 1952/1952/1952 1951/1951/1951
f 1951/1951/1951 1952/1952/1952 1953/1953/1953
f 1952/1952/1952 1954/1954/1954 1953/1953/1953
f 1953/1953/1953 1954/1954/1954 1955/1955/1955
f 1954/1954/1954 1956/1956/1956 1955/1955/1955
f 1955/1955/1955 1956/1956/1956 1957/1957/1957
f 1956/1956/1956 1958/1958/1958 1957/1957/1957
f 1957/1957/1957 1958/1958/1958 1959/1959/1959
f 1958/1958/1958 1960/1960/1960 1959/1959/1959
f 1959/1959/1959 1960/1960/1960 1961/1961/1961
f 1960/1960/1960 1962/1962/1962 1961/1961/1961
f 1961/1961/1961 1962/1962/1962 1963/1963/1963
f 1962/1962/1962 1964/1964/1964 1963/1963/1963
f 1963/1963/1963 1964/1964/1964 1965/1965/1965
f 1964/1964/1964 1966/1966/1966 1965/1965/1965
f 1965/1965/1965 1966/1966/1966 1967/1967/1967
f 1966/1966/1966 1968/1968/1968 1967/1967/1967
f 1967/1967/1967 1968/1968/1968 1969/1969/1969
f 1968/1968/1968 1970/1970/1970 1969/1969/1969
f 1969/1969/1969 1970/1970/1970 1971/1971/1971
f 1970/1970/1970 1972/1972/1972 1971/1971/1971
f 1971/1971/1971 1972/1972/1972 1973/1973/1973
f 1972/1972/1972 1974/1974/1974 1973/1973/1973
f 1973/1973/1973 1974/1974/1974 1975/1975/1975
f 1974/1974/1974 1976/1976/1976 1975/1975/1975
f 1975/1975/1975 1976/1976/1976 1977/1977/1977
f 1976/1976/1976 1978/1978/1978 1977/1977/1977
f 1977/1977/1977 1978/1978/1978 1979/1979/1979
f 1978/1978/1978 1980/1980/1980 1979/1979/1979
f 1979/1979/1979 1980/1980/1980 1981/1981/1981
f 1980/1980/1980 1982/1982/1982 1981/1981/1981
f 1981/1981/1981 1982/1982/1982 1983/1983/1983
f 1982/1982/1982 1984/1984/1984 1983/1983/1983
f 1983/1983/1983 1984/1984/1984 1985/1985/1985
f 1984/1984/1984 1986/1986/1986 1985/1985/1985
f 1985/1985/1985 1986/1986/1986 1987/1987/1987
f 1986/1986/1986 1988/1988/1988 1987/1987/1987
f 1987/1987/1987 1988/1988/1988 1989/1989/1989
f 1988/1988/1988 1990/1990/1990 1989/1989/1989
f 1989/1989/1989 1990/1990/1990 1991/1991/1991
f 1990/1990/1990 1992/1992/1992 1991/1991/1991
f 1991/1991/1991 1992/1992/1992 1993/1993/1993
f 1992/1992/1992 1994/1994/1994 1993/1993/1993
f 1993/1993/1993 1994/1994/1994 1995/1995/1995
f 1994/1994/1994 1996/1996/1996 1995/1995/1995
f 1995/1995/1995 1996/1996/1996 1997/1997/1997
f 1998/1998/1998 1999/1999/1999 2000/2000/2000
f 1999/1999/1999 2001/2001/2001 2000/2000/2000
f 2000/2000/2000 2001/2001/2001 2002/2002/2002
f 2001/2001/2001 2003/2003/2003 2002/2002/2002
f 2002/2002/2002 2003/2003/2003 2004/2004/2004
f 2003/2003/2003 2005/2005/2005 2004/2004/2004
f 2004/2004/2004 2005/2005/2005 2006/2006/2006
f 2005/2005/2005 2007/2007/2007 2006/2006/2006
f 2006/2006/2006 2007/2007/2007 2008/2008/2008
f 2007/2007/2007 2009/2009/2009 2008/2008/2008
f 2008/2008/2008 2009/2009/2009 2010/2010/2010
f 2009/2009/2009 2011/2011/2011 2010/2010/2010
f 2010/2010/2010 2011/2011/2011 2012/2012/2012
f 2011/2011/2011 2013/2013/2013 2012/2012/2012
f 2012/2012/2012 2013/2013/2013 2014/2014/2014
f 2013/2013/2013 2015/2015/2015 2014/2014/2014
f 2014/2014/2014 2015/2015/2015 2016/2016/2016
f 2015/2015/2015 2017/2017/2017 2016/2016/2016
f 2016/2016/2016 2017/2017/2017 2018/2018/2018
f 2017/2017/2017 2019/2019/2019 2018/2018/2018
f 2018/2018/2018 2019/2019/2019 2020/2020/2020
f 2019/2019/2019 2021/2021/2021 2020/2020/2020
f 2020/2020/2020 2021/2021/2021 2022/2022/2022
f 2021/2021/2021 2023/2023/2023 2022/2022/2022
f 2022/2022/2022 2023/2023/2023 2024/2024/2024
f 2023/2023/2023 2025/2025/2025 2024/2024/2024
f 2024/2024/2024 2025/2025/2025 2026/2026/2026
f 2025/2025/2025 2027/2027/2027 2026/2026/2026
f 2026/2026/2026 2027/2027/2027 2028/2028/2028
f 2027/2027/2027 2029/2029/2029 2028/2028/2028
f 2028/2028/2028 2029/2029/2029 2030/2030/2030
f 2029/2029/2029 2031/2031/2031 2030/2030/2030
f 2030/2030/2030 2031/2031/2031 2032/2032/2032
f 2031/2031/2031 2033/2033/2033 2032/2032/2032
f 2032/2032/2032 2033/2033/2033 2034/2034/2034
f 2033/2033/2033 2035/2035/2035 2034/2034/2034
f 2034/2034/2034 2035/2035/2035 2036/2036/2036
f 2035/2035/2035 2037/2037/2037 2036/2036/2036
f 2036/2036/2036 2037/2037/2037 2038/2038/2038
f 2037/2037/2037 2039/2039/2039 2038/2038/2038
f 2038/2038/2038 2039/2039/2039 2040/2040/2040
f 2039/2039/2039 2041/2041/2041 2040/2040/2040
f 2040/2040/2040 2041/2041/2041 2042/2042/2042
f 2041/2041/2041 2043/2043/2043 2042/2042/2042
f 2042/2042/2042 2043/2043/2043 2044/2044/2044
f 2043/2043/2043 2045/2045/2045 2044/2044/2044
f 2044/2044/2044 2045/2045/2045 2046/2046/2046
f 2045/2045/2045 2047/2047/2047 2046/2046/2046
f 2046/2046/2046 2047/2047/2047 2048/2048/2048
f 2047/2047/2047 2049/2049/2049 2048/2048/2048
f 2048/2048/2048 2049/2049/2049 2050/2050/2050
f 2049/2049/2049 2051/2051/2051 2050/2050/2050
f 2050/2050/2050 2051/2051/2051 2052/2052/2052
f 2051/2051/2051 2053/2053/2053 2052/2052/2052
f 2052/2052/2052 2053/2053/2053 2054/2054/2054
f 2053/2053/2053 2055/2055/2055 2054/2054/2054
f 2054/2054/2054 2055/2055/2055 2056/2056/2056
f 2055/2055/2055 2057/2057/2057 2056/2056/2056
f 2056/2056/2056 2057/2057/2057 2058/2058/2058
f 2057/2057/2057 2059/2059/2059 2058/2058/2058
f 2058/2058/2058 2059/2059/2059 2060/2060/2060
f 2061/2061/2061 2062/2062/2062 2063/2063/2063
f 2062/2062/2062 2064/2064/2064 2063/2063/2063
f 2065/2065/2065 2066/2066/2066 2067/2067/2067
f 2066/2066/2066 2068/2068/2068 2067/2067/2067
f 2067/2067/2067 2068/2068/2068 2069/2069/2069
f 2070/2070/2070 2071/2071/2071 2072/2072/2072
f 2071/2071/2071 2073/2073/2073 2072/2072/2072
f 2072/2072/2072 2073/2073/2073 2074/2074/2074
f 2073/2073/2073 2075/2075/2075 2074/2074/2074
f 2074/2074/2074 2075/2075/2075 2076/2076/2076
f 2077/2077/2077 2078/2078/2078 2079/2079/2079
f 2080/2080/2080 2081/2081/2081 2082/2082/2082
f 2083/2083/2083 2084/2084/2084 2085/2085/2085
f 2084/2084/2084 2086/2086/2086 2085/2085/2085
f 2085/2085/2085 2086/2086/2086 2087/2087/2087
f 2088/2088/2088 2089/2089/2089 2090/2090/2090
f 2089/2089/2089 2091/2091/2091 2090/2090/2090
f 2090/2090/2090 2091/2091/2091 2092/2092/2092
f 2091/2091/2091 2093/2093/2093 2092/2092/2092
f 2092/2092/2092 2093/2093/2093 2094/2094/2094
f 2095/2095/2095 2096/2096/2096 2097/2097/2097
f 2096/2096/2096 2098/2098/2098 2097/2097/2097
f 2099/2099/2099 2100/2100/2100 2101/2101/2101
f 2100/2100/2100 2102/2102/2102 2101/2101/2101
f 2101/2101/2101 2102/2102/2102 2103/2103/2103
f 2104/2104/2104 2105/2105/2105 2106/2106/2106
f 2105/2105/2105 2107/2107/2107 2106/2106/2106
f 2106/2106/2106 2107/2107/2107 2108/2108/2108
f 2107/2107/2107 2109/2109/2109 2108/2108/2108
f 2108/2108/2108 2109/2109/2109 2110/2110/2110
f 2111/2111/2111 2112/2112/2112 2113/2113/2113
f 2114/2114/2114 2115/2115/2115 2116/2116/2116
f 2117/2117/2117 2118/2118/2118 2119/2119/2119
f 2118/2118/2118 2120/2120/2120 2119/2119/2119
f 2119/2119/2119 2120/2120/2120 2121/2121/2121
f 2122/2122/2122 2123/2123/2123 2124/2124/2124
f 2123/2123/2123 2125/2125/2125 2124/2124/2124
f 2124/2124/2124 2125/2125/2125 2126/2126/2126
f 2125/2125/2125 2127/2127/2127 2126/2126/2126
f 2126/2126/2126 2127/2127/2127 2128/2128/2128
f 2129/2129/2129 2130/2130/2130 2131/2131/2131
f 2130/2130/2130 2132/2132/2132 2131/2131/2131
f 2133/2133/2133 2134/2134/2134 2135/2135/2135
f 2134/2134/2134 2136/2136/2136 2135/2135/2135
f 2135/2135/2135 2136/2136/2136 2137/2137/2137
f 2138/2138/2138 2139/2139/2139 2140/2140/2140
f 2139/2139/2139 2141/2141/2141 2140/2140/2140
f 2140/2140/2140 2141/2141/2141 2142/2142/2142
f 2141/2141/2141 2143/2143/2143 2142/2142/2142
f 2142/2142/2142 2143/2143/2143 2144/2144/2144
f 2145/2145/2145 2146/2146/2146 2147/2147/2147
f 2148/2148/2148 2149/2149/2149 2150/2150/2150
f 2151/2151/2151 2152/2152/2152 2153/2153/2153
f 2152/2152/2152 2154/2154/2154 2153/2153/2153
f 2153/2153/2153 2154/2154/2154 2155/2155/2155
f 2156/2156/2156 2157/2157/2157 2158/2158/2158
f 2157/2157/2157 2159/2159/2159 2158/2158/2158
f 2158/2158/2158 2159/2159/2159 2160/2160/2160
f 2159/2159/2159 2161/2161/2161 2160/2160/2160
f 2160/2160/2160 2161/2161/2161 2162/2162/2162
f 2163/2163/2163 2164/2164/2164 2165/2165/2165
f 2166/2166/2166 2167/2167/2167 2168/2168/2168
f 2169/2169/2169 2170/2170/2170 2171/2171/2171
f 2170/2170/2170 2172/2172/2172 2171/2171/2171
f 2171/2171/2171 2172/2172/2172 2173/2173/2173
f 2174/2174/2174 2175/2175/2175 2176/2176/2176
f 2175/2175/2175 2177/2177/2177 2176/2176/2176
f 2176/2176/2176 2177/2177/2177 2178/2178/2178
f 2177/2177/2177 2179/2179/2179 2178/2178/2178
f 2178/2178/2178 2179/2179/2179 2180/2180/2180
f 2181/2181/2181 2182/2182/2182 2183/2183/2183
f 2182/2182/2182 2184/2184/2184 2183/2183/2183
f 2185/2185/2185 2186/2186/2186 2187/2187/2187
f 2186/2186/2186 2188/2188/2188 2187/2187/2187
f 2187/2187/2187 2188/2188/2188 2189/2189/2189
f 2190/2190/2190 2191/2191/2191 2192/2192/2192
f 2191/2191/2191 2193/2193/2193 2192/2192/2192
f 2192/2192/2192 2193/2193/2193 2194/2194/2194
f 2193/2193/2193 2195/2195/2195 2194/2194/2194
f 2194/2194/2194 2195/2195/2195 2196/2196/2196
f 2197/2197/2197 2198/2198/2198 2199/2199/2199
f 2200/2200/2200 2201/2201/2201 2202/2202/2202
f 2201/2201/2201 2203/2203/2203 2202/2202/2202
f 2202/2202/2202 2203/2203/2203 2204/2204/2204
f 2203/2203/2203 2205/2205/2205 2204/2204/2204
f 2206/2206/2206 2207/2207/2207 2208/2208/2208
f 2207/2207/2207 2209/2209/2209 2208/2208/2208
f 2208/2208/2208 2209/2209/2209 2210/2210/2210
f 2211/2211/2211 2212/2212/2212 2213/2213/2213
f 2212/2212/2212 2214/2214/2214 2213/2213/2213
f 2213/2213/2213 2214/2214/2214 2215/2215/2215
f 2216/2216/2216 2217/2217/2217 2218/2218/2218
f 2217/2217/2217 2219/2219/2219 2218/2218/2218
f 2218/2218/2218 2219/2219/2219 2220/2220/2220
f 2221/2221/2221 2222/2222/2222 2223/2223/2223
f 2222/2222/2222 2224/2224/2224 2223/2223/2223
f 2223/2223/2223 2224/2224/2224 2225/2225/2225
f 2226/2226/2226 2227/2227/2227 2228/2228/2228
f 2227/2227/2227 2229/2229/2229 2228/2228/2228
f 2228/2228/2228 2229/2229/2229 2230/2230/2230
f 2231/2231/2231 2232/2232/2232 2233/2233/2233
f 2232/2232/2232 2234/2234/2234 2233/2233/2233
f 2233/2233/2233 2234/2234/2234 2235/2235/2235
f 2236/2236/2236 2237/2237/2237 2238/2238/2238
f 2237/2237/2237 2239/2239/2239 2238/2238/2238
f 2238/2238/2238 2239/2239/2239 2240/2240/2240
f 2241/2241/2241 2242/2242/2242 2243/2243/2243
f 2242/2242/2242 2244/2244/2244 2243/2243/2243
f 2243/2243/2243 2244/2244/2244 2245/2245/2245
f 2246/2246/2246 2247/2247/2247 2248/2248/2248
f 2247/2247/2247 2249/2249/2249 2248/2248/2248
f 2248/2248/2248 2249/2249/2249 2250/2250/2250
f 2249/2249/2249 2251/2251/2251 2250/2250/2250
f 2250/2250/2250 2251/2251/2251 2252/2252/2252
f 2251/2251/2251 2253/2253/2253 2252/2252/2252
f 2252/2252/2252 2253/2253/2253 2254/2254/2254
f 2253/2253/2253 2255/2255/2255 2254/2254/2254
f 2254/2254/2254 2255/2255/2255 2256/2256/2256
f 2255/2255/2255 2257/2257/2257 2256/2256/2256
f 2256/2256/2256 2257/2257/2257 2258/2258/2258
f 2257/2257/2257 2259/2259/2259 2258/2258/2258
f 2258/2258/2258 2259/2259/2259 2260/2260/2260
f 2261/2261/2261 2262/2262/2262 2263/2263/2263
f 2262/2262/2262 2264/2264/2264 2263/2263/2263
f 2263/2263/2263 2264/2264/2264 2265/2265/2265
f 2264/2264/2264 2266/2266/2266 2265/2265/2265
f 2265/2265/2265 2266/2266/2266 2267/2267/2267
f 2266/2266/2266 2268/2268/2268 2267/2267/2267
f 2267/2267/2267 2268/2268/2268 2269/2269/2269
f 2268/2268/2268 2270/2270/2270 2269/2269/2269
f 2269/2269/2269 2270/2270/2270 2271/2271/2271
f 2270/2270/2270 2272/2272/2272 2271/2271/2271
f 2271/2271/2271 2272/2272/2272 2273/2273/2273
f 2272/2272/2272 2274/2274/2274 2273/2273/2273
f 2275/2275/2275 2276/2276/2276 2277/2277/2277
f 2276/2276/2276 2278/2278/2278 2277/2277/2277
f 2277/2277/2277 2278/2278/2278 2279/2279/2279
f 2278/2278/2278 2280/2280/2280 2279/2279/2279
f 2281/2281/2281 2282/2282/2282 2283/2283/2283
f 2282/2282/2282 2284/2284/2284 2283/2283/2283
f 2283/2283/2283 2284/2284/2284 2285/2285/2285
f 2286/2286/2286 2287/2287/2287 2288/2288/2288
f 2287/2287/2287 2289/2289/2289 2288/2288/2288
f 2288/2288/2288 2289/2289/2289 2290/2290/2290
f 2291/2291/2291 2292/2292/2292 2293/2293/2293
f 2292/2292/2292 2294/2294/2294 2293/2293/2293
f 2293/2293/2293 2294/2294/2294 2295/2295/2295
f 2294/2294/2294 2296/2296/2296 2295/2295/2295
f 2295/2295/2295 2296/2296/2296 2297/2297/2297
f 2296/2296/2296 2298/2298/2298 2297/2297/2297
f 2297/2297/2297 2298/2298/2298 2299/2299/2299
f 2298/2298/2298 2300/2300/2300 2299/2299/2299
f 2299/2299/2299 2300/2300/2300 2301/2301/2301
f 2300/2300/2300 2302/2302/2302 2301/2301/2301
f 2301/2301/2301 2302/2302/2302 2303/2303/2303
f 2302/2302/2302 2304/2304/2304 2303/2303/2303
f 2303/2303/2303 2304/2304/2304 2305/2305/2305
f 2304/2304/2304 2306/2306/2306 2305/2305/2305
f 2305/2305/2305 2306/2306/2306 2307/2307/2307
f 2306/2306/2306 2308/2308/2308 2307/2307/2307
f 2307/2307/2307 2308/2308/2308 2309/2309/2309
f 2310/2310/2310 2311/2311/2311 2312/2312/2312
f 2311/2311/2311 2313/2313/2313 2312/2312/2312
f 2312/2312/2312 2313/2313/2313 2314/2314/2314
f 2313/2313/2313 2315/2315/2315 2314/2314/2314
f 2314/2314/2314 2315/2315/2315 2316/2316/2316
f 2315/2315/2315 2317/2317/2317 2316/2316/2316
f 2316/2316/2316 2317/2317/2317 2318/2318/2318
f 2317/2317/2317 2319/2319/2319 2318/2318/2318
f 2318/2318/2318 2319/2319/2319 2320/2320/2320
f 2319/2319/2319 2321/2321/2321 2320/2320/2320
f 2320/2320/2320 2321/2321/2321 2322/2322/2322
f 2321/2321/2321 2323/2323/2323 2322/2322/2322
f 2322/2322/2322 2323/2323/2323 2324/2324/2324
f 2323/2323/2323 2325/2325/2325 2324/2324/2324
f 2324/2324/2324 2325/2325/2325 2326/2326/2326
f 2325/2325/2325 2327/2327/2327 2326/2326/2326
f 2326/2326/2326 2327/2327/2327 2328/2328/2328
f 2327/2327/2327 2329/2329/2329 2328/2328/2328
f 2328/2328/2328 2329/2329/2329 2330/2330/2330
f 2329/2329/2329 2331/2331/2331 2330/2330/2330
f 2330/2330/2330 2331/2331/2331 2332/2332/2332
f 2331/2331/2331 2333/2333/2333 2332/2332/2332
f 2332/2332/2332 2333/2333/2333 2334/2334/2334
f 2333/2333/2333 2335/2335/2335 2334/2334/2334
f 2336/2336/2336 2337/2337/2337 2338/2338/2338
f 2337/2337/2337 2339/2339/2339 2338/2338/2338
f 2338/2338/2338 2339/2339/2339 2340/2340/2340
f 2341/2341/2341 2342/2342/2342 2343/2343/2343
f 2342/2342/2342 2344/2344/2344 2343/2343/2343
f 2343/2343/2343 2344/2344/2344 2345/2345/2345
f 2346/2346/2346 2347/2347/2347 2348/2348/2348
f 2347/2347/2347 2349/2349/2349 2348/2348/2348
f 2348/2348/2348 2349/2349/2349 2350/2350/2350
f 2351/2351/2351 2352/2352/2352 2353/2353/2353
f 2352/2352/2352 2354/2354/2354 2353/2353/2353
f 2353/2353/2353 2354/2354/2354 2355/2355/2355
f 2356/2356/2356 2357/2357/2357 2358/2358/2358
f 2357/2357/2357 2359/2359/2359 2358/2358/2358
f 2358/2358/2358 2359/2359/2359 2360/2360/2360
f 2361/2361/2361 2362/2362/2362 2363/2363/2363
f 2362/2362/2362 2364/2364/2364 2363/2363/2363
f 2363/2363/2363 2364/2364/2364 2365/2365/2365
f 2366/2366/2366 2367/2367/2367 2368/2368/2368
f 2369/2369/2369 2370/2370/2370 2371/2371/2371
f 2370/2370/2370 2372/2372/2372 2371/2371/2371
f 2371/2371/2371 2372/2372/2372 2373/2373/2373
f 2372/2372/2372 2374/2374/2374 2373/2373/2373
f 2375/2375/2375 2376/2376/2376 2377/2377/2377
f 2376/2376/2376 2378/2378/2378 2377/2377/2377
f 2377/2377/2377 2378/2378/2378 2379/2379/2379
f 2380/2380/2380 2381/2381/2381 2382/2382/2382
f 2381/2381/2381 2383/2383/2383 2382/2382/2382
f 2382/2382/2382 2383/2383/2383 2384/2384/2384
f 2385/2385/2385 2386/2386/2386 2387/2387/2387
f 2386/2386/2386 2388/2388/2388 2387/2387/2387
f 2387/2387/2387 2388/2388/2388 2389/2389/2389
f 2390/2390/2390 2391/2391/2391 2392/2392/2392
f 2391/2391/2391 2393/2393/2393 2392/2392/2392
f 2392/2392/2392 2393/2393/2393 2394/2394/2394
f 2395/2395/2395 2396/2396/2396 2397/2397/2397
f 2396/2396/2396 2398/2398/2398 2397/2397/2397
f 2397/2397/2397 2398/2398/2398 2399/2399/2399
f 2400/2400/2400 2401/2401/2401 2402/2402/2402
f 2401/2401/2401 2403/2403/2403 2402/2402/2402
f 2402/2402/2402 2403/2403/2403 2404/2404/2404
f 2405/2405/2405 2406/2406/2406 2407/2407/2407
f 2406/2406/2406 2408/2408/2408 2407/2407/2407
f 2407/2407/2407 2408/2408/2408 2409/2409/2409
f 2408/2408/2408 2410/2410/2410 2409/2409/2409
f 2409/2409/2409 2410/2410/2410 2411/2411/2411
f 2410/2410/2410 2412/2412/2412 2411/2411/2411
f 2411/2411/2411 2412/2412/2412 2413/2413/2413
f 2412/2412/2412 2414/2414/2414 2413/2413/2413
f 2413/2413/2413 2414/2414/2414 2415/2415/2415
f 2414/2414/2414 2416/2416/2416 2415/2415/2415
f 2415/2415/2415 2416/2416/2416 2417/2417/2417
f 2418/2418/2418 2419/2419/2419 2420/2420/2420
f 2419/2419/2419 2421/2421/2421 2420/2420/2420
f 2420/2420/2420 2421/2421/2421 2422/2422/2422
f 2421/2421/2421 2423/2423/2423 2422/2422/2422
f 2422/2422/2422 2423/2423/2423 2424/2424/2424
f 2423/2423/2423 2425/2425/2425 2424/2424/2424
f 2424/2424/2424 2425/2425/2425 2426/2426/2426
f 2425/2425/2425 2427/2427/2427 2426/2426/2426
f 2426/2426/2426 2427/2427/2427 2428/2428/2428
f 2427/2427/2427 2429/2429/2429 2428/2428/2428
f 2430/2430/2430 2431/2431/2431 2432/2432/2432
f 2431/2431/2431 2433/2433/2433 2432/2432/2432
f 2432/2432/2432 2433/2433/2433 2434/2434/2434
f 2435/2435/2435 2436/2436/2436 2437/2437/2437
f 2436/2436/2436 2438/2438/2438 2437/2437/2437
f 2437/2437/2437 2438/2438/2438 2439/2439/2439
f 2438/2438/2438 2440/2440/2440 2439/2439/2439
f 2439/2439/2439 2440/2440/2440 2441/2441/2441
f 2442/2442/2442 2443/2443/2443 2444/2444/2444
f 2443/2443/2443 2445/2445/2445 2444/2444/2444
f 2444/2444/2444 2445/2445/2445 2446/2446/2446
f 2445/2445/2445 2447/2447/2447 2446/2446/2446
f 2446/2446/2446 2447/2447/2447 2448/2448/2448
f 2449/2449/2449 2450/2450/2450 2451/2451/2451
f 2450/2450/2450 2452/2452/2452 2451/2451/2451
f 2451/2451/2451 2452/2452/2452 2453/2453/2453
f 2454/2454/2454 2455/2455/2455 2456/2456/2456
f 2455/2455/2455 2457/2457/2457 2456/2456/2456
f 2456/2456/2456 2457/2457/2457 2458/2458/2458
f 2457/2457/2457 2459/2459/2459 2458/2458/2458
f 2458/2458/2458 2459/2459/2459 2460/2460/2460
f 2459/2459/2459 2461/2461/2461 2460/2460/2460
f 2460/2460/2460 2461/2461/2461 2462/2462/2462
f 2461/2461/2461 2463/2463/2463 2462/2462/2462
f 2462/2462/2462 2463/2463/2463 2464/2464/2464
f 2463/2463/2463 2465/2465/2465 2464/2464/2464
f 2464/2464/2464 2465/2465/2465 2466/2466/2466
f 2465/2465/2465 2467/2467/2467 2466/2466/2466
f 2466/2466/2466 2467/2467/2467 2468/2468/2468
f 2467/2467/2467 2469/2469/2469 2468/2468/2468
f 2470/2470/2470 2471/2471/2471 2472/2472/2472
f 2471/2471/2471 2473/2473/2473 2472/2472/2472
f 2472/2472/2472 2473/2473/2473 2474/2474/2474
f 2473/2473/2473 2475/2475/2475 2474/2474/2474
f 2474/2474/2474 2475/2475/2475 2476/2476/2476
f 2475/2475/2475 2477/2477/2477 2476/2476/2476
f 2476/2476/2476 2477/2477/2477 2478/2478/2478
f 2479/2479/2479 2480/2480/2480 2481/2481/2481
f 2480/2480/2480 2482/2482/2482 2481/2481/2481
f 2483/2483/2483 2484/2484/2484 2485/2485/2485
f 2484/2484/2484 2486/2486/2486 2485/2485/2485
f 2485/2485/2485 2486/2486/2486 2487/2487/2487
f 2488/2488/2488 2489/2489/2489 2490/2490/2490
f 2489/2489/2489 2491/2491/2491 2490/2490/2490
f 2490/2490/2490 2491/2491/2491 2492/2492/2492
f 2493/2493/2493 2494/2494/2494 2495/2495/2495
f 2494/2494/2494 2496/2496/2496 2495/2495/2495
f 2495/2495/2495 2496/2496/2496 2497/2497/2497
f 2498/2498/2498 2499/2499/2499 2500/2500/2500
f 2499/2499/2499 2501/2501/2501 2500/2500/2500
f 2500/2500/2500 2501/2501/2501 2502/2502/2502
f 2503/2503/2503 2504/2504/2504 2505/2505/2505
f 2504/2504/2504 2506/2506/2506 2505/2505/2505
f 2505/2505/2505 2506/2506/2506 2507/2507/2507
f 2506/2506/2506 2508/2508/2508 2507/2507/2507
f 2509/2509/2509 2510/2510/2510 2511/2511/2511
f 2510/2510/2510 2512/2512/2512 2511/2511/2511
f 2511/2511/2511 2512/2512/2512 2513/2513/2513
f 2512/2512/2512 2514/2514/2514 2513/2513/2513
f 2513/2513/2513 2514/2514/2514 2515/2515/2515
f 2514/2514/2514 2516/2516/2516 2515/2515/2515
f 2515/2515/2515 2516/2516/2516 2517/2517/2517
f 2516/2516/2516 2518/2518/2518 2517/2517/2517
f 2517/2517/2517 2518/2518/2518 2519/2519/2519
f 2518/2518/2518 2520/2520/2520 2519/2519/2519
f 2519/2519/2519 2520/2520/2520 2521/2521/2521
f 2520/2520/2520 2522/2522/2522 2521/2521/2521
f 2521/2521/2521 2522/2522/2522 2523/2523/2523
f 2522/2522/2522 2524/2524/2524 2523/2523/2523
f 2523/2523/2523 2524/2524/2524 2525/2525/2525
f 2524/2524/2524 2526/2526/2526 2525/2525/2525
f 2525/2525/2525 2526/2526/2526 2527/2527/2527
f 2526/2526/2526 2528/2528/2528 2527/2527/2527
f 2527/2527/2527 2528/2528/2528 2529/2529/2529
f 2528/2528/2528 2530/2530/2530 2529/2529/2529
f 2529/2529/2529 2530/2530/2530 2531/2531/2531
f 2530/2530/2530 2532/2532/2532 2531/2531/2531
f 2531/2531/2531 2532/2532/2532 2533/2533/2533
f 2532/2532/2532 2534/2534/2534 2533/2533/2533
f 2535/2535/2535 2536/2536/2536 2537/2537/2537
f 2538/2538/2538 2539/2539/2539 2540/2540/2540
f 2539/2539/2539 2541/2541/2541 2540/2540/2540
f 2540/2540/2540 2541/2541/2541 2542/2542/2542
f 2541/2541/2541 2543/2543/2543 2542/2542/2542
f 2544/2544/2544 2545/2545/2545 2546/2546/2546
f 2545/2545/2545 2547/2547/2547 2546/2546/2546
f 2546/2546/2546 2547/2547/2547 2548/2548/2548
f 2549/2549/2549 2550/2550/2550 2551/2551/2551
f 2550/2550/2550 2552/2552/2552 2551/2551/2551
f 2551/2551/2551 2552/2552/2552 2553/2553/2553
f 2554/2554/2554 2555/2555/2555 2556/2556/2556
f 2555/2555/2555 2557/2557/2557 2556/2556/2556
f 2556/2556/2556 2557/2557/2557 2558/2558/2558
f 2559/2559/2559 2560/2560/2560 2561/2561/2561
f 2560/2560/2560 2562/2562/2562 2561/2561/2561
f 2561/2561/2561 2562/2562/2562 2563/2563/2563
f 2564/2564/2564 2565/2565/2565 2566/2566/2566
f 2565/2565/2565 2567/2567/2567 2566/2566/2566
f 2566/2566/2566 2567/2567/2567 2568/2568/2568
f 2569/2569/2569 2570/2570/2570 2571/2571/2571
f 2570/2570/2570 2572/2572/2572 2571/2571/2571
f 2571/2571/2571 2572/2572/2572 2573/2573/2573
f 2574/2574/2574 2575/2575/2575 2576/2576/2576
f 2575/2575/2575 2577/2577/2577 2576/2576/2576
f 2576/2576/2576 2577/2577/2577 2578/2578/2578
f 2579/2579/2579 2580/2580/2580 2581/2581/2581
f 2580/2580/2580 2582/2582/2582 2581/2581/2581
f 2581/2581/2581 2582/2582/2582 2583/2583/2583
f 2584/2584/2584 2585/2585/2585 2586/2586/2586
f 2585/2585/2585 2587/2587/2587 2586/2586/2586
f 2586/2586/2586 2587/2587/2587 2588/2588/2588
f 2587/2587/2587 2589/2589/2589 2588/2588/2588
f 2588/2588/2588 2589/2589/2589 2590/2590/2590
f 2589/2589/2589 2591/2591/2591 2590/2590/2590
f 2590/2590/2590 2591/2591/2591 2592/2592/2592
f 2591/2591/2591 2593/2593/2593 2592/2592/2592
f 2592/2592/2592 2593/2593/2593 2594/2594/2594
f 2593/2593/2593 2595/2595/2595 2594/2594/2594
f 2594/2594/2594 2595/2595/2595 2596/2596/2596
f 2595/2595/2595 2597/2597/2597 2596/2596/2596
f 2596/2596/2596 2597/2597/2597 2598/2598/2598
f 2599/2599/2599 2600/2600/2600 2601/2601/2601
f 2600/2600/2600 2602/2602/2602 2601/2601/2601
f 2601/2601/2601 2602/2602/2602 2603/2603/2603
f 2602/2602/2602 2604/2604/2604 2603/2603/2603
f 2603/2603/2603 2604/2604/2604 2605/2605/2605
f 2604/2604/2604 2606/2606/2606 2605/2605/2605
f 2605/2605/2605 2606/2606/2606 2607/2607/2607
f 2606/2606/2606 2608/2608/2608 2607/2607/2607
f 2607/2607/2607 2608/2608/2608 2609/2609/2609
f 2608/2608/2608 2610/2610/2610 2609/2609/2609
f 2609/2609/2609 2610/2610/2610 2611/2611/2611
f 2610/2610/2610 2612/2612/2612 2611/2611/2611
f 2613/2613/2613 2614/2614/2614 2615/2615/2615
f 2614/2614/2614 2616/2616/2616 2615/2615/2615
f 2615/2615/2615 2616/2616/2616 2617/2617/2617
f 2616/2616/2616 2618/2618/2618 2617/2617/2617
f 2619/2619/2619 2620/2620/2620 2621/2621/2621
f 2620/2620/2620 2622/2622/2622 2621/2621/2621
f 2621/2621/2621 2622/2622/2622 2623/2623/2623
f 2624/2624/2624 2625/2625/2625 2626/2626/2626
f 2625/2625/2625 2627/2627/2627 2626/2626/2626
f 2626/2626/2626 2627/2627/2627 2628/2628/2628
f 2629/2629/2629 2630/2630/2630 2631/2631/2631
f 2630/2630/2630 2632/2632/2632 2631/2631/2631
f 2631/2631/2631 2632/2632/2632 2633/2633/2633
f 2632/2632/2632 2634/2634/2634 2633/2633/2633
f 2633/2633/2633 2634/2634/2634 2635/2635/2635
f 2634/2634/2634 2636/2636/2636 2635/2635/2635
f 2635/2635/2635 2636/2636/2636 2637/2637/2637
f 2636/2636/2636 2638/2638/2638 2637/2637/2637
f 2637/2637/2637 2638/2638/2638 2639/2639/2639
f 2638/2638/2638 2640/2640/2640 2639/2639/2639
f 2639/2639/2639 2640/2640/2640 2641/2641/2641
f 2640/2640/2640 2642/2642/2642 2641/2641/2641
f 2641/2641/2641 2642/2642/2642 2643/2643/2643
f 2642/2642/2642 2644/2644/2644 2643/2643/2643
f 2643/2643/2643 2644/2644/2644 2645/2645/2645
f 2644/2644/2644 2646/2646/2646 2645/2645/2645
f 2645/2645/2645 2646/2646/2646 2647/2647/2647
f 2648/2648/2648 2649/2649/2649 2650/2650/2650
f 2651/2651/2651 2652/2652/2652 2653/2653/2653
f 2652/2652/2652 2654/2654/2654 2653/2653/2653
f 2653/2653/2653 2654/2654/2654 2655/2655/2655
f 2654/2654/2654 2656/2656/2656 2655/2655/2655
f 2657/2657/2657 2658/2658/2658 2659/2659/2659
f 2658/2658/2658 2660/2660/2660 2659/2659/2659
f 2659/2659/2659 2660/2660/2660 2661/2661/2661
f 2662/2662/2662 2663/2663/2663 2664/2664/2664
f 2663/2663/2663 2665/2665/2665 2664/2664/2664
f 2664/2664/2664 2665/2665/2665 2666/2666/2666
f 2667/2667/2667 2668/2668/2668 2669/2669/2669
f 2668/2668/2668 2670/2670/2670 2669/2669/2669
f 2669/2669/2669 2670/2670/2670 2671/2671/2671
f 2672/2672/2672 2673/2673/2673 2674/2674/2674
f 2673/2673/2673 2675/2675/2675 2674/2674/2674
f 2674/2674/2674 2675/2675/2675 2676/2676/2676
f 2677/2677/2677 2678/2678/2678 2679/2679/2679
f 2678/2678/2678 2680/2680/2680 2679/2679/2679
f 2679/2679/2679 2680/2680/2680 2681/2681/2681
f 2682/2682/2682 2683/2683/2683 2684/2684/2684
f 2683/2683/2683 2685/2685/2685 2684/2684/2684
f 2684/2684/2684 2685/2685/2685 2686/2686/2686
f 2687/2687/2687 2688/2688/2688 2689/2689/2689
f 2688/2688/2688 2690/2690/2690 2689/2689/2689
f 2689/2689/2689 2690/2690/2690 2691/2691/2691
f 2690/2690/2690 2692/2692/2692 2691/2691/2691
f 2691/2691/2691 2692/2692/2692 2693/2693/2693
f 2692/2692/2692 2694/2694/2694 2693/2693/2693
f 2693/2693/2693 2694/2694/2694 2695/2695/2695
f 2694/2694/2694 2696/2696/2696 2695/2695/2695
f 2695/2695/2695 2696/2696/2696 2697/2697/2697
f 2696/2696/2696 2698/2698/2698 2697/2697/2697
f 2697/2697/2697 2698/2698/2698 2699/2699/2699
f 2700/2700/2700 2701/2701/2701 2702/2702/2702
f 2701/2701/2701 2703/2703/2703 2702/2702/2702
f 2702/2702/2702 2703/2703/2703 2704/2704/2704
f 2703/2703/2703 2705/2705/2705 2704/2704/2704
f 2704/2704/2704 2705/2705/2705 2706/2706/2706
f 2705/2705/2705 2707/2707/2707 2706/2706/2706
f 2706/2706/2706 2707/2707/2707 2708/2708/2708
f 2707/2707/2707 2709/2709/2709 2708/2708/2708
f 2708/2708/2708 2709/2709/2709 2710/2710/2710
f 2709/2709/2709 2711/2711/2711 2710/2710/2710
f 2712/2712/2712 2713/2713/2713 2714/2714/2714
f 2713/2713/2713 2715/2715/2715 2714/2714/2714
f 2714/2714/2714 2715/2715/2715 2716/2716/2716
f 2717/2717/2717 2718/2718/2718 2719/2719/2719
f 2718/2718/2718 2720/2720/2720 2719/2719/2719
f 2719/2719/2719 2720/2720/2720 2721/2721/2721
f 2720/2720/2720 2722/2722/2722 2721/2721/2721
f 2721/2721/2721 2722/2722/2722 2723/2723/2723
f 2724/2724/2724 2725/2725/2725 2726/2726/2726
f 2725/2725/2725 2727/2727/2727 2726/2726/2726
f 2726/2726/2726 2727/2727/2727 2728/2728/2728
f 2727/2727/2727 2729/2729/2729 2728/2728/2728
f 2728/2728/2728 2729/2729/2729 2730/2730/2730
f 2731/2731/2731 2732/2732/2732 2733/2733/2733
f 2732/2732/2732 2734/2734/2734 2733/2733/2733
f 2733/2733/2733 2734/2734/2734 2735/2735/2735
f 2736/2736/2736 2737/2737/2737 2738/2738/2738
f 2737/2737/2737 2739/2739/2739 2738/2738/2738
f 2738/2738/2738 2739/2739/2739 2740/2740/2740
f 2739/2739/2739 2741/2741/2741 2740/2740/2740
f 2740/2740/2740 2741/2741/2741 2742/2742/2742
f 2741/2741/2741 2743/2743/2743 2742/2742/2742
f 2742/2742/2742 2743/2743/2743 2744/2744/2744
f 2743/2743/2743 2745/2745/2745 2744/2744/2744
f 2744/2744/2744 2745/2745/2745 2746/2746/2746
f 2745/2745/2745 2747/2747/2747 2746/2746/2746
f 2746/2746/2746 2747/2747/2747 2748/2748/2748
f 2747/2747/2747 2749/2749/2749 2748/2748/2748
f 2748/2748/2748 2749/2749/2749 2750/2750/2750
f 2749/2749/2749 2751/2751/2751 2750/2750/2750
f 2752/2752/2752 2753/2753/2753 2754/2754/2754
f 2753/2753/2753 2755/2755/2755 2754/2754/2754
f 2754/2754/2754 2755/2755/2755 2756/2756/2756
f 2755/2755/2755 2757/2757/2757 2756/2756/2756
f 2756/2756/2756 2757/2757/2757 2758/2758/2758
f 2757/2757/2757 2759/2759/2759 2758/2758/2758
f 2758/2758/2758 2759/2759/2759 2760/2760/2760
f 2761/2761/2761 2762/2762/2762 2763/2763/2763
f 2762/2762/2762 2764/2764/2764 2763/2763/2763
f 2763/2763/2763 2764/2764/2764 2765/2765/2765
f 2764/2764/2764 2766/2766/2766 2765/2765/2765
f 2765/2765/2765 2766/2766/2766 2767/2767/2767
f 2766/2766/2766 2768/2768/2768 2767/2767/2767
f 2767/2767/2767 2768/2768/2768 2769/2769/2769
f 2768/2768/2768 2770/2770/2770 2769/2769/2769
f 2769/2769/2769 2770/2770/2770 2771/2771/2771
f 2770/2770/2770 2772/2772/2772 2771/2771/2771
f 2771/2771/2771 2772/2772/2772 2773/2773/2773
f 2772/2772/2772 2774/2774/2774 2773/2773/2773
f 2773/2773/2773 2774/2774/2774 2775/2775/2775
f 2774/2774/2774 2776/2776/2776 2775/2775/2775
f 2775/2775/2775 2776/2776/2776 2777/2777/2777
f 2776/2776/2776 2778/2778/2778 2777/2777/2777
f 2777/2777/2777 2778/2778/2778 2779/2779/2779
f 2778/2778/2778 2780/2780/2780 2779/2779/2779
f 2779/2779/2779 2780/2780/2780 2781/2781/2781
f 2780/2780/2780 2782/2782/2782 2781/2781/2781
f 2781/2781/2781 2782/2782/2782 2783/2783/2783
f 2782/2782/2782 2784/2784/2784 2783/2783/2783
f 2783/2783/2783 2784/2784/2784 2785/2785/2785
f 2784/2784/2784 2786/2786/2786 2785/2785/2785
f 2787/2787/2787 2788/2788/2788 2789/2789/2789
f 2788/2788/2788 2790/2790/2790 2789/2789/2789
f 2789/2789/2789 2790/2790/2790 2791/2791/2791
f 2790/2790/2790 2792/2792/2792 2791/2791/2791
f 2791/2791/2791 2792/2792/2792 2793/2793/2793
f 2792/2792/2792 2794/2794/2794 2793/2793/2793
f 2793/2793/2793 2794/2794/2794 2795/2795/2795
f 2794/2794/2794 2796/2796/2796 2795/2795/2795
f 2795/2795/2795 2796/2796/2796 2797/2797/2797
f 2796/2796/2796 2798/2798/2798 2797/2797/2797
f 2797/2797/2797 2798/2798/2798 2799/2799/2799
f 2798/2798/2798 2800/2800/2800 2799/2799/2799
f 2799/2799/2799 2800/2800/2800 2801/2801/2801
f 2800/2800/2800 2802/2802/2802 2801/2801/2801
f 2801/2801/2801 2802/2802/2802 2803/2803/2803
f 2802/2802/2802 2804/2804/2804 2803/2803/2803
f 2803/2803/2803 2804/2804/2804 2805/2805/2805
f 2804/2804/2804 2806/2806/2806 2805/2805/2805
f 2805/2805/2805 2806/2806/2806 2807/2807/2807
f 2806/2806/2806 2808/2808/2808 2807/2807/2807
f 2807/2807/2807 2808/2808/2808 2809/2809/2809
f 2808/2808/2808 2810/2810/2810 2809/2809/2809
f 2809/2809/2809 2810/2810/2810 2811/2811/2811
f 2810/2810/2810 2812/2812/2812 2811/2811/2811
f 2813/2813/2813 2814/2814/2814 2815/2815/2815
f 2816/2816/2816 2817/2817/2817 2818/2818/2818
f 2817/2817/2817 2819/2819/2819 2818/2818/2818
f 2818/2818/2818 2819/2819/2819 2820/2820/2820
f 2819/2819/2819 2821/2821/2821 2820/2820/2820
f 2822/2822/2822 2823/2823/2823 2824/2824/2824
f 2823/2823/2823 2825/2825/2825 2824/2824/2824
f 2824/2824/2824 2825/2825/2825 2826/2826/2826
f 2827/2827/2827 2828/2828/2828 2829/2829/2829
f 2828/2828/2828 2830/2830/2830 2829/2829/2829
f 2829/2829/2829 2830/2830/2830 2831/2831/2831
f 2832/2832/2832 2833/2833/2833 2834/2834/2834
f 2833/2833/2833 2835/2835/2835 2834/2834/2834
f 2834/2834/2834 2835/2835/2835 2836/2836/2836
f 2837/2837/2837 2838/2838/2838 2839/2839/2839
f 2838/2838/2838 2840/2840/2840 2839/2839/2839
f 2839/2839/2839 2840/2840/2840 2841/2841/2841
f 2842/2842/2842 2843/2843/2843 2844/2844/2844
f 2843/2843/2843 2845/2845/2845 2844/2844/2844
f 2844/2844/2844 2845/2845/2845 2846/2846/2846
f 2847/2847/2847 2848/2848/2848 2849/2849/2849
f 2848/2848/2848 2850/2850/2850 2849/2849/2849
f 2849/2849/2849 2850/2850/2850 2851/2851/2851
f 2852/2852/2852 2853/2853/2853 2854/2854/2854
f 2853/2853/2853 2855/2855/2855 2854/2854/2854
f 2854/2854/2854 2855/2855/2855 2856/2856/2856
f 2855/2855/2855 2857/2857/2857 2856/2856/2856
f 2856/2856/2856 2857/2857/2857 2858/2858/2858
f 2857/2857/2857 2859/2859/2859 2858/2858/2858
f 2858/2858/2858 2859/2859/2859 2860/2860/2860
f 2859/2859/2859 2861/2861/2861 2860/2860/2860
f 2860/2860/2860 2861/2861/2861 2862/2862/2862
f 2861/2861/2861 2863/2863/2863 2862/2862/2862
f 2862/2862/2862 2863/2863/2863 2864/2864/2864
f 2865/2865/2865 2866/2866/2866 2867/2867/2867
f 2866/2866/2866 2868/2868/2868 2867/2867/2867
f 2867/2867/2867 2868/2868/2868 2869/2869/2869
f 2868/2868/2868 2870/2870/2870 2869/2869/2869
f 2869/2869/2869 2870/2870/2870 2871/2871/2871
f 2870/2870/2870 2872/2872/2872 2871/2871/2871
f 2871/2871/2871 2872/2872/2872 2873/2873/2873
f 2872/2872/2872 2874/2874/2874 2873/2873/2873
f 2873/2873/2873 2874/2874/2874 2875/2875/2875
f 2874/2874/2874 2876/2876/2876 2875/2875/2875
f 2877/2877/2877 2878/2878/2878 2879/2879/2879
f 2878/2878/2878 2880/2880/2880 2879/2879/2879
f 2879/2879/2879 2880/2880/2880 2881/2881/2881
f 2882/2882/2882 2883/2883/2883 2884/2884/2884
f 2883/2883/2883 2885/2885/2885 2884/2884/2884
f 2884/2884/2884 2885/2885/2885 2886/2886/2886
f 2885/2885/2885 2887/2887/2887 2886/2886/2886
f 2886/2886/2886 2887/2887/2887 2888/2888/2888
f 2889/2889/2889 2890/2890/2890 2891/2891/2891
f 2890/2890/2890 2892/2892/2892 2891/2891/2891
f 2891/2891/2891 2892/2892/2892 2893/2893/2893
f 2892/2892/2892 2894/2894/2894 2893/2893/2893
f 2893/2893/2893 2894/2894/2894 2895/2895/2895
f 2896/2896/2896 2897/2897/2897 2898/2898/2898
f 2897/2897/2897 2899/2899/2899 2898/2898/2898
f 2898/2898/2898 2899/2899/2899 2900/2900/2900
f 2901/2901/2901 2902/2902/2902 2903/2903/2903
f 2902/2902/2902 2904/2904/2904 2903/2903/2903
f 2903/2903/2903 2904/2904/2904 2905/2905/2905
f 2904/2904/2904 2906/2906/2906 2905/2905/2905
f 2905/2905/2905 2906/2906/2906 2907/2907/2907
f 2906/2906/2906 2908/2908/2908 2907/2907/2907
f 2907/2907/2907 2908/2908/2908 2909/2909/2909
f 2908/2908/2908 2910/2910/2910 2909/2909/2909
f 2909/2909/2909 2910/2910/2910 2911/2911/2911
f 2910/2910/2910 2912/2912/2912 2911/2911/2911
f 2911/2911/2911 2912/2912/2912 2913/2913/2913
f 2912/2912/2912 2914/2914/2914 2913/2913/2913
f 2913/2913/2913 2914/2914/2914 2915/2915/2915
f 2914/2914/2914 2916/2916/2916 2915/2915/2915
f 2917/2917/2917 2918/2918/2918 2919/2919/2919
f 2918/2918/2918 2920/2920/2920 2919/2919/2919
f 2919/2919/2919 2920/2920/2920 2921/2921/2921
f 2920/2920/2920 2922/2922/2922 2921/2921/2921
f 2921/2921/2921 2922/2922/2922 2923/2923/2923
f 2922/2922/2922 2924/2924/2924 2923/2923/2923
f 2923/2923/2923 2924/2924/2924 2925/2925/2925
f 2926/2926/2926 2927/2927/2927 2928/2928/2928
f 2929/2929/2929 2930/2930/2930 2931/2931/2931
f 2930/2930/2930 2932/2932/2932 2931/2931/2931
f 2931/2931/2931 2932/2932/2932 2933/2933/2933
f 2932/2932/2932 2934/2934/2934 2933/2933/2933
f 2935/2935/2935 2936/2936/2936 2937/2937/2937
f 2936/2936/2936 2938/2938/2938 2937/2937/2937
f 2937/2937/2937 2938/2938/2938 2939/2939/2939
f 2940/2940/2940 2941/2941/2941 2942/2942/2942
f 2941/2941/2941 2943/2943/2943 2942/2942/2942
f 2942/2942/2942 2943/2943/2943 2944/2944/2944
f 2945/2945/2945 2946/2946/2946 2947/2947/2947
f 2946/2946/2946 2948/2948/2948 2947/2947/2947
f 2947/2947/2947 2948/2948/2948 2949/2949/2949
f 2950/2950/2950 2951/2951/2951 2952/2952/2952
f 2951/2951/2951 2953/2953/2953 2952/2952/2952
f 2952/2952/2952 2953/2953/2953 2954/2954/2954
f 2955/2955/2955 2956/2956/2956 2957/2957/2957
f 2956/2956/2956 2958/2958/2958 2957/2957/2957
f 2957/2957/2957 2958/2958/2958 2959/2959/2959
f 2960/2960/2960 2961/2961/2961 2962/2962/2962
f 2961/2961/2961 2963/2963/2963 2962/2962/2962
f 2962/2962/2962 2963/2963/2963 2964/2964/2964
f 2965/2965/2965 2966/2966/2966 2967/2967/2967
f 2966/2966/2966 2968/2968/2968 2967/2967/2967
f 2967/2967/2967 2968/2968/2968 2969/2969/2969
f 2968/2968/2968 2970/2970/2970 2969/2969/2969
f 2969/2969/2969 2970/2970/2970 2971/2971/2971
f 2970/2970/2970 2972/2972/2972 2971/2971/2971
f 2971/2971/2971 2972/2972/2972 2973/2973/2973
f 2972/2972/2972 2974/2974/2974 2973/2973/2973
f 2973/2973/2973 2974/2974/2974 2975/2975/2975
f 2974/2974/2974 2976/2976/2976 2975/2975/2975
f 2975/2975/2975 2976/2976/2976 2977/2977/2977
f 2978/2978/2978 2979/2979/2979 2980/2980/2980
f 2979/2979/2979 2981/2981/2981 2980/2980/2980
f 2980/2980/2980 2981/2981/2981 2982/2982/2982
f 2981/2981/2981 2983/2983/2983 2982/2982/2982
f 2982/2982/2982 2983/2983/2983 2984/2984/2984
f 2983/2983/2983 2985/2985/2985 2984/2984/2984
f 2984/2984/2984 2985/2985/2985 2986/2986/2986
f 2985/2985/2985 2987/2987/2987 2986/2986/2986
f 2986/2986/2986 2987/2987/2987 2988/2988/2988
f 2987/2987/2987 2989/2989/2989 2988/2988/2988
f 2990/2990/2990 2991/2991/2991 2992/2992/2992
f 2991/2991/2991 2993/2993/2993 2992/2992/2992
f 2992/2992/2992 2993/2993/2993 2994/2994/2994
f 2995/2995/2995 2996/2996/2996 2997/2997/2997
f 2996/2996/2996 2998/2998/2998 2997/2997/2997
f 2997/2997/2997 2998/2998/2998 2999/2999/2999
f 2998/2998/2998 3000/3000/3000 2999/2999/2999
f 2999/2999/2999 3000/3000/3000 3001/3001/3001
f 3002/3002/3002 3003/3003/3003 3004/3004/3004
f 3003/3003/3003 3005/3005/3005 3004/3004/3004
f 3004/3004/3004 3005/3005/3005 3006/3006/3006
f 3005/3005/3005 3007/3007/3007 3006/3006/3006
f 3006/3006/3006 3007/3007/3007 3008/3008/3008
f 3009/3009/3009 3010/3010/3010 3011/3011/3011
f 3010/3010/3010 3012/3012/3012 3011/3011/3011
f 3011/3011/3011 3012/3012/3012 3013/3013/3013
f 3014/3014/3014 3015/3015/3015 3016/3016/3016
f 3015/3015/3015 3017/3017/3017 3016/3016/3016
f 3016/3016/3016 3017/3017/3017 3018/3018/3018
f 3017/3017/3017 3019/3019/3019 3018/3018/3018
f 3018/3018/3018 3019/3019/3019 3020/3020/3020
f 3019/3019/3019 3021/3021/3021 3020/3020/3020
f 3020/3020/3020 3021/3021/3021 3022/3022/3022
f 3021/3021/3021 3023/3023/3023 3022/3022/3022
f 3022/3022/3022 3023/3023/3023 3024/3024/3024
f 3023/3023/3023 3025/3025/3025 3024/3024/3024
f 3024/3024/3024 3025/3025/3025 3026/3026/3026
f 3025/3025/3025 3027/3027/3027 3026/3026/3026
f 3026/3026/3026 3027/3027/3027 3028/3028/3028
f 3027/3027/3027 3029/3029/3029 3028/3028/3028
f 3030/3030/3030 3031/3031/3031 3032/3032/3032
f 3031/3031/3031 3033/3033/3033 3032/3032/3032
f 3032/3032/3032 3033/3033/3033 3034/3034/3034
f 3033/3033/3033 3035/3035/3035 3034/3034/3034
f 3034/3034/3034 3035/3035/3035 3036/3036/3036
f 3035/3035/3035 3037/3037/3037 3036/3036/3036
f 3036/3036/3036 3037/3037/3037 3038/3038/3038
f 3039/3039/3039 3040/3040/3040 3041/3041/3041
f 3040/3040/3040 3042/3042/3042 3041/3041/3041
f 3041/3041/3041 3042/3042/3042 3043/3043/3043
f 3042/3042/3042 3044/3044/3044 3043/3043/3043
f 3043/3043/3043 3044/3044/3044 3045/3045/3045
f 3044/3044/3044 3046/3046/3046 3045/3045/3045
f 3045/3045/3045 3046/3046/3046 3047/3047/3047
f 3046/3046/3046 3048/3048/3048 3047/3047/3047
f 3047/3047/3047 3048/3048/3048 3049/3049/3049
f 3048/3048/3048 3050/3050/3050 3049/3049/3049
f 3049/3049/3049 3050/3050/3050 3051/3051/3051
f 3050/3050/3050 3052/3052/3052 3051/3051/3051
f 3051/3051/3051 3052/3052/3052 3053/3053/3053
f 3052/3052/3052 3054/3054/3054 3053/3053/3053
f 3053/3053/3053 3054/3054/3054 3055/3055/3055
f 3054/3054/3054 3056/3056/3056 3055/3055/3055
f 3055/3055/3055 3056/3056/3056 3057/3057/3057
f 3056/3056/3056 3058/3058/3058 3057/3057/3057
f 3057/3057/3057 3058/3058/3058 3059/3059/3059
f 3058/3058/3058 3060/3060/3060 3059/3059/3059
f 3059/3059/3059 3060/3060/3060 3061/3061/3061
f 3060/3060/3060 3062/3062/3062 3061/3061/3061
f 3061/3061/3061 3062/3062/3062 3063/3063/3063
f 3062/3062/3062 3064/3064/3064 3063/3063/3063
f 3065/3065/3065 3066/3066/3066 3067/3067/3067
f 3066/3066/3066 3068/3068/3068 3067/3067/3067
f 3069/3069/3069 3070/3070/3070 3071/3071/3071
f 3070/3070/3070 3072/3072/3072 3071/3071/3071
f 3071/3071/3071 3072/3072/3072 3073/3073/3073
f 3074/3074/3074 3075/3075/3075 3076/3076/3076
f 3075/3075/3075 3077/3077/3077 3076/3076/3076
f 3076/3076/3076 3077/3077/3077 3078/3078/3078
f 3079/3079/3079 3080/3080/3080 3081/3081/3081
f 3080/3080/3080 3082/3082/3082 3081/3081/3081
f 3081/3081/3081 3082/3082/3082 3083/3083/3083
f 3084/3084/3084 3085/3085/3085 3086/3086/3086
f 3085/3085/3085 3087/3087/3087 3086/3086/3086
f 3086/3086/3086 3087/3087/3087 3088/3088/3088
f 3089/3089/3089 3090/3090/3090 3091/3091/3091
f 3090/3090/3090 3092/3092/3092 3091/3091/3091
f 3091/3091/3091 3092/3092/3092 3093/3093/3093
f 3092/3092/3092 3094/3094/3094 3093/3093/3093
f 3095/3095/3095 3096/3096/3096 3097/3097/3097
f 3098/3098/3098 3099/3099/3099 3100/3100/3100
f 3099/3099/3099 3101/3101/3101 3100/3100/3100
f 3100/3100/3100 3101/3101/3101 3102/3102/3102
f 3101/3101/3101 3103/3103/3103 3102/3102/3102
f 3104/3104/3104 3105/3105/3105 3106/3106/3106
f 3105/3105/3105 3107/3107/3107 3106/3106/3106
f 3106/3106/3106 3107/3107/3107 3108/3108/3108
f 3109/3109/3109 3110/3110/3110 3111/3111/3111
f 3110/3110/3110 3112/3112/3112 3111/3111/3111
f 3111/3111/3111 3112/3112/3112 3113/3113/3113
f 3114/3114/3114 3115/3115/3115 3116/3116/3116
f 3115/3115/3115 3117/3117/3117 3116/3116/3116
f 3116/3116/3116 3117/3117/3117 3118/3118/3118
f 3119/3119/3119 3120/3120/3120 3121/3121/3121
f 3120/3120/3120 3122/3122/3122 3121/3121/3121
f 3121/3121/3121 3122/3122/3122 3123/3123/3123
f 3124/3124/3124 3125/3125/3125 3126/3126/3126
f 3125/3125/3125 3127/3127/3127 3126/3126/3126
f 3126/3126/3126 3127/3127/3127 3128/3128/3128
f 3129/3129/3129 3130/3130/3130 3131/3131/3131
f 3130/3130/3130 3132/3132/3132 3131/3131/3131
f 3131/3131/3131 3132/3132/3132 3133/3133/3133
f 3134/3134/3134 3135/3135/3135 3136/3136/3136
f 3135/3135/3135 3137/3137/3137 3136/3136/3136
f 3136/3136/3136 3137/3137/3137 3138/3138/3138
f 3139/3139/3139 3140/3140/3140 3141/3141/3141
f 3140/3140/3140 3142/3142/3142 3141/3141/3141
f 3141/3141/3141 3142/3142/3142 3143/3143/3143
f 3144/3144/3144 3145/3145/3145 3146/3146/3146
f 3145/3145/3145 3147/3147/3147 3146/3146/3146
f 3146/3146/3146 3147/3147/3147 3148/3148/3148
f 3147/3147/3147 3149/3149/3149 3148/3148/3148
f 3148/3148/3148 3149/3149/3149 3150/3150/3150
f 3149/3149/3149 3151/3151/3151 3150/3150/3150
f 3150/3150/3150 3151/3151/3151 3152/3152/3152
f 3151/3151/3151 3153/3153/3153 3152/3152/3152
f 3152/3152/3152 3153/3153/3153 3154/3154/3154
f 3153/3153/3153 3155/3155/3155 3154/3154/3154
f 3154/3154/3154 3155/3155/3155 3156/3156/3156
f 3155/3155/3155 3157/3157/3157 3156/3156/3156
f 3156/3156/3156 3157/3157/3157 3158/3158/3158
f 3159/3159/3159 3160/3160/3160 3161/3161/3161
f 3160/3160/3160 3162/3162/3162 3161/3161/3161
f 3161/3161/3161 3162/3162/3162 3163/3163/3163
f 3162/3162/3162 3164/3164/3164 3163/3163/3163
f 3163/3163/3163 3164/3164/3164 3165/3165/3165
f 3164/3164/3164 3166/3166/3166 3165/3165/3165
f 3165/3165/3165 3166/3166/3166 3167/3167/3167
f 3166/3166/3166 3168/3168/3168 3167/3167/3167
f 3167/3167/3167 3168/3168/3168 3169/3169/3169
f 3168/3168/3168 3170/3170/3170 3169/3169/3169
f 3169/3169/3169 3170/3170/3170 3171/3171/3171
f 3170/3170/3170 3172/3172/3172 3171/3171/3171
f 3173/3173/3173 3174/3174/3174 3175/3175/3175
f 3174/3174/3174 3176/3176/3176 3175/3175/3175
f 3175/3175/3175 3176/3176/3176 3177/3177/3177
f 3176/3176/3176 3178/3178/3178 3177/3177/3177
f 3179/3179/3179 3180/3180/3180 3181/3181/3181
f 3180/3180/3180 3182/3182/3182 3181/3181/3181
f 3181/3181/3181 3182/3182/3182 3183/3183/3183
f 3184/3184/3184 3185/3185/3185 3186/3186/3186
f 3185/3185/3185 3187/3187/3187 3186/3186/3186
f 3186/3186/3186 3187/3187/3187 3188/3188/3188
f 3189/3189/3189 3190/3190/3190 3191/3191/3191
f 3190/3190/3190 3192/3192/3192 3191/3191/3191
f 3191/3191/3191 3192/3192/3192 3193/3193/3193
f 3192/3192/3192 3194/3194/3194 3193/3193/3193
f 3193/3193/3193 3194/3194/3194 3195/3195/3195
f 3194/3194/3194 3196/3196/3196 3195/3195/3195
f 3195/3195/3195 3196/3196/3196 3197/3197/3197
f 3196/3196/3196 3198/3198/3198 3197/3197/3197
f 3197/3197/3197 3198/3198/3198 3199/3199/3199
f 3198/3198/3198 3200/3200/3200 3199/3199/3199
f 3199/3199/3199 3200/3200/3200 3201/3201/3201
f 3200/3200/3200 3202/3202/3202 3201/3201/3201
f 3201/3201/3201 3202/3202/3202 3203/3203/3203
f 3202/3202/3202 3204/3204/3204 3203/3203/3203
f 3203/3203/3203 3204/3204/3204 3205/3205/3205
f 3204/3204/3204 3206/3206/3206 3205/3205/3205
f 3205/3205/3205 3206/3206/3206 3207/3207/3207
f 3208/3208/3208 3209/3209/3209 3210/3210/3210
f 3209/3209/3209 3211/3211/3211 3210/3210/3210
f 3210/3210/3210 3211/3211/3211 3212/3212/3212
f 3213/3213/3213 3214/3214/3214 3215/3215/3215
f 3214/3214/3214 3216/3216/3216 3215/3215/3215
f 3215/3215/3215 3216/3216/3216 3217/3217/3217
f 3218/3218/3218 3219/3219/3219 3220/3220/3220
f 3219/3219/3219 3221/3221/3221 3220/3220/3220
f 3220/3220/3220 3221/3221/3221 3222/3222/3222
f 3223/3223/3223 3224/3224/3224 3225/3225/3225
f 3224/3224/3224 3226/3226/3226 3225/3225/3225
f 3225/3225/3225 3226/3226/3226 3227/3227/3227
f 3228/3228/3228 3229/3229/3229 3230/3230/3230
f 3229/3229/3229 3231/3231/3231 3230/3230/3230
f 3230/3230/3230 3231/3231/3231 3232/3232/3232
f 3233/3233/3233 3234/3234/3234 3235/3235/3235
f 3234/3234/3234 3236/3236/3236 3235/3235/3235
f 3235/3235/3235 3236/3236/3236 3237/3237/3237
f 3238/3238/3238 3239/3239/3239 3240/3240/3240
f 3239/3239/3239 3241/3241/3241 3240/3240/3240
f 3240/3240/3240 3241/3241/3241 3242/3242/3242
f 3241/3241/3241 3243/3243/3243 3242/3242/3242
f 3242/3242/3242 3243/3243/3243 3244/3244/3244
f 3243/3243/3243 3245/3245/3245 3244/3244/3244
f 3244/3244/3244 3245/3245/3245 3246/3246/3246
f 3245/3245/3245 3247/3247/3247 3246/3246/3246
f 3246/3246/3246 3247/3247/3247 3248/3248/3248
f 3247/3247/3247 3249/3249/3249 3248/3248/3248
f 3248/3248/3248 3249/3249/3249 3250/3250/3250
f 3249/3249/3249 3251/3251/3251 3250/3250/3250
f 3250/3250/3250 3251/3251/3251 3252/3252/3252
f 3251/3251/3251 3253/3253/3253 3252/3252/3252
f 3252/3252/3252 3253/3253/3253 3254/3254/3254
f 3253/3253/3253 3255/3255/3255 3254/3254/3254
f 3254/3254/3254 3255/3255/3255 3256/3256/3256
f 3255/3255/3255 3257/3257/3257 3256/3256/3256
f 3256/3256/3256 3257/3257/3257 3258/3258/3258
f 3257/3257/3257 3259/3259/3259 3258/3258/3258
f 3258/3258/3258 3259/3259/3259 3260/3260/3260
f 3259/3259/3259 3261/3261/3261 3260/3260/3260
f 3260/3260/3260 3261/3261/3261 3262/3262/3262
f 3261/3261/3261 3263/3263/3263 3262/3262/3262
f 3264/3264/3264 3265/3265/3265 3266/3266/3266
f 3267/3267/3267 3268/3268/3268 3269/3269/3269
f 3268/3268/3268 3270/3270/3270 3269/3269/3269
f 3269/3269/3269 3270/3270/3270 3271/3271/3271
f 3270/3270/3270 3272/3272/3272 3271/3271/3271
f 3273/3273/3273 3274/3274/3274 3275/3275/3275
f 3274/3274/3274 3276/3276/3276 3275/3275/3275
f 3275/3275/3275 3276/3276/3276 3277/3277/3277
f 3278/3278/3278 3279/3279/3279 3280/3280/3280
f 3279/3279/3279 3281/3281/3281 3280/3280/3280
f 3280/3280/3280 3281/3281/3281 3282/3282/3282
f 3283/3283/3283 3284/3284/3284 3285/3285/3285
f 3284/3284/3284 3286/3286/3286 3285/3285/3285
f 3285/3285/3285 3286/3286/3286 3287/3287/3287
f 3288/3288/3288 3289/3289/3289 3290/3290/3290
f 3289/3289/3289 3291/3291/3291 3290/3290/3290
f 3290/3290/3290 3291/3291/3291 3292/3292/3292
f 3293/3293/3293 3294/3294/3294 3295/3295/3295
f 3294/3294/3294 3296/3296/3296 3295/3295/3295
f 3295/3295/3295 3296/3296/3296 3297/3297/3297
f 3298/3298/3298 3299/3299/3299 3300/3300/3300
f 3299/3299/3299 3301/3301/3301 3300/3300/3300
f 3300/3300/3300 3301/3301/3301 3302/3302/3302
f 3303/3303/3303 3304/3304/3304 3305/3305/3305
f 3304/3304/3304 3306/3306/3306 3305/3305/3305
f 3305/3305/3305 3306/3306/3306 3307/3307/3307
f 3306/3306/3306 3308/3308/3308 3307/3307/3307
f 3307/3307/3307 3308/3308/3308 3309/3309/3309
f 3308/3308/3308 3310/3310/3310 3309/3309/3309
f 3309/3309/3309 3310/3310/3310 3311/3311/3311
f 3310/3310/3310 3312/3312/3312 3311/3311/3311
f 3311/3311/3311 3312/3312/3312 3313/3313/3313
f 3312/3312/3312 3314/3314/3314 3313/3313/3313
f 3313/3313/3313 3314/3314/3314 3315/3315/3315
f 3316/3316/3316 3317/3317/3317 3318/3318/3318
f 3317/3317/3317 3319/3319/3319 3318/3318/3318
f 3318/3318/3318 3319/3319/3319 3320/3320/3320
f 3319/3319/3319 3321/3321/3321 3320/3320/3320
f 3320/3320/3320 3321/3321/3321 3322/3322/3322
f 3321/3321/3321 3323/3323/3323 3322/3322/3322
f 3322/3322/3322 3323/3323/3323 3324/3324/3324
f 3323/3323/3323 3325/3325/3325 3324/3324/3324
f 3324/3324/3324 3325/3325/3325 3326/3326/3326
f 3325/3325/3325 3327/3327/3327 3326/3326/3326
f 3328/3328/3328 3329/3329/3329 3330/3330/3330
f 3329/3329/3329 3331/3331/3331 3330/3330/3330
f 3330/3330/3330 3331/3331/3331 3332/3332/3332
f 3333/3333/3333 3334/3334/3334 3335/3335/3335
f 3334/3334/3334 3336/3336/3336 3335/3335/3335
f 3335/3335/3335 3336/3336/3336 3337/3337/3337
f 3336/3336/3336 3338/3338/3338 3337/3337/3337
f 3337/3337/3337 3338/3338/3338 3339/3339/3339
f 3340/3340/3340 3341/3341/3341 3342/3342/3342
f 3341/3341/3341 3343/3343/3343 3342/3342/3342
f 3342/3342/3342 3343/3343/3343 3344/3344/3344
f 3343/3343/3343 3345/3345/3345 3344/3344/3344
f 3344/3344/3344 3345/3345/3345 3346/3346/3346
f 3347/3347/3347 3348/3348/3348 3349/3349/3349
f 3348/3348/3348 3350/3350/3350 3349/3349/3349
f 3349/3349/3349 3350/3350/3350 3351/3351/3351
f 3352/3352/3352 3353/3353/3353 3354/3354/3354
f 3353/3353/3353 3355/3355/3355 3354/3354/3354
f 3354/3354/3354 3355/3355/3355 3356/3356/3356
f 3355/3355/3355 3357/3357/3357 3356/3356/3356
f 3356/3356/3356 3357/3357/3357 3358/3358/3358
f 3357/3357/3357 3359/3359/3359 3358/3358/3358
f 3358/3358/3358 3359/3359/3359 3360/3360/3360
f 3359/3359/3359 3361/3361/3361 3360/3360/3360
f 3360/3360/3360 3361/3361/3361 3362/3362/3362
f 3361/3361/3361 3363/3363/3363 3362/3362/3362
f 3362/3362/3362 3363/3363/3363 3364/3364/3364
f 3363/3363/3363 3365/3365/3365 3364/3364/3364
f 3364/3364/3364 3365/3365/3365 3366/3366/3366
f 3365/3365/3365 3367/3367/3367 3366/3366/3366
f 3368/3368/3368 3369/3369/3369 3370/3370/3370
f 3369/3369/3369 3371/3371/3371 3370/3370/3370
f 3370/3370/3370 3371/3371/3371 3372/3372/3372
f 3371/3371/3371 3373/3373/3373 3372/3372/3372
f 3372/3372/3372 3373/3373/3373 3374/3374/3374
f 3373/3373/3373 3375/3375/3375 3374/3374/3374
f 3374/3374/3374 3375/3375/3375 3376/3376/3376

